Nom,Fichier,Catégorie,Ingrédients,Id,Description,Préparation
Ail vapeur au thermochef,https://30minutesparjour.com/recettes-audio/fr/%E2%80%94%20AIL%20VAPEUR%20AU%20THERMOCHEF.mp3,Légumes vapeur,"gousses pelées
1 à 2 mesurettes ThermoChef d’eau
huile d’olive facultative
sel avec prudence
poivre facultatif",1,,
Artichaut gros vapeur au thermochef,https://30minutesparjour.com/recettes-audio/fr/%E2%80%94%20ARTICHAUT%20GROS%20VAPEUR%20AU%20THERMOCHEF.mp3,Légumes vapeur,"artichaut entier gros
1 à 2 mesurettes ThermoChef d’eau
huile d’olive facultative
sel avec prudence
poivre facultatif",2,,
Artichaut moyen vapeur au thermochef,https://30minutesparjour.com/recettes-audio/fr/%E2%80%94%20ARTICHAUT%20MOYEN%20VAPEUR%20AU%20THERMOCHEF.mp3,Légumes vapeur,"artichaut moyen
1 à 2 mesurettes ThermoChef d’eau
huile d’olive facultative
sel avec prudence
poivre facultatif",3,,
Asperges entieres vapeur au thermochef,https://30minutesparjour.com/recettes-audio/fr/%E2%80%94%20ASPERGES%20ENTIERES%20VAPEUR%20AU%20THERMOCHEF.mp3,Légumes vapeur,"asperges entières
1 à 2 mesurettes ThermoChef d’eau
huile d’olive facultative
sel avec prudence
poivre facultatif",4,,
Aubergine en morceaux vapeur au thermochef,https://30minutesparjour.com/recettes-audio/fr/%E2%80%94%20AUBERGINE%20EN%20MORCEAUX%20VAPEUR%20AU%20THERMOCHEF.mp3,Légumes vapeur,"aubergine en morceaux
1 à 2 mesurettes ThermoChef d’eau
huile d’olive facultative
sel avec prudence
poivre facultatif",5,,
Betteraves rouges entieres petites vapeur au thermochef,https://30minutesparjour.com/recettes-audio/fr/%E2%80%94%20BETTERAVES%20ROUGES%20ENTIERES%20PETITES%20VAPEUR%20AU%20THERMOCHEF.mp3,Légumes vapeur,"petites betteraves rouges entières
1 à 2 mesurettes ThermoChef d’eau
huile d’olive facultative
sel avec prudence
poivre facultatif",6,,
Betteraves rouges entieres vapeur au thermochef,https://30minutesparjour.com/recettes-audio/fr/%E2%80%94%20BETTERAVES%20ROUGES%20ENTIERES%20VAPEUR%20AU%20THERMOCHEF.mp3,Légumes vapeur,"betteraves rouges entières
1 à 2 mesurettes ThermoChef d’eau
huile d’olive facultative
sel avec prudence
poivre facultatif",7,,
Brocoli vapeur au thermochef,https://30minutesparjour.com/recettes-audio/fr/%E2%80%94%20BROCOLI%20VAPEUR%20AU%20THERMOCHEF.mp3,Légumes vapeur,"brocoli en bouquets
1 à 2 mesurettes ThermoChef d’eau
huile d’olive facultative
sel avec prudence
poivre facultatif",8,,
Carottes en rondelles ou en julienne vapeur au thermochef,https://30minutesparjour.com/recettes-audio/fr/%E2%80%94%20CAROTTES%20EN%20RONDELLES%20OU%20EN%20JULIENNE%20VAPEUR%20AU%20THERMOCHEF.mp3,Légumes vapeur,"carottes coupées en rondelles ou en julienne
1 à 2 mesurettes ThermoChef d’eau
huile d’olive facultative
sel avec prudence
poivre facultatif",9,,
Carottes entieres vapeur au thermochef,https://30minutesparjour.com/recettes-audio/fr/%E2%80%94%20CAROTTES%20ENTIERES%20VAPEUR%20AU%20THERMOCHEF.mp3,Légumes vapeur,"500 g de carottes entières
1 à 2 mesurettes ThermoChef d’eau
huile d’olive facultative
sel avec prudence
poivre facultatif",10,,
Celeri branche en morceaux vapeur au thermochef,https://30minutesparjour.com/recettes-audio/fr/%E2%80%94%20CELERI%20BRANCHE%20EN%20MORCEAUX%20VAPEUR%20AU%20THERMOCHEF.mp3,Légumes vapeur,"céleri branche coupé
1 à 2 mesurettes ThermoChef d’eau
huile d’olive facultative
sel avec prudence
poivre facultatif",11,,
Celeri-rave en morceaux vapeur au thermochef,https://30minutesparjour.com/recettes-audio/fr/%E2%80%94%20CELERI-RAVE%20EN%20MORCEAUX%20VAPEUR%20AU%20THERMOCHEF.mp3,Légumes vapeur,"céleri-rave en morceaux
1 à 2 mesurettes ThermoChef d’eau
huile d’olive facultative
sel avec prudence
poivre facultatif",12,,
Champignons en morceaux vapeur au thermochef,https://30minutesparjour.com/recettes-audio/fr/%E2%80%94%20CHAMPIGNONS%20EN%20MORCEAUX%20VAPEUR%20AU%20THERMOCHEF.mp3,Légumes vapeur,"champignons nettoyés
1 à 2 mesurettes ThermoChef d’eau
huile d’olive facultative
sel avec prudence
poivre facultatif",13,,
Chataignes entieres vapeur au thermochef,https://30minutesparjour.com/recettes-audio/fr/%E2%80%94%20CHATAIGNES%20ENTIERES%20VAPEUR%20AU%20THERMOCHEF.mp3,Légumes vapeur,"châtaignes
1 à 2 mesurettes ThermoChef d’eau
huile d’olive facultative
sel avec prudence
poivre facultatif",14,,
Chou rouge emince vapeur au thermochef,https://30minutesparjour.com/recettes-audio/fr/%E2%80%94%20CHOU%20ROUGE%20EMINCE%20VAPEUR%20AU%20THERMOCHEF.mp3,Légumes vapeur,"chou rouge émincé
1 à 2 mesurettes ThermoChef d’eau
huile d’olive facultative
sel avec prudence
poivre facultatif",15,,
Chou vert emince vapeur au thermochef,https://30minutesparjour.com/recettes-audio/fr/%E2%80%94%20CHOU%20VERT%20EMINCE%20VAPEUR%20AU%20THERMOCHEF.mp3,Légumes vapeur,"chou vert émincé
1 à 2 mesurettes ThermoChef d’eau
huile d’olive facultative
sel avec prudence
poivre facultatif",16,,
Choucroute vapeur au thermochef,https://30minutesparjour.com/recettes-audio/fr/%E2%80%94%20CHOUCROUTE%20VAPEUR%20AU%20THERMOCHEF.mp3,Légumes vapeur,"choucroute
1 à 2 mesurettes ThermoChef d’eau
huile d’olive facultative
sel avec prudence
poivre facultatif",17,,
Chou-fleur vapeur au thermochef,https://30minutesparjour.com/recettes-audio/fr/%E2%80%94%20CHOU-FLEUR%20VAPEUR%20AU%20THERMOCHEF.mp3,Légumes vapeur,"chou-fleur en fleurons
1 à 2 mesurettes ThermoChef d’eau
huile d’olive facultative
sel avec prudence
poivre facultatif",18,,
Choux de bruxelles vapeur au thermochef,https://30minutesparjour.com/recettes-audio/fr/%E2%80%94%20CHOUX%20DE%20BRUXELLES%20VAPEUR%20AU%20THERMOCHEF.mp3,Légumes vapeur,"choux de Bruxelles
1 à 2 mesurettes ThermoChef d’eau
huile d’olive facultative
sel avec prudence
poivre facultatif",19,,
Citrouille ou potiron vapeur au thermochef,https://30minutesparjour.com/recettes-audio/fr/%E2%80%94%20CITROUILLE%20OU%20POTIRON%20VAPEUR%20AU%20THERMOCHEF.mp3,Légumes vapeur,"citrouille ou potiron en morceaux
1 à 2 mesurettes ThermoChef d’eau
huile d’olive facultative
sel avec prudence
poivre facultatif",20,,
Cotes de blettes vapeur au thermochef.,https://30minutesparjour.com/recettes-audio/fr/%E2%80%94%20COTES%20DE%20BLETTES%20VAPEUR%20AU%20THERMOCHEF..mp3,Légumes vapeur,"tiges de blettes
1 à 2 mesurettes ThermoChef d’eau
huile d’olive facultative
sel avec prudence
poivre facultatif",21,,
Courgettes en rondelles vapeur au thermochef,https://30minutesparjour.com/recettes-audio/fr/%E2%80%94%20COURGETTES%20EN%20RONDELLES%20VAPEUR%20AU%20THERMOCHEF.mp3,Légumes vapeur,"courgettes en rondelles
1 à 2 mesurettes ThermoChef d’eau
huile d’olive facultative
sel avec prudence
poivre facultatif",22,,
Endives vapeur au thermochef,https://30minutesparjour.com/recettes-audio/fr/%E2%80%94%20ENDIVES%20VAPEUR%20AU%20THERMOCHEF.mp3,Légumes vapeur,"endives
1 à 2 mesurettes ThermoChef d’eau
huile d’olive facultative
sel avec prudence
poivre facultatif",23,,
Epinards vapeur au thermochef,https://30minutesparjour.com/recettes-audio/fr/%E2%80%94%20EPINARDS%20VAPEUR%20AU%20THERMOCHEF.mp3,Légumes vapeur,"épinards frais
1 à 2 mesurettes ThermoChef d’eau
huile d’olive facultative
sel avec prudence
poivre facultatif",24,,
Fenouil en morceaux vapeur au thermochef,https://30minutesparjour.com/recettes-audio/fr/%E2%80%94%20FENOUIL%20EN%20MORCEAUX%20VAPEUR%20AU%20THERMOCHEF.mp3,Légumes vapeur,"fenouils émincés ou en morceaux
1 à 2 mesurettes ThermoChef d’eau
huile d’olive facultative
sel avec prudence
poivre facultatif",25,,
Feuilles de betterave vapeur au thermochef,https://30minutesparjour.com/recettes-audio/fr/%E2%80%94%20FEUILLES%20DE%20BETTERAVE%20VAPEUR%20AU%20THERMOCHEF.mp3,Légumes vapeur,"feuilles de betterave
1 à 2 mesurettes ThermoChef d’eau
huile d’olive facultative
sel avec prudence
poivre facultatif",26,,
Feuilles de blettes vapeur au thermochef,https://30minutesparjour.com/recettes-audio/fr/%E2%80%94%20FEUILLES%20DE%20BLETTES%20VAPEUR%20AU%20THERMOCHEF.mp3,Légumes vapeur,"feuilles de blettes
1 à 2 mesurettes ThermoChef d’eau
huile d’olive facultative
sel avec prudence
poivre facultatif",27,,
Grosses pommes de terre vapeur au thermochef,https://30minutesparjour.com/recettes-audio/fr/%E2%80%94%20GROSSES%20POMMES%20DE%20TERRE%20VAPEUR%20AU%20THERMOCHEF.mp3,Légumes vapeur,"grosses pommes de terre
1 à 2 mesurettes ThermoChef d’eau
huile d’olive facultative
sel avec prudence
poivre facultatif",28,,
Haricots blancs frais vapeur au thermochef,https://30minutesparjour.com/recettes-audio/fr/%E2%80%94%20HARICOTS%20BLANCS%20FRAIS%20VAPEUR%20AU%20THERMOCHEF.mp3,Légumes vapeur,"haricots blancs frais
1 à 2 mesurettes ThermoChef d’eau
huile d’olive facultative
sel avec prudence
poivre facultatif",29,,
Haricots verts extra fins vapeur au thermochef,https://30minutesparjour.com/recettes-audio/fr/%E2%80%94%20HARICOTS%20VERTS%20EXTRA%20FINS%20VAPEUR%20AU%20THERMOCHEF.mp3,Légumes vapeur,"haricots verts extra fins
1 à 2 mesurettes ThermoChef d’eau
huile d’olive facultative
sel avec prudence
poivre facultatif",30,,
Haricots verts fins vapeur au thermochef,https://30minutesparjour.com/recettes-audio/fr/%E2%80%94%20HARICOTS%20VERTS%20FINS%20VAPEUR%20AU%20THERMOCHEF.mp3,Légumes vapeur,"haricots verts fins
1 à 2 mesurettes ThermoChef d’eau
huile d’olive facultative
sel avec prudence
poivre facultatif",31,,
Haricots verts normaux vapeur au thermochef,https://30minutesparjour.com/recettes-audio/fr/%E2%80%94%20HARICOTS%20VERTS%20NORMAUX%20VAPEUR%20AU%20THERMOCHEF.mp3,Légumes vapeur,"haricots verts normaux
1 à 2 mesurettes ThermoChef d’eau
huile d’olive facultative
sel avec prudence
poivre facultatif",32,,
Mais frais vapeur au thermochef,https://30minutesparjour.com/recettes-audio/fr/%E2%80%94%20MAIS%20FRAIS%20VAPEUR%20AU%20THERMOCHEF.mp3,Légumes vapeur,"maïs frais
1 à 2 mesurettes ThermoChef d’eau
huile d’olive facultative
sel avec prudence
poivre facultatif",33,,
Navet ou rutabaga vapeur au thermochef,https://30minutesparjour.com/recettes-audio/fr/%E2%80%94%20NAVET%20OU%20RUTABAGA%20VAPEUR%20AU%20THERMOCHEF.mp3,Légumes vapeur,"navets ou rutabagas en morceaux
1 à 2 mesurettes ThermoChef d’eau
huile d’olive facultative
sel avec prudence
poivre facultatif",34,,
Oignon blanc vapeur au thermochef,https://30minutesparjour.com/recettes-audio/fr/%E2%80%94%20OIGNON%20BLANC%20VAPEUR%20AU%20THERMOCHEF.mp3,Légumes vapeur,"oignons blancs
1 à 2 mesurettes ThermoChef d’eau
huile d’olive facultative
sel avec prudence
poivre facultatif",35,,
Petites pommes de terre vapeur au thermochef,https://30minutesparjour.com/recettes-audio/fr/%E2%80%94%20PETITES%20POMMES%20DE%20TERRE%20VAPEUR%20AU%20THERMOCHEF.mp3,Légumes vapeur,"petites pommes de terre
1 à 2 mesurettes ThermoChef d’eau
huile d’olive facultative
sel avec prudence
poivre facultatif",36,,
Petits pois verts vapeur au thermochef,https://30minutesparjour.com/recettes-audio/fr/%E2%80%94%20PETITS%20POIS%20VERTS%20VAPEUR%20AU%20THERMOCHEF.mp3,Légumes vapeur,"petits pois verts
1 à 2 mesurettes ThermoChef d’eau
huile d’olive facultative
sel avec prudence
poivre facultatif",37,,
Pointes d’asperges vapeur au thermochef,https://30minutesparjour.com/recettes-audio/fr/%E2%80%94%20POINTES%20D%E2%80%99ASPERGES%20VAPEUR%20AU%20THERMOCHEF.mp3,Légumes vapeur,"pointes d’asperges
1 à 2 mesurettes ThermoChef d’eau
huile d’olive facultative
sel avec prudence
poivre facultatif",38,,
Poireau vapeur au thermochef,https://30minutesparjour.com/recettes-audio/fr/%E2%80%94%20POIREAU%20VAPEUR%20AU%20THERMOCHEF.mp3,Légumes vapeur,"poireaux
1 à 2 mesurettes ThermoChef d’eau
huile d’olive facultative
sel avec prudence
poivre facultatif",39,,
Poivrons vapeur au thermochef,https://30minutesparjour.com/recettes-audio/fr/%E2%80%94%20POIVRONS%20VAPEUR%20AU%20THERMOCHEF.mp3,Légumes vapeur,"poivrons rouges, verts ou jaunes
1 à 2 mesurettes ThermoChef d’eau
huile d’olive facultative
sel avec prudence
poivre facultatif",40,,
Pommes de terre moyennes vapeur au thermochef,https://30minutesparjour.com/recettes-audio/fr/%E2%80%94%20POMMES%20DE%20TERRE%20MOYENNES%20VAPEUR%20AU%20THERMOCHEF.mp3,Légumes vapeur,"pommes de terre moyennes
1 à 2 mesurettes ThermoChef d’eau
huile d’olive facultative
sel avec prudence
poivre facultatif",41,,
Salsifis vapeur au thermochef,https://30minutesparjour.com/recettes-audio/fr/%E2%80%94%20SALSIFIS%20VAPEUR%20AU%20THERMOCHEF.mp3,Légumes vapeur,"salsifis
1 à 2 mesurettes ThermoChef d’eau
huile d’olive facultative
sel avec prudence
poivre facultatif",42,,
Soja vapeur au thermochef,https://30minutesparjour.com/recettes-audio/fr/%E2%80%94%20SOJA%20VAPEUR%20AU%20THERMOCHEF.mp3,Légumes vapeur,"pousses de soja ou soja frais
1 à 2 mesurettes ThermoChef d’eau
huile d’olive facultative
sel avec prudence
poivre facultatif",43,,
Tomate vapeur au thermochef,https://30minutesparjour.com/recettes-audio/fr/%E2%80%94%20TOMATE%20VAPEUR%20AU%20THERMOCHEF.mp3,Légumes vapeur,"tomates
1 à 2 mesurettes ThermoChef d’eau
huile d’olive facultative
sel avec prudence
poivre facultatif",44,,
Topinambours vapeur au thermochef,https://30minutesparjour.com/recettes-audio/fr/%E2%80%94%20TOPINAMBOURS%20VAPEUR%20AU%20THERMOCHEF.mp3,Légumes vapeur,"topinambours
1 à 2 mesurettes ThermoChef d’eau
huile d’olive facultative
sel avec prudence
poivre facultatif",45,,
Baeckeoffe alsacien au thermochef,https://30minutesparjour.com/recettes-audio/fr/BAECKEOFFE%20ALSACIEN%20AU%20THERMOCHEF.mp3,Plats,"250 g de porc (échine ou épaule)
250 g de mouton (épaule)
250 g de bœuf (paleron ou gîte)
75 cl de Riesling (vin d’Alsace)
1 gousse d’ail
2 oignons émincés
1 bouquet garni (thym, laurier)
500 g de pommes de terre
1 poireau émincé
Sel et poivre au goût",46,,
Blanquette de lieu noir au thermochef,https://30minutesparjour.com/recettes-audio/fr/BLANQUETTE%20DE%20LIEU%20NOIR%20AU%20THERMOCHEF.mp3,Plats,"600 g de lieu noir en filets
2 carottes coupées en rondelles
2 pomme de terre coupées en morceau
1 poireau émincé
1 oignon émincé
2 gousses d’ail hachées
300 ml de bouillon de légumes
150 ml de crème fraîche
1 cuillère à soupe de moutarde
1 cuillère à soupe d’huile d’olive
Sel et poivre au goût
lieu noir en filets",47,,
Blanquette de veau au thermochef,https://30minutesparjour.com/recettes-audio/fr/BLANQUETTE%20DE%20VEAU%20AU%20THERMOCHEF.mp3,Plats,"700 grammes de viande de veau.
4 pommes de terre moyennes.
4 carottes moyennes.
1 oignon.
50 grammes de champignons de Paris.
20 centilitre de vin blanc.
1 bouillon de poule.
1 bouillon de légume.
2 cuillère à soupe de farine.
1 litre d’eau.
1 jaune d’œuf.
1 petit pot de crème fraiche.
1 citron.
Sel et poivre.
Un peu d’huile d’olive.",48,,
Boudin noir aux pommes de terre et pomme au thermochef,https://30minutesparjour.com/recettes-audio/fr/BOUDIN%20NOIR%20AUX%20POMMES%20DE%20TERRE%20ET%20POMME%20AU%20THERMOCHEF.mp3,Plats,"2 boudins noirs moyens, coupés en morceaux
3 pommes de terre moyennes, épluchées et coupées en
rondelles
1 pomme (fruit), épluchée et coupée en rondelles
Sel et poivre au goût
1 noix de beurre (facultatif)",49,,
Bouillabaisse au thermochef — version accessible,https://30minutesparjour.com/recettes-audio/fr/BOUILLABAISSE%20AU%20THERMOCHEF%20%E2%80%94%20VERSION%20ACCESSIBLE.mp3,Plats,"1 kg de poissons variés (lotte, rouget, grondin, merlu)
300 g de crevettes ou langoustines
500 g de moules nettoyées
2 oignons émincés
3 tomates pelées et coupées en morceaux
2 poireaux émincés
2 gousses d’ail hachées
1 fenouil émincé
1 bouquet garni (thym, laurier, persil)
1 pincée de safran
1 cuillère à soupe de concentré de tomates
20 cl de vin blanc sec
1,5 litre d’eau ou de fumet de poisson
3 cuillères à soupe d’huile d’olive
Sel et poivre au goût
crevettes ou langoustines
poireau",50,,
"Boulettes de viande, pommes de terre et sauce tomate au thermochef",https://30minutesparjour.com/recettes-audio/fr/BOULETTES%20DE%20VIANDE%2C%20POMMES%20DE%20TERRE%20ET%20SAUCE%20TOMATE%20AU%20THERMOCHEF.mp3,Plats,"500 g de viande hachée (bœuf ou mélange bœuf-porc)
1 œuf
2 cuillères à soupe de chapelure
2 gousses d’ail hachées
1 oignon émincé
400 g de tomates pelées en dés (ou concassées)
2 cuillères à soupe de concentré de tomates
1 cuillère à café de sucre
2 cuillères à soupe d’huile d’olive
1 bouquet garni (thym, laurier)
Sel et poivre au goût
Persil haché pour la garniture (facultatif)
oeuf",51,,
"Cake aux courgettes, pesto et parmesan facon thermochef",https://30minutesparjour.com/recettes-audio/fr/CAKE%20AUX%20COURGETTES%2C%20PESTO%20ET%20PARMESAN%20FACON%20THERMOCHEF%20%E2%80%94.mp3,Plats,"2 œufs
90 g de farine
1 sachet de levure chimique
1 poignée de pignons de pin
1 courgette moyenne râpée
75 g de parmesan râpé
3 cuillères à soupe de pesto
7 cuillères à soupe d’huile de tournesol
10 cl de vin blanc sec
1 pincée de sel
Poivre du moulin (selon goût)",52,,
Cake aux olives noires et tofu fume facon thermochef,https://30minutesparjour.com/recettes-audio/fr/CAKE%20AUX%20OLIVES%20NOIRES%20ET%20TOFU%20FUME%20FACON%20THERMOCHEF%20%E2%80%94.mp3,Plats,"2 œufs
1 yaourt nature
75 g de farine
10 olives noires dénoyautées
100 g de tofu fumé coupé en dés
1 sachet de levure chimique
1/2 cuillère à café d’herbes de Provence
7 cuillères à soupe d’huile de tournesol
10 cl de vin blanc sec
1 pincée de sel
Poivre du moulin (selon goût)
oeuf
olives noires denoyautees
tofu fume coupe en
sachet de levure chimique
soupe d'huile de tournesol
œuf",53,,
"Cake aux olives, poivron et feta facon thermochef",https://30minutesparjour.com/recettes-audio/fr/CAKE%20AUX%20OLIVES%2C%20POIVRON%20ET%20FETA%20FACON%20THERMOCHEF%20%E2%80%94.mp3,Plats,"2 œufs
75 g de farine
1 sachet de levure chimique
10 olives noires dénoyautées
1/2 poivron rouge moyen
60 g de fêta coupée en dés
60 g de fromage râpé (gruyère ou emmental)
7 cuillères à soupe d’huile de tournesol
10 cl de vin blanc sec
1 pincée de sel
Poivre du moulin (selon goût)
oeuf
sachet de levure chimique
olives noires denoyautees
poivron rouge moyen
soupe d'huile de tournesol
œuf",54,,
"Cake de tomate, basilic et chevre chaud facon thermochef",https://30minutesparjour.com/recettes-audio/fr/CAKE%20DE%20TOMATE%2C%20BASILIC%20ET%20CHEVRE%20CHAUD%20FACON%20THERMOCHEF%20%E2%80%94.mp3,Plats,"2 œufs
75 g de farine
1 sachet de levure
80 g de fromage blanc
1/2 bûche de fromage de chèvre
Tomates séchées (sans huile)
7 cuillères à soupe d’huile de tournesol
Basilic frais, ciselé
Une pincée de sel
Poivre du moulin, selon les goûts
Dans un saladier, cassez les œufs, puis ajoutez la farine, l’huile de tournesol et le fromage blanc.
Mélangez au fouet jusqu’à obtenir une préparation lisse, sans grumeaux.
Assaisonnez avec le sel et le poivre selon votre goût.
Versez la moitié de cette préparation dans le moule à cake en silicone Thermochef légèrement
Disposez une couche de tranches de fromage de chèvre sur la préparation, puis ajoutez une
couche de tomates séchées.
Versez le reste de la préparation par-dessus.
Saupoudrez de basilic frais ciselé.
Versez 400 ml d’eau dans la cuve du Thermochef, puis placez la plaque métallique au fond.
Recouvrez le moule de papier film ou de papier aluminium de façon hermétique, puis placez-le
sur la plaque métallique.
Fermez le couvercle et sélectionnez le menu four vapeur 42 minutes vapeur 7 , à puissance 3.
Une fois la cuisson terminée, démoulez délicatement votre cake.
bonne dégustation !",55,,
Cassoulet facon thermochef,https://30minutesparjour.com/recettes-audio/fr/CASSOULET%20FACON%20THERMOCHEF%20%E2%80%94.mp3,Plats,"500 g de haricots blancs secs (trempés 12 heures)
300 g de confit de canard (2 cuisses)
300 g de saucisses de Toulouse
150 g de poitrine de porc salée
1 oignon piqué de 2 clous de girofle
2 gousses d’ail hachées
2 carottes coupées en rondelles
1 bouquet garni (thym, laurier)
2 cuillères à soupe de concentré de tomates
1 cuillère à soupe de graisse de canard ou d’huile d’olive
Sel et poivre au goût
Chapelure (facultatif pour servir)",56,,
Chili vegetalien facon thermochef,https://30minutesparjour.com/recettes-audio/fr/CHILI%20VEGETALIEN%20FACON%20THERMOCHEF%20%E2%80%94.mp3,Plats,"2 cuillères à soupe d’huile d’olive
Sel et poivre au goût
2 cuillères à café d’origan séché
2 cuillères à café de poudre de cumin
3 gousses d’ail émincées
1 oignon émincé
200 g de poivron rouge coupé en dés
200 g de poivron vert coupé en dés
300 g de carottes coupées en petits dés
1 boîte de tomates naturelles hachées (400 g)
1 pot de sauce tomate (560 g)
1 boîte de maïs égoutté (340 g)
3 boîtes de haricots rouges égouttés (environ 400 g chacune)",57,,
Chou au seitan au thermochef,https://30minutesparjour.com/recettes-audio/fr/CHOU%20AU%20SEITAN%20AU%20THERMOCHEF.mp3,Plats,"1/2 chou vert coupé en lanières
1 oignon émincé
2 carottes coupées en rondelles
125 g de seitan coupé en dés
1 cuillère à soupe de cumin
20 cl de vin blanc
1 cuillère à soupe d’huile d’olive
20 cl d’eau
Sel et poivre au goût
chou vert coupe en",58,,
Choucroute garnie au thermochef,https://30minutesparjour.com/recettes-audio/fr/CHOUCROUTE%20GARNIE%20AU%20THERMOCHEF.mp3,Plats,"1 kg de choucroute crue
300 g de lard fumé
6 saucisses de Strasbourg
2 saucisses de Montbéliard
1 palette de porc demi-sel (environ 400 g)
1 jarret de porc (environ 600 g)
4 pommes de terre
2 oignons émincés
2 gousses d’ail hachées
30 cl de vin blanc sec (Riesling)
30 cl de bouillon de volaille
2 cuillères à soupe de graisse de canard ou d’huile d’olive
1 bouquet garni (thym, laurier)
Sel et poivre au goût
Baies de genièvre (facultatif)",59,,
Colin sauce citron et capres au thermochef,https://30minutesparjour.com/recettes-audio/fr/COLIN%20SAUCE%20CITRON%20ET%20CAPRES%20AU%20THERMOCHEF.mp3,Plats,"4 pavés de colin
1 citron (jus et zeste)
1 cuillère à soupe de câpres
2 échalotes hachées
150 ml de vin blanc sec
100 ml de crème liquide
1 cuillère à soupe d’huile d’olive
Sel et poivre au goût",60,,
Creme de carottes facon thermochef,https://30minutesparjour.com/recettes-audio/fr/CREME%20DE%20CAROTTES%20FACON%20THERMOCHEF%20%E2%80%94.mp3,Plats,"2 kg de carottes
1 oignon
2 cuillères à soupe d’huile d’olive
Sel et poivre au goût",61,,
Creme de courgettes et fenouil facon thermochef,https://30minutesparjour.com/recettes-audio/fr/CREME%20DE%20COURGETTES%20ET%20FENOUIL%20FACON%20THERMOCHEF%20%E2%80%94.mp3,Plats,"1 kg de courgettes
1 oignon
1 racine de fenouil
2 cuillères à soupe d’huile d’olive
Sel et poivre au goût
1 pincée de paprika",62,,
Creme de potiron facon thermochef,https://30minutesparjour.com/recettes-audio/fr/CREME%20DE%20POTIRON%20FACON%20THERMOCHEF%20%E2%80%94.mp3,Plats,"2 kg de potiron coupé en gros cubes
1 oignon
1 cuillère à soupe d’huile d’olive
1 cuillère à café d’herbes de Provence
Sel et poivre au goût
potiron coupe en gros",63,,
Dhal de lentilles corail et riz basmati au thermochef,https://30minutesparjour.com/recettes-audio/fr/DHAL%20DE%20LENTILLES%20CORAIL%20ET%20RIZ%20BASMATI%20AU%20THERMOCHEF.mp3,Plats,"500 g de lentilles corail
2 oignons jaunes
2 gousses d’ail
2 cm de gingembre frais
400 g de tomates concassées
100 cl de lait de riz et de coco (mélange)
200 g de pousses d’épinards
1 cuillère à soupe d’huile d’olive
1 cuillère à café de cumin moulu
1 cuillère à café de coriandre moulue
1 cuillère à café de paprika
2 cuillères à café de curcuma en poudre
1 cuillère à café de garam masala
Le jus d’un citron
500 g de riz basmati
Sel au goût
Eau (1,5 volume d’eau pour 1 volume de riz)
pour le dhal
cm de gingembre frais
cafe de cumin moulu
cafe de coriandre moulue",64,,
Diots de savoie aux pommes de terre au thermochef,https://30minutesparjour.com/recettes-audio/fr/DIOTS%20DE%20SAVOIE%20AUX%20POMMES%20DE%20TERRE%20AU%20THERMOCHEF.mp3,Plats,"diots de savoie
pommes de terre",65,,
Endives au jambon gratinees facon thermochef,https://30minutesparjour.com/recettes-audio/fr/ENDIVES%20AU%20JAMBON%20GRATINEES%20FACON%20THERMOCHEF.mp3,Plats,"2 endives moyennes
2 tranches de jambon
100 g de gruyère râpé
20 cl de sauce béchamel
Sel et poivre
Préparation :
Préparation des endives :
Lavez soigneusement les endives.
Retirez la base dure des endives si nécessaire.
Assemblage :
Enroulez chaque endive dans une tranche de jambon.
Disposition dans la cuve :
Versez une couche fine de gruyère râpé au fond de la cuve du Thermochef.
Disposez les endives enroulées dans le jambon par-dessus.
Recouvrez avec la sauce béchamel.
Salez et poivrez selon vos goûts.
Cuisson au Thermochef Intelligence Évolution :
Méthode 1 : Cuisson douce (al dente)
Fermez le couvercle.
Programmez le menu Thermodiet pour 28 minutes à 88 °C.
Méthode 2 : Gratiné rapide
Programmez le mode Thermogrill, puissance 3, pendant 10 minutes pour un effet gratiné.
Conseils :
Pour un gratin plus doré, augmentez la température à 90-95 °C pour la première méthode.
Servez chaud avec une salade verte ou des pommes de terre vapeur pour accompagner.",66,,
Farfalles poulet pesto tout-en-un au thermochef,https://30minutesparjour.com/recettes-audio/fr/FARFALLES%20POULET%20PESTO%20TOUT-EN-UN%20AU%20THERMOCHEF.mp3,Plats,"farfalles
poulet
pesto",67,,
Gigot d'agneau confit au thermochef,https://30minutesparjour.com/recettes-audio/fr/GIGOT%20D%E2%80%99AGNEAU%20CONFIT%20AU%20THERMOCHEF.mp3,Plats,"1 gigot d’agneau (1,5 à 2 kg)
6 gousses d’ail
3 branches de romarin
2 cuillères à soupe d’huile d’olive
300 ml de bouillon de légumes
Sel et poivre au goût",68,,
Gratin dauphinois facon thermochef,https://30minutesparjour.com/recettes-audio/fr/GRATIN%20DAUPHINOIS%20FACON%20THERMOCHEF.mp3,Plats,"1 kg de pommes de terre
200 g de gruyère râpé
30 cl de crème liquide
40 cl de lait
1 noisette de beurre
1 gousse d’ail
1 pincée de noix de muscade
Sel
Poivre",69,,
"Legumes, seitan, persil et menthe facon thermochef",https://30minutesparjour.com/recettes-audio/fr/LEGUMES%2C%20SEITAN%2C%20PERSIL%20ET%20MENTHE%20FACON%20THERMOCHEF%20%E2%80%94.mp3,Plats,"1 chou chinois coupé en lanières
3 carottes épluchées et coupées en cubes
2 navets boule d’or épluchés et coupés en cubes
1 oignon émincé
150 g de seitan coupé en petits dés
2 cuillères à soupe d’huile d’olive
1 cuillère à soupe de curry Madras
1 cuillère à café de beurre clarifié (ghee)
2 à 3 brins de persil frais
1 à 2 brins de menthe fraîche
1 pincée de sel
Poivre du moulin selon goût
chou chinois coupe en
seitan coupe en petits
soupe de curry madras
cafe de beurre clarifie
3 brins de persil
2 brins de menthe",70,,
Naan a l'ail et coriandre facon thermochef,https://30minutesparjour.com/recettes-audio/fr/NAAN%20A%20L%E2%80%99AIL%20ET%20CORIANDRE%20FACON%20THERMOCHEF%20%E2%80%94.mp3,Plats,"250g de farine
120ml d’eau tiède
1 yaourt nature lait entier
1 cuillère à café de levure sèche
1 cuillère à soupe d’huile d’olive
2 gousses d’ail finement hachées
2 cuillères à soupe de coriandre fraîche hachée
1 pincée de sel",71,,
Naan au fromage facon thermochef,https://30minutesparjour.com/recettes-audio/fr/NAAN%20AU%20FROMAGE%20FACON%20THERMOCHEF%20%E2%80%94.mp3,Plats,"250g de farine
120ml d’eau tiède
1 yaourt nature lait entier
1 cuillère à café de levure sèche
1 cuillère à soupe d’huile d’olive
100g de fromage râpé (mozzarella ou cheddar)
1 pincée de sel",72,,
Navarin d'agneau printanier au thermochef,https://30minutesparjour.com/recettes-audio/fr/NAVARIN%20D%E2%80%99AGNEAU%20PRINTANIER%20AU%20THERMOCHEF.mp3,Plats,"800 g d’épaule d’agneau coupée en morceaux
4 carottes coupées en rondelles
3 navets coupés en quartiers
2 oignons émincés
2 gousses d’ail hachées
200 g de petits pois surgelés non précuit
150 ml de vin blanc sec
300 ml de bouillon de volaille
2 cuillères à soupe de concentré de tomates
2 cuillères à soupe d’huile d’olive
1 bouquet garni (thym, laurier)
Sel et poivre au goût",73,,
Omelette pomme de terre et oignon facon thermochef,https://30minutesparjour.com/recettes-audio/fr/OMELETTE%20POMME%20DE%20TERRE%20ET%20OIGNON%20FACON%20THERMOCHEF%20%E2%80%94.mp3,Plats,"4 pommes de terre moyennes
1 gros oignon
1 cuillère à soupe d’huile d’olive
4 œufs entiers
Sel aux herbes (Herbamare) ou sel classique
Poivre du moulin
Préparation :
Préparer les légumes :
Coupez les pommes de terre en fines lamelles.
Émincez l’oignon.
Faire revenir les légumes :
Versez la cuillère d’huile d’olive au fond de la cuve du Thermochef.
Ajoutez les pommes de terre et les oignons.
Assaisonnez avec un peu de sel Herbamare ou de sel classique, et poivrez. (Attention : poivrer avant la cuisson
accentue le goût piquant en raison des huiles essentielles contenues dans le poivre. Vous pouvez poivrer après, selon
vos goûts.)
Mélangez bien.
Fermez le couvercle et programmez le menu Thermogrill pendant 12 minutes, puissance 3.
Préparer les œufs :
Pendant la cuisson des légumes, cassez les œufs dans un bol et battez-les en omelette.
(Facultatif : ajoutez un peu de crème pour une texture plus onctueuse, selon vos préférences.)
Assembler et cuire l’omelette :
Une fois les pommes de terre et les oignons cuits, ouvrez le couvercle et mélangez avec les œufs battus directe
ment dans la cuve.
Pour une omelette façon tortilla :
Fermez le couvercle et programmez le menu Thermogrill pendant 2 minutes, puissance 1.
Pour une omelette baveuse :
Programmez le menu Thermogrill pendant 2 minutes, puissance 3, couvercle ouvert, poignée fermée.
Laissez cuire jusqu’à la consistance souhaitée.
Astuces et variantes :
Vous pouvez varier les ingrédients selon vos envies : champignons, jambon, ail, persil, etc.
Bonne dégustation !",74,,
One pot fusilli chorizo et poivrons facon thermochef,https://30minutesparjour.com/recettes-audio/fr/ONE%20POT%20FUSILLI%20CHORIZO%20ET%20POIVRONS%20FACON%20THERMOCHEF%20%E2%80%94.mp3,Plats,"4 mugs de fusilli
200g de chorizo, coupé en rondelles
1 poivron rouge, coupé en lanières
1 poivron jaune, coupé en lanières
2 gousses d'ail, émincées
400g de tomates concassées en conserve
Huile d'olive
Sel avec prudence et poivre
Feuilles de basilic frais pour garnir
400g de fusilli
Sel et poivre au goût",75,,
One pot linguine aux fruits de mer facon thermochef,https://30minutesparjour.com/recettes-audio/fr/ONE%20POT%20LINGUINE%20AUX%20FRUITS%20DE%20MER%20FACON%20THERMOCHEF%20%E2%80%94.mp3,Plats,"400g de linguine
300g de fruits de mer assortis (moules, crevettes, calamars)
2 gousses d’ail, émincées
200g de tomates cerises, coupées en deux
1 verre de vin blanc
Persil frais haché
Huile d’olive
Sel et poivre au goût",76,,
One pot penne bolognaise facon thermochef,https://30minutesparjour.com/recettes-audio/fr/ONE%20POT%20PENNE%20BOLOGNAISE%20FACON%20THERMOCHEF%20%E2%80%94.mp3,Plats,"4 mugs de penne (cuisson 10 minutes sur le paquet)
500g de viande hachée (bœuf ou mélange bœuf/porc)
1 oignon, finement haché
2 gousses d'ail, émincées
800g de tomates concassées en conserve
100g de carottes, coupées en petits dés
100g de céleri, coupé en petits dés
1 cuillère à soupe de concentré de tomate
Sel, poivre, et herbes de Provence au goût
Huile d'olive
100g de parmesan râpé pour servir
300g de penne (cuisson 10 minutes sur le paquet)",77,,
Paella au thermochef,https://30minutesparjour.com/recettes-audio/fr/PAELLA%20AU%20THERMOCHEF.mp3,Plats,"300 g de riz long
4 ailes de poulet
1/4 de chorizo, coupé en rondelles
150 g de crevettes
100 g de moules
4 langoustines
100 g d’encornets, coupés en rondelles
100 g de petits pois
1/2 poivron rouge, coupé en dés
1/2 poivron vert, coupé en dés
1/2 oignon, émincé
10 cl de vin blanc
1 cube de bouillon de volaille, dissous dans 600 ml d’eau
10 cl d’huile d’olive
1 dose de safran
2 branches de persil plat, haché
Sel et poivre, au goût
iles de poulet
ngoustines",78,,
"Pates au jambon, courgettes, champignons et sauce tomate au thermochef",https://30minutesparjour.com/recettes-audio/fr/PATES%20AU%20JAMBON%2C%20COURGETTES%2C%20CHAMPIGNONS%20ET%20SAUCE%20TOMATE%20AU%20THERMOCHEF.mp3,Plats,"pâtes
jambon
courgettes
champignons
tomates",79,,
"Pave de merlu, farfalles aux legumes et lait de coco au thermochef",https://30minutesparjour.com/recettes-audio/fr/PAVE%20DE%20MERLU%2C%20FARFALLES%20AUX%20LEGUMES%20ET%20LAIT%20DE%20COCO%20AU%20THERMOCHEF.mp3,Plats,"2 pavés de merlu congelés
200 grammes de farfalles (cuisson : 12 minutes)
1 demi-poivron rouge émincé
50 grammes de champignons de Paris émincés
50 grammes de têtes de brocoli
1 tomate Roma moyenne en rondelles
10 cl de vin blanc
50 cl de lait de coco sans sucre
Sel et poivre
Une pincée de piment de Cayenne ou d’Espelette",80,,
Piperade aux oeufs facon thermochef,https://30minutesparjour.com/recettes-audio/fr/PIPERADE%20AUX%20%C5%92UFS%20FACON%20THERMOCHEF%20%E2%80%94.mp3,Plats,"800 g de tomates
4 oeufs
4 piments rouges
2 poivrons verts
2 oignons
3 cuilleres a soupe d huile d olive
1 cuillere a soupe de sucre en poudre
1 pincee de sel
1 pincee de poivre",81,,
Pommes de terre aux merguez et champignons au thermochef,https://30minutesparjour.com/recettes-audio/fr/POMMES%20DE%20TERRE%20AUX%20MERGUEZ%20ET%20CHAMPIGNONS%20AU%20THERMOCHEF.mp3,Plats,"pommes de terre
merguez
champignons",82,,
Pommes de terre sautees facon thermochef,https://30minutesparjour.com/recettes-audio/fr/POMMES%20DE%20TERRE%20SAUTEES%20FACON%20THERMOCHEF%20%E2%80%94.mp3,Plats,"3 pommes de terre moyennes, coupées en fines lamelles
1 oignon, émincé
2 gousses d’ail, hachées
1 cuillère à soupe d’huile d’olive
Quelques brins de persil frais, hachés
1 pincée de thym
Sel et poivre, au goût
quelques brins de persil",83,,
Pot-au-feu facon thermochef,https://30minutesparjour.com/recettes-audio/fr/POT-AU-FEU%20FACON%20THERMOCHEF.mp3,Plats,"1,2 kg de viande de bœuf (joue, macreuse, paleron)
3 pommes de terre épluchées et coupées en morceaux
3 poireaux coupés en tronçons
4 carottes coupées en rondelles ou en bâtonnets
3 navets épluchés et coupés en quartiers
1 branche de céleri coupée en morceaux
1 oignon piqué de 3 clous de girofle
1 bouquet garni (thym, laurier, persil)
1 pincée de gros sel
Poivre au goût
Eau pour couvrir les ingrédients
boeuf
poireau",84,,
Poulet roti au thermochef epice cajun,https://30minutesparjour.com/recettes-audio/fr/poulet%20roti%20au%20thermochef%20epice%20cajun.mp3,Plats,"1 poulet fermier de 1,750 kg
2 cuillères à soupe d’huile d’olive
2 cuillères à soupe d’épices cajun
Sel et poivre (facultatif)
poulet fermier de 1
soupe d'epices cajun",85,,
Quinoa aux legumes facon thermochef,https://30minutesparjour.com/recettes-audio/fr/QUINOA%20AUX%20LEGUMES%20FACON%20THERMOCHEF%20%E2%80%94.mp3,Plats,"300 g de quinoa
1 brocoli
1 courgette
1 pot de haricots verts fins
1 tomate
1 gousse d’ail
2 cuillères à soupe d’huile d’olive
Sel et poivre au goût
pot de haricots verts",86,,
Ratatouille en deux temps au thermochef,https://30minutesparjour.com/recettes-audio/fr/RATATOUILLE%20EN%20DEUX%20TEMPS%20AU%20THERMOCHEF.mp3,Plats,"tomates
courgettes
aubergines
poivrons
oignons
ail
huile d olive",87,,
Ratatouille facon thermochef,https://30minutesparjour.com/recettes-audio/fr/RATATOUILLE%20FACON%20THERMOCHEF%20%E2%80%94.mp3,Plats,"2 courgettes
2 gousses d’ail
1 aubergine
2 poivrons
3 tomates
1 oignon
1 bouquet garni (thym, laurier)
2 cuillères à soupe d’huile d’olive
Sel (préférence Herbamare)
Poivre
ubergine",88,,
Riz aux artichauts et citron facon thermochef,https://30minutesparjour.com/recettes-audio/fr/RIZ%20AUX%20ARTICHAUTS%20ET%20CITRON%20FACON%20THERMOCHEF.mp3,Plats,"2 mesurettes ThermoChef de riz thaï
3 mesurettes ThermoChef d'eau
200 g de cœurs d'artichauts coupés en quartiers
Le zeste et le jus d'un citron
2 gousses d'ail émincées
1 cuillère à soupe d'huile d'olive
Sel avec prudence
Poivre
1 tasse de riz thai cuisson 14 minutes
Zeste et jus d’1 citron
Sel et poivre au goût",89,,
Riz aux cepes et parmesan facon thermochef,https://30minutesparjour.com/recettes-audio/fr/RIZ%20AUX%20CEPES%20ET%20PARMESAN%20FACON%20THERMOCHEF%20%E2%80%94.mp3,Plats,"2 mesurettes ThermoChef de riz basmati
3 mesurettes ThermoChef d'eau ou de bouillon de légumes doux
200 g de cèpes nettoyés et coupés en morceaux
1 échalote émincée
2 gousses d'ail émincées
50 g de parmesan râpé
1 cuillère à soupe d'huile d'olive
Sel avec prudence
Poivre
1 tasse de riz basmati
1 échalote, hachée
Sel et poivre au goût",90,,
Riz aux crevettes epicees facon thermochef,https://30minutesparjour.com/recettes-audio/fr/RIZ%20AUX%20CREVETTES%20EPICEES%20FACON%20THERMOCHEF%20%E2%80%94.mp3,Plats,"2 mesurettes ThermoChef de riz basmati
3 mesurettes ThermoChef de bouillon de légumes
400 g de crevettes décortiquées
1 oignon émincé
2 gousses d'ail émincées
1 poivron rouge coupé en petits dés
1 cuillère à soupe de paprika fumé
1 cuillère à soupe d'huile d'olive
Sel avec prudence
Poivre
1 tasse de riz basmati
1 oignon, haché
1.5 tasses de bouillon de légumes
1 poivron rouge, coupé en dés
Sel et poivre au goût",91,,
Riz aux legumes du soleil facon thermochef,https://30minutesparjour.com/recettes-audio/fr/RIZ%20AUX%20LEGUMES%20DU%20SOLEIL%20FACON%20THERMOCHEF%20%E2%80%94.mp3,Plats,"2 mesurettes ThermoChef de riz basmati
3 mesurettes ThermoChef de bouillon de légumes
2 carottes coupées en petits dés
1 courgette coupée en petits dés
1 poivron rouge coupé en petits dés
1 oignon finement émincé
2 gousses d'ail émincées
1 cuillère à soupe d'huile d'olive
Sel avec prudence
Poivre
1 tasse de riz basmati
2 carottes, coupées en dés
1 courgette, coupée en dés
1 poivron rouge, coupé en dés
1 oignon, haché
1 tasse et demi de bouillon de légumes
Sel et poivre au goût",92,,
Riz thai aux crevettes tout-en-un au thermochef,https://30minutesparjour.com/recettes-audio/fr/RIZ%20THAI%20AUX%20CREVETTES%20TOUT-EN-UN%20AU%20THERMOCHEF.mp3,Plats,"riz
crevettes
œuf
huile
sel
poivre",93,,
Roti de boeuf cuisson a coeur 55 degres au thermochef,https://30minutesparjour.com/recettes-audio/fr/roti%20de%20boeuf%20cuisson%20a%20coeur%2055%20degres%20au%20thermochef.mp3,Plats,roti de boeuf,94,,
Roti de porc cuisson a coeur 68 degres au thermochef,https://30minutesparjour.com/recettes-audio/fr/roti%20de%20porc%20cuisson%20a%20coeur%2068%20degres%20au%20thermochef.mp3,Plats,roti de porc,95,,
Roti de veau cuisson a coeur 60 degres au thermochef,https://30minutesparjour.com/recettes-audio/fr/roti%20de%20veau%20cuisson%20a%20coeur%2060%20degres%20au%20thermochef.mp3,Plats,roti de veau,96,,
Salade de quinoa aux legumes,https://30minutesparjour.com/recettes-audio/fr/Salade%20de%20quinoa%20aux%20legumes.mp3,Plats,"1 tasse de quinoa
2 carottes
1 concombre
1 poivron rouge
jus de 1 citron
3 cuillères à soupe d’huile d’olive
sel
poivre",97,,
Saucisses fumees aux lentilles au thermochef,https://30minutesparjour.com/recettes-audio/fr/SAUCISSES%20FUMEES%20AUX%20LENTILLES%20AU%20THERMOCHEF.mp3,Plats,"saucisses fumees
lentilles",98,,
Soupe d'asperges a la menthe facon thermochef,https://30minutesparjour.com/recettes-audio/fr/SOUPE%20D%E2%80%99ASPERGES%20A%20LA%20MENTHE%20FACON%20THERMOCHEF.mp3,Plats,"500 g d’asperges nettoyées et coupées en morceaux
1 oignon pelé et coupé en quatre
2 gousses d’ail pelées
500 ml de bouillon de légumes
1 bouquet de menthe fraîche
sel et poivre, avec prudence
500g d’asperges, nettoyées et coupées en morceaux
500ml de bouillon de légumes
Sel et poivre au goût",99,,
Soupe de champignons aux fines herbes facon thermochef,https://30minutesparjour.com/recettes-audio/fr/SOUPE%20DE%20CHAMPIGNONS%20AUX%20FINES%20HERBES%20FACON%20THERMOCHEF.mp3,Plats,"500 g de champignons de Paris nettoyés et tranchés
1 oignon pelé et coupé en quatre
2 gousses d’ail pelées
3 mesurettes ThermoChef de bouillon de légumes, soit environ 480 ml
1 bouquet de fines herbes hachées : persil, thym ou cerfeuil
sel et poivre, avec prudence
facultatif : 1 cuillère de crème fraîche au service
500g de champignons de Paris, nettoyés et tranchés
500ml de bouillon de légumes
1 bouquet de fines herbes (persil, thym, cerfeuil), hachées
Sel et poivre au goût
Crème fraîche pour servir (optionnel)",100,,
Soupe rapide de tomates et basilic facon thermochef,https://30minutesparjour.com/recettes-audio/fr/SOUPE%20RAPIDE%20DE%20TOMATES%20ET%20BASILIC%20FACON%20THERMOCHEF.mp3,Plats,"800 g de tomates mûres coupées en quartiers
1 oignon pelé et coupé en quatre
2 gousses d’ail pelées
500 ml de bouillon de légumes
1 bouquet de basilic frais
sel et poivre, avec prudence
800g de tomates mûres, coupées en quartiers
500ml de bouillon de légumes
Sel et poivre au goût",101,,
Soupe thaie au lait de coco facon thermochef,https://30minutesparjour.com/recettes-audio/fr/SOUPE%20THAIE%20AU%20LAIT%20DE%20COCO%20FACON%20THERMOCHEF.mp3,Plats,"400 ml de lait de coco
500 ml de bouillon de légumes
1 bâton de citronnelle écrasé
1 morceau de gingembre frais, épluché et coupé en rondelles
2 piments rouges épépinés et finement tranchés, ou moins selon la tolérance
200 g de champignons de Paris tranchés
1 blanc de poulet coupé en fines lanières régulières
le jus d’un citron vert
feuilles de coriandre fraîche pour le service
sel, avec prudence
400ml de lait de coco
500ml de bouillon de légumes
1 pouce de gingembre frais, épluché et coupé en
2 piments rouges, épépinés et finement tranchés
200g de champignons de Paris, tranchés
1 poitrine de poulet, coupée en fines lanières
Jus de 1 citron vert
Feuilles de coriandre fraîche pour garnir
Sel au goût",102,,
Tajine d'haricots verts facon thermochef,https://30minutesparjour.com/recettes-audio/fr/TAJINE%20D%E2%80%99HARICOTS%20VERTS%20FACON%20THERMOCHEF%20%E2%80%94.mp3,Plats,"500 g d’haricots verts frais extra fins
4 pommes de terre moyennes
1 oignon émincé
3 gousses d’ail hachées
4 tomates moyennes épépinées et coupées en 6
400 g de semoule
2 cuillères à soupe d’huile d’olive
1 cuillère à soupe de curry Madras
1 cuillère à soupe de ras el hanout
1 cuillère à café de cannelle
2 cuillères à soupe de purée d’amandes
1 cuillère à café de paprika
1 cuillère à café de beurre clarifié (ghee)
2 à 3 brins de persil haché
1 à 2 brins de menthe fraîche hachée
30 cl d’eau. Sel et poivre du moulin
haricots verts frais extra
soupe de curry madras
soupe de ras el
soupe de puree d'amandes
ras el hanout",103,,
Tajine de lotte au thermochef,https://30minutesparjour.com/recettes-audio/fr/TAJINE%20DE%20LOTTE%20AU%20THERMOCHEF.mp3,Plats,"800 g de lotte, coupée en 4 grosses tranches
1 grosse boîte de tomates pelées, égouttées
2 citrons, coupés en quartiers
2 cuillères à soupe de paprika
1 piment oiseau
10 gousses d’ail (2 épluchées, 8 en chemise)
1 bouquet de coriandre, ficelé
Huile d’olive
Sel et poivre
Préparation de l’ail et des tomates :
Dans le Thermochef, sélectionnez le menu Thermogrill, couvercle ouvert, puissance 3, et faites reve
nir les gousses d’ail (2 épluchées et le reste en chemise) pendant 2 minutes.
Ajoutez les tomates égouttées et 10 cl d’eau. Assaisonnez de sel, poivre, et la moitié du paprika. Incor
porez le bouquet de coriandre et le piment.
Première cuisson :
Fermez le couvercle et lancez la cuisson en menu Ragoût, puissance 3, vapeur 6, pour 5 minutes.
Ajouter la lotte et les citrons :
Ouvrez le Thermochef et ajoutez les tranches de lotte légèrement huilées ainsi que les quartiers de
citron. Saupoudrez avec le reste du paprika.
Deuxième cuisson :
Fermez le couvercle et continuez la cuisson en menu Ragoût, puissance 3, pendant 25 minutes.
Servez chaud et bon appétit !",104,,
Tartiflette simple au thermochef,https://30minutesparjour.com/recettes-audio/fr/TARTIFLETTE%20SIMPLE%20AU%20THERMOCHEF.mp3,Plats,"1 kg de pommes de terre à chair ferme
450 g de Reblochon
100 g d’allumettes de lardons fumés
100 g de crème fraîche épaisse
1 verre de vin blanc sec
2 oignons moyens émincés
1 gousse d’ail
1 noix de beurre pour chemiser la cuve
1 cuillère à soupe de gros sel
Poivre au goût
1 pincée de noix de muscade
allumettes de lardons fumes
creme fraiche epaisse
noix de beurre pour",105,,
Tian de legumes mozzarella facon thermochef,https://30minutesparjour.com/recettes-audio/fr/TIAN%20DE%20LEGUMES%20MOZZARELLA%20FACON%20THERMOCHEF.mp3,Plats,"1 aubergine moyenne
1 courgette moyenne
2 tomates Roma moyennes
1 oignon
1 mozzarella di bufala
Herbes de Provence
2 cuillères à soupe d’huile d’olive
Sel et poivre",106,,
Tomates confites et polenta facon thermochef,https://30minutesparjour.com/recettes-audio/fr/TOMATES%20CONFITES%20ET%20POLENTA%20FACON%20THERMOCHEF%20%E2%80%94.mp3,Plats,"800 g de tomates variées
10 tomates cerises
2 gousses d’ail
250 g de polenta
100 cl de lait d’avoine
1 litre d’eau
3 cuillères à soupe d’huile d’olive
3 cuillères à café de beurre clarifié
1 cuillère à soupe de sucre de canne blond
1 à 2 branches de persil haché
Sel marin et poivre du moulin
cafe de beurre clarifie
2 branches de persil",107,,
Tomates farcies facon thermochef,https://30minutesparjour.com/recettes-audio/fr/TOMATES%20FARCIES%20FACON%20THERMOCHEF%20%E2%80%94.mp3,Plats,"8 tomates moyennes
80 g de riz basmati (cuisson 11 à 12 minutes)
1 oignon
1 carotte
2 cuillères à soupe d’huile d’olive
1 pincée de sel
Poivre du moulin (selon goût)",108,,
Veau marengo au thermochef,https://30minutesparjour.com/recettes-audio/fr/VEAU%20MARENGO%20AU%20THERMOCHEF.mp3,Plats,"800 g d’épaule de veau coupée en morceaux
2 oignons émincés
2 gousses d’ail hachées
200 g de champignons de Paris émincés
2 carottes coupées en rondelles
150 ml de vin blanc sec
300 ml de bouillon de volaille
2 cuillères à soupe de concentré de tomates
2 cuillères à soupe d’huile d’olive
1 bouquet garni (thym, laurier)
Sel et poivre au goût",109,,
Creme dessert chocolatee au thermochef,https://30minutesparjour.com/recettes-audio/fr/desserts/CREME%20DESSERT%20CHOCOLATEE%20AU%20THERMOCHEF.mp3,Desserts,"500 ml de lait entier
100 g de chocolat noir de bonne qualité, haché
2 cuillères à soupe de sucre (ajustez selon votre goût)
1 cuillère à soupe de maïzena
1 pincée de sel",110,,
Dessert coco banane au rhum facon thermochef,https://30minutesparjour.com/recettes-audio/fr/desserts/DESSERT%20COCO%20BANANE%20AU%20RHUM%20FACON%20THERMOCHEF.mp3,Desserts,"2 œufs entiers
1 berlingot de crème de coco non allégée type Real Thai
2 cuillères à soupe de rhum type Negrita
1 banane
1 dosette de farine T65 à T150
Spray de démoulage ou huile pour le moule
Miel de qualité pour le service
2 mesurettes ThermoChef d’eau pour la cuisson",111,,
Dessert coco framboises au rhum facon thermochef,https://30minutesparjour.com/recettes-audio/fr/desserts/DESSERT%20COCO%20FRAMBOISES%20AU%20RHUM%20FACON%20THERMOCHEF.mp3,Desserts,"2 œufs entiers
1 berlingot de crème de coco non allégée type Real Thai
2 cuillères à soupe de rhum type Negrita
100 à 150 grammes de framboises
1 dosette de farine T65 à T150
Spray de démoulage ou huile pour le moule
Miel de qualité pour le service
2 mesurettes ThermoChef d’eau pour la cuisson",112,,
Dessert coco myrtilles au rhum facon thermochef,https://30minutesparjour.com/recettes-audio/fr/desserts/DESSERT%20COCO%20MYRTILLES%20AU%20RHUM%20FACON%20THERMOCHEF.mp3,Desserts,"2 œufs entiers
1 berlingot de crème de coco non allégée type Real Thai
2 cuillères à soupe de rhum type Negrita
100 à 150 grammes de myrtilles
1 dosette de farine T65 à T150
Spray de démoulage ou huile pour le moule
Miel de qualité pour le service
2 mesurettes ThermoChef d’eau pour la cuisson",113,,
Dessert coco pruneaux au rhum facon thermochef,https://30minutesparjour.com/recettes-audio/fr/desserts/DESSERT%20COCO%20PRUNEAUX%20AU%20RHUM%20FACON%20THERMOCHEF.mp3,Desserts,"2 œufs entiers
1 berlingot de crème de coco non allégée type Real Thai
2 cuillères à soupe de rhum type Negrita
8 à 10 pruneaux dénoyautés
1 dosette de farine T65 à T150
Spray de démoulage ou huile pour le moule
Miel de qualité pour le service
2 mesurettes ThermoChef d’eau pour la cuisson",114,,
Flan aux œufs et lait de coco facon thermochef,https://30minutesparjour.com/recettes-audio/fr/desserts/FLAN%20AUX%20%C5%92UFS%20ET%20LAIT%20DE%20COCO%20FACON%20THERMOCHEF.mp3,Desserts,"3 œufs
500 ml de lait de coco
60 g de sucre de canne roux
1 cuillère à soupe d’extrait de vanille
2 cuillères à soupe de rhum brun
Caramel liquide (pour chemiser le moule)
oeuf
soupe d'extrait de vanille
soupe de rhum brun
sucre de canne roux",115,,
Gateau a la carotte facon thermochef,https://30minutesparjour.com/recettes-audio/fr/desserts/GATEAU%20A%20LA%20CAROTTE%20FACON%20THERMOCHEF.mp3,Desserts,"300 gr de carotte
500 ml de lait de coco
100 gr de farine de riz
100 gr de sucre de canne roux
150 gr de beurre
50 gr de cernaux de noix
80 gr de raisins secs
2 oeufs
4 cuillères de rhum brun
1 pincée de noix de muscade rapé
1 cuillère a café de canelle
1 sachet de levure
tremper les raisins secs dans le rhum
Eplucher et râper les carottes.
Faire fondre le beurre et le mélanger avec le sucre.
Hors du feu, ajouter les oeufs et mélanger.
Ajouter les carottes et mélanger.
Réserver.
Mélanger farine, levure et épices.
Incorporez en remuant avec un fouet à la préparation aux carottes
concassé les cerneaux de noix
ajouter les noix, les raisins secs et le lait remuer jusqu’à obtenir une pâte lisse sans grumeaux
Beurrer la cuve de votre thermochef.
verser la préparation et fermer le couvercle.
programmer menu menu four vapeur, vapeur 5 puissance2
Démouler quand il dit c’est prêt et déguster froid.
bonne dégustation.",116,,
Gateau aux amandes et myrtilles facon thermochef,https://30minutesparjour.com/recettes-audio/fr/desserts/GATEAU%20AUX%20AMANDES%20ET%20MYRTILLES%20FACON%20THERMOCHEF.mp3,Desserts,"4 Oeufs
150 g de sucre de canne complet
200 g de poudre d’amandes
100 g de beurre
100 g de myrtilles
130 g de sucre glace
25 g de jus de citron pour le glaçage",117,,
Gateau aux pommes et citron facon thermochef,https://30minutesparjour.com/recettes-audio/fr/desserts/GATEAU%20AUX%20POMMES%20ET%20CITRON%20FACON%20THERMOCHEF.mp3,Desserts,"2 pommes Golden moyennes
1 citron bio
2 œufs
150 g de farine de maïs sans gluten
200 ml de lait de coco
75 g de sucre de coco
50 g de noix de coco râpée
1 cuillère à café de cannelle
1 cuillère à soupe de fleur d’oranger
1 cuillère à soupe de rhum brun
2 cuillères à soupe de miel liquide
1 pincée de sel
Prélevez le zeste du citron avec un économe, découpez-le en fines lanières et réservez. Pressez le jus
Épluchez les pommes et râpez-les avec une grosse râpe, puis mélangez-les immédiatement avec le
jus de citron pour éviter l’oxydation.
Dans un saladier, mélangez les œufs, la farine de maïs, le lait de coco, le sucre de coco, la cannelle,
la fleur d’oranger, le rhum et la pincée de sel jusqu’à obtenir une pâte homogène.
Incorporez les pommes râpées et les zestes de citron dans la pâte, puis mélangez bien le tout.
Beurrez la cuve du Thermochef avec 10 g de beurre, puis versez la pâte dans la cuve.
Programmez le menu Four Vapeur pour 15 minutes, vapeur 3, puissance 2.
Une fois la cuisson terminée, démoulez le gâteau à l’aide de la grille en métal.
Saupoudrez de sucre glace et laissez refroidir avant de servir.
Bonne dégustation !",118,,
Gateau moelleux au chocolat alsa facon thermochef,https://30minutesparjour.com/recettes-audio/fr/desserts/GATEAU%20MOELLEUX%20AU%20CHOCOLAT%20ALSA%20FACON%20THERMOCHEF.mp3,Desserts,"200 g de chocolat dessert (tablette)
4 œufs entiers
75 g de sucre de coco (ou sucre classique)
50 g de farine (blé, riz ou poudre d’amande pour version sans
gluten)
1 sachet de levure chimique
25 cl de crème de coco (ou crème liquide/crème fraîche)
Spray de démoulage ou beurre pour graisser la cuve
oeuf
sachet de levure chimique
spray de demoulage ou",119,,
Gateau moelleux au chocolat facon thermochef,https://30minutesparjour.com/recettes-audio/fr/desserts/GATEAU%20MOELLEUX%20AU%20CHOCOLAT%20FACON%20THERMOCHEF.mp3,Desserts,"200 g de chocolat dessert (tablette)
4 œufs entiers
75 g de sucre de coco (ou sucre classique)
50 g de farine (blé, riz ou poudre d’amande pour version sans
gluten)
1 sachet de levure chimique
25 cl de crème de coco (ou crème liquide/crème fraîche)
Spray de démoulage ou beurre pour graisser la cuve
oeuf
sachet de levure chimique
spray de demoulage ou",120,,
Naan a la banane et au coco facon thermochef,https://30minutesparjour.com/recettes-audio/fr/desserts/NAAN%20A%20LA%20BANANE%20ET%20AU%20COCO%20FACON%20THERMOCHEF.mp3,Desserts,"250g de farine
120ml d’eau tiède
1 yaourt nature lait entier
1 cuillère à café de levure sèche
2 cuillères à soupe de sucre
1 cuillère à soupe d’huile d’olive
2 bananes mûres, écrasées
50g de noix de coco râpée
1 pincée de sel",121,,
Naan au chocolat et a l’orange facon thermochef,https://30minutesparjour.com/recettes-audio/fr/desserts/NAAN%20AU%20CHOCOLAT%20ET%20A%20L%E2%80%99ORANGE%20FACON%20THERMOCHEF.mp3,Desserts,"250g de farine
120ml d’eau tiède
1 yaourt nature lait entier
1 cuillère à café de levure sèche
2 cuillères à soupe de sucre
1 cuillère à soupe d’huile d’olive
Le zeste d’une orange
100g de pépites de chocolat
1 pincée de sel",122,,
Pain au levain naturel et farine de seigle facon thermochef,https://30minutesparjour.com/recettes-audio/fr/desserts/PAIN%20AU%20LEVAIN%20NATUREL%20ET%20FARINE%20DE%20SEIGLE%20FACON%20THERMOCHEF.mp3,Desserts,"pain
levain
naturel
farine
seigle",123,,
Pain aux noix sans petrissage facon thermochef,https://30minutesparjour.com/recettes-audio/fr/desserts/PAIN%20AUX%20NOIX%20SANS%20PETRISSAGE%20FACON%20THERMOCHEF%20%E2%80%94.mp3,Desserts,"200 g de farine T55
150 g de farine intégrale T150
125 g de cerneaux de noix
2 yaourts nature
2 cuillères à soupe d’huile d’olive
1 œuf
1 cuillère à café de bicarbonate de soude
1 jus d’un demi-citron
1 cuillère à café de sel
farine intégrale T150
cerneau de noix
oeuf",124,,
Pain multicereales aux legumes facon thermochef,https://30minutesparjour.com/recettes-audio/fr/desserts/PAIN%20MULTICEREALES%20AUX%20LEGUMES%20FACON%20THERMOCHEF.mp3,Desserts,"pain
multicéréales
légumes",125,,
Pain vapeur basique facon thermochef,https://30minutesparjour.com/recettes-audio/fr/desserts/PAIN%20VAPEUR%20BASIQUE%20FACON%20THERMOCHEF.mp3,Desserts,"pain
vapeur
basique",126,,
"Polenta vanille, rhum et pepites de chocolat facon thermochef",https://30minutesparjour.com/recettes-audio/fr/desserts/POLENTA%20VANILLE%2C%20RHUM%20ET%20PEPITES%20DE%20CHOCOLAT%20FACON%20THERMOCHEF.mp3,Desserts,"500 ml de lait de coco-riz
10 ml de lait de coco-riz froid
40 g de sucre de coco
100 g de polenta
1 bâton de vanille (ou 1 cuillère à soupe d’extrait de vanille)
1 cuillère à soupe de rhum brun
10 g de pépites de chocolat",127,,
Quatre-quart marbre facon thermochef,https://30minutesparjour.com/recettes-audio/fr/desserts/QUATRE-QUART%20MARBRE%20FACON%20THERMOCHEF.mp3,Desserts,"3 œufs
90 g de sucre glace
150 g de farine d’épeautre
50 g de lait de coco
80 g de beurre
1 sachet de sucre vanillé
1 sachet de levure chimique
80 g de chocolat noir dessert
1 pincée de sel
1 litre de lait.
100 grammes de riz rond.
1 cuillère à soupe d’extrait de vanille.
1 cuillère à soupe de fleur d’oranger.
1 ou 2 cuillères à soupe de rhum brun (optionnel).
60 grammes de sucre de fleur de coco.
3 cuillères à soupe de sirop de yacon.",128,,
Riz au lait basse temperature fleur de coco et sirop de yacon facon thermochef,https://30minutesparjour.com/recettes-audio/fr/desserts/RIZ%20AU%20LAIT%20BASSE%20TEMPERATURE%20FLEUR%20DE%20COCO%20ET%20SIROP%20DE%20YACON%20FACON%20THERMOCHEF.mp3,Desserts,"riz
lait
basse
température
fleur
coco
sirop
yacon",129,,
Yaourt maison a la cannelle et au miel au thermochef,https://30minutesparjour.com/recettes-audio/fr/desserts/YAOURT%20MAISON%20A%20LA%20CANNELLE%20ET%20AU%20MIEL%20AU%20THERMOCHEF.mp3,Desserts,"1 litre de lait entier
1 sachet de ferments lactiques pour yaourt (ou 1 yaourt nature comme ferment)
2 cuillères à soupe de miel (ajustez selon votre goût)
1 cuillère à café de cannelle en poudre",130,,
Yaourt maison au thermochef,https://30minutesparjour.com/recettes-audio/fr/desserts/YAOURT%20MAISON%20AU%20THERMOCHEF.mp3,Desserts,"1 litre de lait entier
1 sachet de ferments lactiques pour yaourt (ou 1 yaourt nature comme ferment)",131,,
Yaourt maison aux fruits rouges au thermochef,https://30minutesparjour.com/recettes-audio/fr/desserts/YAOURT%20MAISON%20AUX%20FRUITS%20ROUGES%20AU%20THERMOCHEF.mp3,Desserts,"1 litre de lait entier
1 sachet de ferments lactiques pour yaourt (ou 1 yaourt nature comme ferment)
200 g de fruits rouges frais ou surgelés (framboises, fraises, myrtilles, etc.)
2 à 3 cuillères à soupe de miel ou de sucre (ajustez selon votre goût)",132,,
Yaourt maison vegetal a la vanille et au lait d’amande au thermochef,https://30minutesparjour.com/recettes-audio/fr/desserts/YAOURT%20MAISON%20VEGETAL%20A%20LA%20VANILLE%20ET%20AU%20LAIT%20D%E2%80%99AMANDE%20AU%20THERMOCHEF.mp3,Desserts,"1 litre de lait d’amande non sucré
2 cuillères à soupe de sirop d’agave ou de miel (pour une version non strictement végétalienne)
1 gousse de vanille (ou 1 cuillère à café d’extrait de vanille naturel)
2 cuillères à soupe de fécule de maïs (pour aider à l’épaississement)
1 sachet de ferments lactiques spécifiques pour yaourt végétal (assurez-vous qu’ils sont adaptés à
la fermentation de laits végétaux)",133,,
"Yaourt maison vegetal au lait d’amande, cacao et banane au thermochef",https://30minutesparjour.com/recettes-audio/fr/desserts/YAOURT%20MAISON%20VEGETAL%20AU%20LAIT%20D%E2%80%99AMANDE%2C%20CACAO%20ET%20BANANE%20AU%20THERMOCHEF.mp3,Desserts,"1 litre de lait d’amande non sucré
2 à 3 cuillères à soupe de cacao en poudre non sucré (ajustez selon votre goût pour l’intensité du
chocolat)
1 à 2 bananes mûres, écrasées
2 à 3 cuillères à soupe de sirop d’agave ou de sucre (ajustez selon votre goût)
1 sachet de ferments lactiques spécifiques pour yaourt végétal (assurez-vous qu’ils sont adaptés à
la fermentation de laits végétaux)
2 cuillères à soupe d’amidon de maïs ou d’agar-agar (pour aider à l’épaississement, si nécessaire)",134,,
Œufs a la coque facon thermochef,https://30minutesparjour.com/recettes-audio/fr/oeuf%20et%20omelette/%C5%92UFS%20A%20LA%20COQUE%20FACON%20THERMOCHEF.mp3,Oeuf et omelette,"1 à 4 œufs
80 millilitres d’eau, soit une demi-mesurette ThermoChef",135,,
Œufs au plat facon thermochef,https://30minutesparjour.com/recettes-audio/fr/oeuf%20et%20omelette/%C5%92UFS%20AU%20PLAT%20FACON%20THERMOCHEF.mp3,Oeuf et omelette,"2 œufs
Un peu d’huile d’olive ou spray d’huile d’olive
Sel facultatif
Poivre facultatif",136,,
Œufs durs facon thermochef,https://30minutesparjour.com/recettes-audio/fr/oeuf%20et%20omelette/%C5%92UFS%20DURS%20FACON%20THERMOCHEF.mp3,Oeuf et omelette,"1 à 6 œufs
1 mesurette ThermoChef complète d’eau, environ 160 millilitres",137,,
Omelette au fromage facon thermochef,https://30minutesparjour.com/recettes-audio/fr/oeuf%20et%20omelette/OMELETTE%20AU%20FROMAGE%20FACON%20THERMOCHEF.mp3,Oeuf et omelette,"3 œufs
Une petite poignée de gruyère râpé
Un peu d’huile d’olive ou spray d’huile d’olive
Sel
Poivre
Herbes de Provence facultatives",138,,
"Omelette aux champignons, ail et persil facon thermochef",https://30minutesparjour.com/recettes-audio/fr/oeuf%20et%20omelette/OMELETTE%20AUX%20CHAMPIGNONS%2C%20AIL%20ET%20PERSIL%20FACON%20THERMOCHEF.mp3,Oeuf et omelette,"3 œufs
150 grammes de champignons émincés
1 petite gousse d’ail hachée
1 cuillère à soupe de persil haché
Un peu d’huile d’olive ou spray d’huile d’olive
Sel
Poivre
Herbes de Provence, curry doux, cumin ou paprika doux facultatif",139,,
Omelette aux oignons facon thermochef,https://30minutesparjour.com/recettes-audio/fr/oeuf%20et%20omelette/OMELETTE%20AUX%20OIGNONS%20FACON%20THERMOCHEF.mp3,Oeuf et omelette,"3 œufs
1 petit oignon ou un demi-oignon moyen
Un peu d’huile d’olive ou spray d’huile d’olive
Sel
Poivre
Herbes de Provence facultatives
Curry, cumin ou paprika doux facultatif",140,,
Omelette courgette et chevre facon thermochef,https://30minutesparjour.com/recettes-audio/fr/oeuf%20et%20omelette/OMELETTE%20COURGETTE%20ET%20CHEVRE%20FACON%20THERMOCHEF.mp3,Oeuf et omelette,"3 œufs
1 petite courgette
Un peu de fromage de chèvre émietté
Un peu d’huile d’olive ou spray d’huile d’olive
Sel
Poivre
Herbes de Provence, basilic, cumin doux, curry doux ou paprika doux facultatif",141,,
Omelette jambon-fromage facon thermochef,https://30minutesparjour.com/recettes-audio/fr/oeuf%20et%20omelette/OMELETTE%20JAMBON-FROMAGE%20FACON%20THERMOCHEF.mp3,Oeuf et omelette,"3 œufs
Une petite poignée de gruyère râpé
1 tranche de jambon coupée en petits morceaux
Un peu d’huile d’olive ou spray d’huile d’olive
Sel
Poivre
Herbes de Provence facultatives",142,,
Omelette nature facon thermochef,https://30minutesparjour.com/recettes-audio/fr/oeuf%20et%20omelette/OMELETTE%20NATURE%20FACON%20THERMOCHEF.mp3,Oeuf et omelette,"3 œufs
Un peu d’huile d’olive ou spray d’huile d’olive
Sel
Poivre
Herbes de Provence facultatives",143,,
Omelette tomate basilic facon thermochef,https://30minutesparjour.com/recettes-audio/fr/oeuf%20et%20omelette/OMELETTE%20TOMATE%20BASILIC%20FACON%20THERMOCHEF.mp3,Oeuf et omelette,"3 œufs
Quelques tomates coupées en petits dés
Quelques feuilles de basilic frais ciselées
Un peu d’huile d’olive ou spray d’huile d’olive
Sel
Poivre",144,,
One pot cavatelli a la saucisse italienne et aux poivrons,https://30minutesparjour.com/recettes-audio/fr/one%20pot%20pasta/ONE%20POT%20CAVATELLI%20A%20LA%20SAUCISSE%20ITALIENNE%20ET%20AUX%20POIVRONS.mp3,One pot pasta,"4 mugs de cavatelli
300g de saucisse italienne, enlevée de son enveloppe et émiettée
1 poivron rouge, coupé en lanières
1 poivron jaune, coupé en lanières
1 oignon, finement haché
2 gousses d'ail, émincées
Huile d'olive
Sel avec prudence et poivre
Parmesan râpé pour servir
Basilic frais ou persil pour garnir",145,,
One pot conchiglie aux epinards et a la creme,https://30minutesparjour.com/recettes-audio/fr/one%20pot%20pasta/ONE%20POT%20CONCHIGLIE%20AUX%20EPINARDS%20ET%20A%20LA%20CREME.mp3,One pot pasta,"4 mugs de conchiglie (coquilles)
200g d'épinards frais ou surgelés
250ml de crème fraîche
2 gousses d'ail, émincées
Huile d'olive
Sel avec prudence et poivre
Parmesan râpé pour servir
Noix de muscade râpée (optionnel)",146,,
One pot coquillettes saumon et creme citronnee,https://30minutesparjour.com/recettes-audio/fr/one%20pot%20pasta/ONE%20POT%20COQUILLETTES%20SAUMON%20ET%20CREME%20CITRONNEE.mp3,One pot pasta,"4 mugs de coquillettes
300g de saumon frais, sans peau, coupé en dés
Zeste et jus de 1 citron
250ml de crème fraîche
1 oignon, finement haché
2 gousses d'ail, émincées
Huile d'olive
Sel avec prudence et poivre
Aneth frais pour garnir",147,,
One pot farfalle a la grecque vegetarien,https://30minutesparjour.com/recettes-audio/fr/one%20pot%20pasta/ONE%20POT%20FARFALLE%20A%20LA%20GRECQUE%20VEGETARIEN.mp3,One pot pasta,"400g de farfalles
200g de tomates cerise, coupées en deux
150g de feta, émiettée
100g d'olives noires, dénoyautées
1 oignon rouge, finement tranché
2 gousses d'ail, émincées
Huile d'olive
Sel avec prudence et poivre
Origan frais ou séché",148,,
One pot farfalle aux legumes printemps,https://30minutesparjour.com/recettes-audio/fr/one%20pot%20pasta/ONE%20POT%20FARFALLE%20AUX%20LEGUMES%20PRINTEMPS.mp3,One pot pasta,"4 mugs de farfalle
200g de petits pois frais ou surgelés
1 courgette, coupée en dés
1 carotte, coupée en fines rondelles
2 gousses d'ail, émincées
Huile d'olive
Sel avec prudence et poivre
Parmesan râpé pour servir",149,,
One pot farfalle champignons et creme,https://30minutesparjour.com/recettes-audio/fr/one%20pot%20pasta/ONE%20POT%20FARFALLE%20CHAMPIGNONS%20ET%20CREME.mp3,One pot pasta,"4 mugs de farfalles
300g de champignons, tranchés
250ml de crème fraîche
2 gousses d'ail, émincées
Huile d'olive
Sel avec prudence et poivre
Parmesan râpé pour servir
Persil frais pour garnir",150,,
One pot farfalle ratatouille vegetarien,https://30minutesparjour.com/recettes-audio/fr/one%20pot%20pasta/ONE%20POT%20FARFALLE%20RATATOUILLE%20VEGETARIEN.mp3,One pot pasta,"400g de farfalles
1 petite aubergine, coupée en dés
1 courgette, coupée en dés
1 poivron rouge, coupé en lanières
1 oignon, finement haché
2 gousses d'ail, émincées
400g de tomates concassées en conserve
Huile d'olive
Sel avec prudence et poivre
Herbes de Provence",151,,
One pot farfalleaux fruits de mer facon thermochef,https://30minutesparjour.com/recettes-audio/fr/one%20pot%20pasta/one%20pot%20farfalleaux%20fruits%20de%20mer%20facon%20thermochef.mp3,One pot pasta,"4 mugs de farfalle
4 mesurettes ThermoChef de liquide total : 1 mesurette de vin blanc et 3 mesurettes d’eau ou de bouillon de légumes doux. Sans vin blanc, utilisez 4 mesurettes d’eau ou de bouillon
300 grammes de fruits de mer frais ou surgelés, prêts à cuire, sans coquilles
200 grammes de tomates cerises coupées en deux
2 gousses d’ail émincées
1 cuillère à soupe d’huile d’olive, uniquement pour les options 2 et 3
Sel avec prudence
Poivre
Persil frais haché pour la fin
Quelques gouttes de citron facultatives au service",152,,
One pot fusilli a la ratatouille,https://30minutesparjour.com/recettes-audio/fr/one%20pot%20pasta/ONE%20POT%20FUSILLI%20A%20LA%20RATATOUILLE.mp3,One pot pasta,"4 mugs de fusilli
1 petite aubergine, coupée en dés
1 courgette, coupée en dés
1 poivron rouge, coupé en lanières
1 oignon, finement haché
2 gousses d'ail, émincées
400g de tomates concassées en conserve
Huile d'olive
Sel avec prudence et poivre
Herbes de Provence",153,,
One pot fusilli bœuf stroganoff,https://30minutesparjour.com/recettes-audio/fr/one%20pot%20pasta/ONE%20POT%20FUSILLI%20B%C5%92UF%20STROGANOFF.mp3,One pot pasta,"4 mugs de fusilli
300g de bœuf, coupé en lanières
1 oignon, finement haché
2 gousses d'ail, émincées
200g de champignons, tranchés
1 cuillère à soupe de paprika
250ml de crème fraîche
500ml de bouillon de bœuf
Huile d'olive
Sel avec prudence et poivre
Persil frais pour garnir",154,,
One pot fusilli carbonara de courgettes vegetarien,https://30minutesparjour.com/recettes-audio/fr/one%20pot%20pasta/ONE%20POT%20FUSILLI%20CARBONARA%20DE%20COURGETTES%20VEGETARIEN.mp3,One pot pasta,"4 mugs de fusilli
2 courgettes, coupées en demi-lunes
200ml de crème fraîche
2 jaunes d'œuf
100g de parmesan râpé
2 gousses d'ail, émincées
Huile d'olive
Sel avec prudence et poivre
Feuilles de basilic frais pour garnir",155,,
One pot fusilli chorizo et poivrons,https://30minutesparjour.com/recettes-audio/fr/one%20pot%20pasta/ONE%20POT%20FUSILLI%20CHORIZO%20ET%20POIVRONS.mp3,One pot pasta,"4 mugs de fusilli
200g de chorizo, coupé en rondelles
1 poivron rouge, coupé en lanières
1 poivron jaune, coupé en lanières
2 gousses d'ail, émincées
400g de tomates concassées en conserve
Huile d'olive
Sel avec prudence et poivre
Feuilles de basilic frais pour garnir
400g de fusilli
Sel et poivre au goût",156,,
One pot fusilli et boulettes de viande facon thermochef,https://30minutesparjour.com/recettes-audio/fr/one%20pot%20pasta/ONE%20POT%20FUSILLI%20ET%20BOULETTES%20DE%20VIANDE%20FACON%20THERMOCHEF.mp3,One pot pasta,"4 mugs de fusilli
4 mesurettes ThermoChef de liquide total : 2 mesurettes de tomates concassées et 2 mesurettes d’eau ou de bouillon de légumes doux
300 grammes de viande hachée, bœuf ou mélange bœuf et porc
1 œuf
50 grammes de chapelure
2 gousses d’ail émincées
1 oignon finement émincé
Herbes de Provence
1 cuillère à soupe d’huile d’olive, uniquement pour les options 2 et 3
Sel avec prudence
Poivre
Parmesan râpé et basilic frais pour la fin",157,,
One pot fusilli pesto de roquette vegetarien,https://30minutesparjour.com/recettes-audio/fr/one%20pot%20pasta/ONE%20POT%20FUSILLI%20PESTO%20DE%20ROQUETTE%20VEGETARIEN.mp3,One pot pasta,"4 mugs de fusilli
200g de roquette
50g de pignons de pin
2 gousses d'ail
100g de parmesan râpé
Huile d'olive extra vierge
Sel avec prudence et poivre
Jus de 1 citron",158,,
One pot fusilli poulet cacciatore,https://30minutesparjour.com/recettes-audio/fr/one%20pot%20pasta/ONE%20POT%20FUSILLI%20POULET%20CACCIATORE.mp3,One pot pasta,"4 mugs de fusilli
300g de poitrine de poulet, coupée en dés
1 oignon, finement haché
2 gousses d'ail, émincées
200g de champignons, tranchés
1 poivron rouge, coupé en lanières
400g de tomates concassées en conserve
100ml de vin rouge
Huile d'olive
Sel avec prudence et poivre
Herbes de Provence
Parmesan râpé pour servir",159,,
One pot fusilli primavera vegetarien,https://30minutesparjour.com/recettes-audio/fr/one%20pot%20pasta/ONE%20POT%20FUSILLI%20PRIMAVERA%20VEGETARIEN.mp3,One pot pasta,"4 mugs de fusilli
200g de brocoli, coupé en petits bouquets
1 courgette, coupée en dés
1 carotte, coupée en fines rondelles
1 poivron rouge, coupé en lanières
2 gousses d'ail, émincées
750ml de bouillon de légumes
Huile d'olive
Sel avec prudence et poivre
Parmesan râpé pour servir",160,,
One pot macaroni brocoli et fromage,https://30minutesparjour.com/recettes-audio/fr/one%20pot%20pasta/ONE%20POT%20MACARONI%20BROCOLI%20ET%20FROMAGE.mp3,One pot pasta,"4 mugs de macaroni
300g de brocoli, coupé en petits bouquets
2 gousses d'ail, émincées
500ml de lait
250ml d'eau ou de bouillon de légumes
200g de fromage cheddar, râpé
Sel avec prudence et poivre
Noix de muscade râpée (optionnel)",161,,
One pot macaroni cheeseburger,https://30minutesparjour.com/recettes-audio/fr/one%20pot%20pasta/ONE%20POT%20MACARONI%20CHEESEBURGER.mp3,One pot pasta,"4 mugs de macaroni
300g de viande hachée (bœuf)
1 oignon, finement haché
2 gousses d'ail, émincées
400g de tomates concassées en conserve
250ml de bouillon de bœuf
200g de cheddar, râpé
Huile d'olive
Sel avec prudence et poivre
Cornichons tranchés pour garnir",162,,
One pot macaronis a la carbonara facon thermochef,https://30minutesparjour.com/recettes-audio/fr/one%20pot%20pasta/ONE%20POT%20MACARONIS%20A%20LA%20CARBONARA%20FACON%20THERMOCHEF.mp3,One pot pasta,"4 mugs de macaronis
4 mesurettes ThermoChef d’eau ou de bouillon de légumes doux
200 grammes de lardons fumés. Pour une version directe, utilisez plutôt des lardons déjà cuits ou des allumettes de jambon cuit
200 millilitres de crème fraîche
2 jaunes d’œuf très frais, ou jaunes d’œuf pasteurisés
100 grammes de parmesan râpé
Poivre
Sel avec grande prudence, car les lardons et le parmesan sont déjà salés
Persil frais facultatif",163,,
One pot macaronis alfredo au poulet facon thermochef,https://30minutesparjour.com/recettes-audio/fr/one%20pot%20pasta/ONE%20POT%20MACARONIS%20ALFREDO%20AU%20POULET%20FACON%20THERMOCHEF.mp3,One pot pasta,"4 mugs de macaronis
4 mesurettes ThermoChef d’eau ou de bouillon de volaille doux
350 grammes de blanc de poulet coupé en petits dés réguliers
Pour l’option directe, utilisez plutôt du poulet déjà cuit
2 gousses d’ail émincées
1 cuillère à soupe d’huile d’olive, uniquement pour les options 2 et 3
200 millilitres de crème fraîche
100 grammes de parmesan râpé
Poivre
Sel avec prudence
Persil frais pour la fin
Petite pincée de noix de muscade facultative",164,,
One pot macaronis aux artichauts et huile d’olive,https://30minutesparjour.com/recettes-audio/fr/one%20pot%20pasta/ONE%20POT%20MACARONIS%20AUX%20ARTICHAUTS%20ET%20HUILE%20D%E2%80%99OLIVE.mp3,One pot pasta,"4 mugs de macaronis
200g de cœurs d'artichauts en conserve, égouttés et coupés en quartiers
3 gousses d'ail, émincées
Huile d'olive extra vierge
Sel avec prudence et poivre
Parmesan râpé pour servir
Persil frais ou basilic pour garnir",165,,
One pot macaronis aux legumes mediterraneens,https://30minutesparjour.com/recettes-audio/fr/one%20pot%20pasta/ONE%20POT%20MACARONIS%20AUX%20LEGUMES%20MEDITERRANEENS.mp3,One pot pasta,"4 mugs de macaronis
1 courgette, coupée en dés
1 aubergine, coupée en dés
1 poivron rouge, coupé en lanières
200g de tomates cerises, coupées en deux
2 gousses d'ail, émincées
Huile d'olive
Sel avec prudence et poivre
Basilic frais pour garnir
Parmesan râpé pour servir",166,,
One pot macaronis crevettes et ail facon thermochef,https://30minutesparjour.com/recettes-audio/fr/one%20pot%20pasta/one%20pot%20macaronis%20crevettes%20et%20ail%20facon%20thermochef.mp3,One pot pasta,"4 mugs de macaronis
4 mesurettes ThermoChef d’eau ou de bouillon de légumes doux
300 grammes de crevettes décortiquées, crues, fraîches ou surgelées
4 gousses d’ail émincées
1 petit piment rouge émincé, facultatif
1 cuillère à soupe d’huile d’olive, uniquement pour les options 2 et 3
Le jus d’un citron
Persil frais haché pour la fin
Sel avec prudence
Poivre",167,,
One pot orecchiette aux olives et au citron,https://30minutesparjour.com/recettes-audio/fr/one%20pot%20pasta/ONE%20POT%20ORECCHIETTE%20AUX%20OLIVES%20ET%20AU%20CITRON.mp3,One pot pasta,"400g d'orecchiette
150g d'olives vertes, dénoyautées et coupées en rondelles
Zeste et jus de 2 citrons
2 gousses d'ail, émincées
Huile d'olive extra vierge
Sel avec prudence et poivre
Parmesan râpé pour servir
Quelques feuilles de basilic frais pour garnir",168,,
One pot orzo a la saucisse italienne et au poireau,https://30minutesparjour.com/recettes-audio/fr/one%20pot%20pasta/ONE%20POT%20ORZO%20A%20LA%20SAUCISSE%20ITALIENNE%20ET%20AU%20POIREAU.mp3,One pot pasta,"400g d'orzo
300g de saucisse italienne, enlevée de son enveloppe et émiettée
1 poireau, nettoyé et coupé en rondelles
2 gousses d'ail, émincées
750ml de bouillon de poulet ou de légumes
Huile d'olive
Sel avec prudence et poivre
Parmesan râpé pour servir
Persil frais ou basilic pour garnir",169,,
One pot orzo crevettes et citron,https://30minutesparjour.com/recettes-audio/fr/one%20pot%20pasta/ONE%20POT%20ORZO%20CREVETTES%20ET%20CITRON.mp3,One pot pasta,"400g d'orzo (pâtes en forme de riz)
300g de crevettes décortiquées
Zeste et jus de 1 citron
2 gousses d'ail, émincées
1 oignon, finement haché
750ml de bouillon de légumes
Huile d'olive
Sel avec prudence et poivre
Persil frais haché pour garnir",170,,
One pot orzo mediterraneen vegetarien,https://30minutesparjour.com/recettes-audio/fr/one%20pot%20pasta/ONE%20POT%20ORZO%20MEDITERRANEEN%20VEGETARIEN.mp3,One pot pasta,"400g d'orzo (pâtes en forme de riz)
200g de tomates cerises, coupées en deux
1 courgette, coupée en dés
1 poivron rouge, coupé en lanières
1 oignon, finement haché
2 gousses d'ail, émincées
100g de feta, émiettée
Huile d'olive
Sel avec prudence et poivre
Herbes de Provence",171,,
One pot orzo poulet et citron,https://30minutesparjour.com/recettes-audio/fr/one%20pot%20pasta/ONE%20POT%20ORZO%20POULET%20ET%20CITRON.mp3,One pot pasta,"400g d'orzo
300g de poitrine de poulet, coupée en dés
Zeste et jus de 2 citrons
1 oignon, finement haché
2 gousses d'ail, émincées
750ml de bouillon de poulet
Huile d'olive
Sel avec prudence et poivre
Persil frais pour garnir
Parmesan râpé pour servir",172,,
One pot pates au thon mediterraneen,https://30minutesparjour.com/recettes-audio/fr/one%20pot%20pasta/ONE%20POT%20PATES%20AU%20THON%20MEDITERRANEEN.mp3,One pot pasta,"4 mugs de pâtes de votre choix
200g de thon en conserve, égoutté
200g de tomates cerises, coupées en deux
100g d'olives noires, dénoyautées
2 gousses d'ail, émincées
1 oignon, finement haché
Huile d'olive
Sel avec prudence et poivre
Feuilles de basilic frais pour garnir",173,,
One pot pates poulet et champignons,https://30minutesparjour.com/recettes-audio/fr/one%20pot%20pasta/ONE%20POT%20PATES%20POULET%20ET%20CHAMPIGNONS.mp3,One pot pasta,"4 mugs de pâtes de votre choix
300g de poitrines de poulet, coupées en dés
200g de champignons, tranchés
1 oignon, finement haché
2 gousses d'ail, émincées
750ml de bouillon de poulet
100ml de crème fraîche
Sel avec prudence et poivre
Huile d'olive
Persil frais haché pour garnir",174,,
One pot penne a la tomate et au basilic,https://30minutesparjour.com/recettes-audio/fr/one%20pot%20pasta/ONE%20POT%20PENNE%20A%20LA%20TOMATE%20ET%20AU%20BASILIC.mp3,One pot pasta,"4 mugs de penne
400g de tomates concassées en conserve
2 gousses d'ail, émincées
Huile d'olive
Un bouquet de basilic frais, haché
Sel avec prudence et poivre
Parmesan râpé pour servir",175,,
One pot penne au poulet et pesto rosso,https://30minutesparjour.com/recettes-audio/fr/one%20pot%20pasta/ONE%20POT%20PENNE%20AU%20POULET%20ET%20PESTO%20ROSSO.mp3,One pot pasta,"4 mugs de penne
300g de poitrine de poulet, coupée en dés
200g de pesto rosso (pesto de tomates séchées)
1 oignon, finement haché
2 gousses d'ail, émincées
Huile d'olive
Sel avec prudence et poivre
Parmesan râpé pour servir
Feuilles de basilic frais pour garnir",176,,
One pot penne bolognaise,https://30minutesparjour.com/recettes-audio/fr/one%20pot%20pasta/ONE%20POT%20PENNE%20BOLOGNAISE.mp3,One pot pasta,"4 mugs de penne (cuisson 10 minutes sur le paquet)
500g de viande hachée (bœuf ou mélange bœuf/porc)
1 oignon, finement haché
2 gousses d'ail, émincées
800g de tomates concassées en conserve
100g de carottes, coupées en petits dés
100g de céleri, coupé en petits dés
1 cuillère à soupe de concentré de tomate
Sel, poivre, et herbes de Provence au goût
Huile d'olive
100g de parmesan râpé pour servir
300g de penne (cuisson 10 minutes sur le paquet)",177,,
One pot penne epinards et tomates sechees vegetarien,https://30minutesparjour.com/recettes-audio/fr/one%20pot%20pasta/ONE%20POT%20PENNE%20EPINARDS%20ET%20TOMATES%20SECHEES%20VEGETARIEN.mp3,One pot pasta,"4 mugs de penne
200g d'épinards frais
100g de tomates séchées, coupées en lanières
2 gousses d'ail, émincées
750ml de bouillon de légumes
Huile d'olive
Sel avec prudence et poivre
Parmesan râpé pour servir",178,,
One pot penne poulet et artichauts,https://30minutesparjour.com/recettes-audio/fr/one%20pot%20pasta/ONE%20POT%20PENNE%20POULET%20ET%20ARTICHAUTS.mp3,One pot pasta,"4 mugs de penne
300g de poitrine de poulet, coupée en dés
200g de cœurs d'artichauts en conserve, égouttés et coupés en quartiers
1 oignon, finement haché
2 gousses d'ail, émincées
250ml de bouillon de poulet
100ml de crème fraîche
Huile d'olive
Sel avec prudence et poivre
Parmesan râpé pour servir
Persil frais pour garnir",179,,
One pot penne poulet et pesto,https://30minutesparjour.com/recettes-audio/fr/one%20pot%20pasta/ONE%20POT%20PENNE%20POULET%20ET%20PESTO.mp3,One pot pasta,"300g de pâtes penne
2 poitrines de poulet coupées en dés
200g de pesto vert
100g de tomates cerises, coupées en deux
1 oignon, finement haché
2 gousses d'ail, émincées
750ml de bouillon de poulet
100g de parmesan râpé
Sel avec prudence et poivre
Huile d'olive",180,,
One pot pipe rigate brocoli et saumon,https://30minutesparjour.com/recettes-audio/fr/one%20pot%20pasta/ONE%20POT%20PIPE%20RIGATE%20BROCOLI%20ET%20SAUMON.mp3,One pot pasta,"4 mugs de pipe rigate ou une autre pâte courte
300g de saumon frais, sans peau, coupé en dés
200g de brocoli, coupé en petits bouquets
2 gousses d'ail, émincées
Huile d'olive
Sel avec prudence et poivre
Crème fraîche ou fromage frais (optionnel)
Zeste de citron pour garnir",181,,
One pot radiatori au saumon fume et aux petits pois,https://30minutesparjour.com/recettes-audio/fr/one%20pot%20pasta/ONE%20POT%20RADIATORI%20AU%20SAUMON%20FUME%20ET%20AUX%20PETITS%20POIS.mp3,One pot pasta,"4 mugs de radiatori
200g de saumon fumé, coupé en lanières
200g de petits pois, frais ou surgelés
1 oignon, finement haché
250ml de crème fraîche
Huile d'olive
Sel avec prudence et poivre
Aneth frais pour garnir",182,,
One pot rigatoni a la norma vegetarien,https://30minutesparjour.com/recettes-audio/fr/one%20pot%20pasta/ONE%20POT%20RIGATONI%20A%20LA%20NORMA%20VEGETARIEN.mp3,One pot pasta,"4 mugs de rigatoni
1 aubergine, coupée en dés
400g de tomates concassées en conserve
2 gousses d'ail, émincées
1 oignon, finement haché
100g de ricotta salata (ou parmesan) râpé
Huile d'olive
Sel avec prudence et poivre
Feuilles de basilic frais pour garnir",183,,
One pot rigatoni a la saucisse italienne,https://30minutesparjour.com/recettes-audio/fr/one%20pot%20pasta/ONE%20POT%20RIGATONI%20A%20LA%20SAUCISSE%20ITALIENNE.mp3,One pot pasta,"4 mugs de rigatoni
300g de saucisse italienne, enlevée de son enveloppe
1 oignon, finement haché
2 gousses d'ail, émincées
400g de tomates concassées en conserve
Huile d'olive
Sel avec prudence et poivre
Parmesan râpé pour servir
Basilic frais pour garnir",184,,
One pot rigatoni porc effiloche,https://30minutesparjour.com/recettes-audio/fr/one%20pot%20pasta/ONE%20POT%20RIGATONI%20PORC%20EFFILOCHE.mp3,One pot pasta,"4 mugs de rigatoni
300g de porc effiloché (pré-cuit)
1 oignon, finement haché
2 gousses d'ail, émincées
400g de sauce tomate
100ml de bouillon de légumes
Huile d'olive
Sel avec prudence et poivre
Parmesan râpé pour servir
Feuilles de basilic frais pour garnir",185,,
One pot rotini puttanesca,https://30minutesparjour.com/recettes-audio/fr/one%20pot%20pasta/ONE%20POT%20ROTINI%20PUTTANESCA.mp3,One pot pasta,"4 mugs de rotini
2 gousses d'ail, émincées
1 boîte de tomates concassées (400g)
2 cuillères à soupe de câpres
100g d'olives noires, dénoyautées et coupées en rondelles
4 filets d'anchois, hachés
1 pincée de piment rouge broyé
Huile d'olive
Sel avec prudence et poivre
Persil frais haché pour garnir",186,,
One pot tagliatelle champignons et prosciutto,https://30minutesparjour.com/recettes-audio/fr/one%20pot%20pasta/ONE%20POT%20TAGLIATELLE%20CHAMPIGNONS%20ET%20PROSCIUTTO.mp3,One pot pasta,"4 mugs de tagliatelle
200g de champignons, tranchés
100g de prosciutto, coupé en lanières
1 oignon, finement haché
2 gousses d'ail, émincées
250ml de crème fraîche
Huile d'olive
Sel avec prudence et poivre
Parmesan râpé pour servir
Persil frais pour garnir",187,,
One pot tagliatelle saumon et epinards,https://30minutesparjour.com/recettes-audio/fr/one%20pot%20pasta/ONE%20POT%20TAGLIATELLE%20SAUMON%20ET%20EPINARDS.mp3,One pot pasta,"4 mugs de tagliatelle
300g de saumon frais, coupé en dés
200g d'épinards frais
1 oignon, finement haché
2 gousses d'ail, émincées
250ml de crème fraîche
Sel avec prudence et poivre
Huile d'olive
Jus de 1 citron",188,,
Riz au curry de legumes facon thermochef,https://30minutesparjour.com/recettes-audio/fr/one%20pot%20rice/RIZ%20AU%20CURRY%20DE%20LEGUMES%20FACON%20THERMOCHEF.mp3,One pot rice,"2 mesurettes ThermoChef de riz basmati
3 mesurettes ThermoChef de lait de coco
1 carotte en petits dés
1 petite pomme de terre en petits dés
100 g de petits pois
2 cuillères à soupe de pâte de curry
Sel avec prudence
Poivre",189,,
Riz au curry vert et poulet facon thermochef,https://30minutesparjour.com/recettes-audio/fr/one%20pot%20rice/RIZ%20AU%20CURRY%20VERT%20ET%20POULET%20FACON%20THERMOCHEF.mp3,One pot rice,"2 mesurettes ThermoChef de riz thaï
3 mesurettes ThermoChef d'eau
2 blancs de poulet coupés en dés
2 cuillères à soupe de pâte de curry vert
200 ml de lait de coco
1 oignon émincé
1 poivron rouge en lanières
1 filet d'huile d'olive
Sel avec prudence
Poivre",190,,
Riz au pesto et tomates sechees facon thermochef,https://30minutesparjour.com/recettes-audio/fr/one%20pot%20rice/RIZ%20AU%20PESTO%20ET%20TOMATES%20SECHEES%20FACON%20THERMOCHEF.mp3,One pot rice,"2 mesurettes ThermoChef de riz basmati
3 mesurettes ThermoChef d'eau
100 g de pesto
50 g de tomates séchées en petits morceaux
50 g de parmesan râpé
Poivre
Sel seulement si nécessaire",191,,
Riz au poulet citronne et thym facon thermochef,https://30minutesparjour.com/recettes-audio/fr/one%20pot%20rice/RIZ%20AU%20POULET%20CITRONNE%20ET%20THYM%20FACON%20THERMOCHEF.mp3,One pot rice,"2 mesurettes ThermoChef de riz thaï
3 mesurettes ThermoChef d'eau ou de bouillon de volaille doux
2 blancs de poulet coupés en fines lanières
Le zeste et le jus d'un citron
1 cuillère à soupe de thym frais
1 cuillère à soupe d'huile d'olive
Sel avec prudence
Poivre",192,,
Riz au poulet et curry facon thermochef,https://30minutesparjour.com/recettes-audio/fr/one%20pot%20rice/RIZ%20AU%20POULET%20ET%20CURRY%20FACON%20THERMOCHEF.mp3,One pot rice,"2 mesurettes ThermoChef de riz basmati
1 mesurette ThermoChef de bouillon de poulet doux
2 mesurettes ThermoChef de lait de coco
2 blancs de poulet coupés en petits dés réguliers
1 oignon émincé
2 gousses d'ail émincées
1 cuillère à soupe de pâte de curry
1 cuillère à soupe d'huile d'olive
Sel avec prudence
Poivre",193,,
Riz au poulet teriyaki facon thermochef,https://30minutesparjour.com/recettes-audio/fr/one%20pot%20rice/RIZ%20AU%20POULET%20TERIYAKI%20FACON%20THERMOCHEF.mp3,One pot rice,"2 mesurettes ThermoChef de riz basmati ou thaï
3 mesurettes ThermoChef d'eau
2 blancs de poulet
4 cuillères à soupe de sauce teriyaki
1 cuillère à soupe de miel
1 cuillère à soupe de gingembre frais râpé
1 filet d'huile de sésame
Poivre
Sel seulement si nécessaire",194,,
Riz au saumon et asperges facon thermochef,https://30minutesparjour.com/recettes-audio/fr/one%20pot%20rice/RIZ%20AU%20SAUMON%20ET%20ASPERGES%20FACON%20THERMOCHEF.mp3,One pot rice,"2 mesurettes ThermoChef de riz basmati
3 mesurettes ThermoChef d'eau
2 filets de saumon
200 g d'asperges coupées en tronçons
Le zeste et le jus d'un citron
1 filet d'huile d'olive
Sel avec prudence
Poivre",195,,
Riz au saumon fume et aneth facon thermochef,https://30minutesparjour.com/recettes-audio/fr/one%20pot%20rice/RIZ%20AU%20SAUMON%20FUME%20ET%20ANETH%20FACON%20THERMOCHEF.mp3,One pot rice,"2 mesurettes ThermoChef de riz basmati
3 mesurettes ThermoChef d'eau
200 g de saumon fumé en lanières
Aneth frais haché
Le zeste d'un citron
1 filet d'huile d'olive
Poivre
Sel seulement si nécessaire",196,,
Riz aux artichauts et citron facon thermochef,https://30minutesparjour.com/recettes-audio/fr/one%20pot%20rice/RIZ%20AUX%20ARTICHAUTS%20ET%20CITRON%20FACON%20THERMOCHEF.mp3,One pot rice,"2 mesurettes ThermoChef de riz thaï
3 mesurettes ThermoChef d'eau
200 g de cœurs d'artichauts coupés en quartiers
Le zeste et le jus d'un citron
2 gousses d'ail émincées
1 cuillère à soupe d'huile d'olive
Sel avec prudence
Poivre
1 tasse de riz thai cuisson 14 minutes
Zeste et jus d’1 citron
Sel et poivre au goût",197,,
Riz aux aubergines epicees facon thermochef,https://30minutesparjour.com/recettes-audio/fr/one%20pot%20rice/RIZ%20AUX%20AUBERGINES%20EPICEES%20FACON%20THERMOCHEF.mp3,One pot rice,"2 mesurettes ThermoChef de riz basmati
3 mesurettes ThermoChef de bouillon de légumes
2 aubergines coupées en petits dés
2 cuillères à soupe de pâte de tomate
1 cuillère à soupe de cumin moulu
1 cuillère à café de paprika
1 cuillère à soupe d'huile d'olive
Sel avec prudence
Poivre",198,,
Riz aux carottes et cumin facon thermochef,https://30minutesparjour.com/recettes-audio/fr/one%20pot%20rice/RIZ%20AUX%20CAROTTES%20ET%20CUMIN%20FACON%20THERMOCHEF.mp3,One pot rice,"2 mesurettes ThermoChef de riz blanc rond
3 mesurettes ThermoChef d'eau
3 carottes coupées en petits dés
1 cuillère à café de cumin moulu
1 cuillère à soupe d'huile d'olive
Sel avec prudence
Poivre",199,,
Riz aux cepes et parmesan facon thermochef,https://30minutesparjour.com/recettes-audio/fr/one%20pot%20rice/RIZ%20AUX%20CEPES%20ET%20PARMESAN%20FACON%20THERMOCHEF.mp3,One pot rice,"2 mesurettes ThermoChef de riz basmati
3 mesurettes ThermoChef d'eau ou de bouillon de légumes doux
200 g de cèpes nettoyés et coupés en morceaux
1 échalote émincée
2 gousses d'ail émincées
50 g de parmesan râpé
1 cuillère à soupe d'huile d'olive
Sel avec prudence
Poivre
1 tasse de riz basmati
1 échalote, hachée
Sel et poivre au goût",200,,
Riz aux champignons et persil facon thermochef,https://30minutesparjour.com/recettes-audio/fr/one%20pot%20rice/RIZ%20AUX%20CHAMPIGNONS%20ET%20PERSIL%20FACON%20THERMOCHEF.mp3,One pot rice,"2 mesurettes ThermoChef de riz basmati
3 mesurettes ThermoChef d'eau ou de bouillon de légumes doux
200 g de champignons de Paris émincés
1 bouquet de persil frais haché
2 gousses d'ail émincées
1 cuillère à soupe d'huile d'olive
Sel avec prudence
Poivre",201,,
Riz aux champignons et poulet facon thermochef,https://30minutesparjour.com/recettes-audio/fr/one%20pot%20rice/RIZ%20AUX%20CHAMPIGNONS%20ET%20POULET%20FACON%20THERMOCHEF.mp3,One pot rice,"2 mesurettes ThermoChef de riz basmati
3 mesurettes ThermoChef de bouillon de poulet doux
2 blancs de poulet coupés en petits dés
200 g de champignons de Paris émincés
1 oignon émincé
2 gousses d'ail émincées
1 cuillère à soupe d'huile d'olive
Sel avec prudence
Poivre",202,,
Riz aux courgettes et citron facon thermochef,https://30minutesparjour.com/recettes-audio/fr/one%20pot%20rice/RIZ%20AUX%20COURGETTES%20ET%20CITRON%20FACON%20THERMOCHEF.mp3,One pot rice,"2 mesurettes ThermoChef de riz basmati
3 mesurettes ThermoChef d'eau
2 courgettes coupées en demi-lunes fines
Le zeste et le jus d'un citron
1 gousse d'ail émincée
1 cuillère à soupe d'huile d'olive
Sel avec prudence
Poivre",203,,
Riz aux crevettes epicees facon thermochef,https://30minutesparjour.com/recettes-audio/fr/one%20pot%20rice/RIZ%20AUX%20CREVETTES%20EPICEES%20FACON%20THERMOCHEF.mp3,One pot rice,"2 mesurettes ThermoChef de riz basmati
3 mesurettes ThermoChef de bouillon de légumes
400 g de crevettes décortiquées
1 oignon émincé
2 gousses d'ail émincées
1 poivron rouge coupé en petits dés
1 cuillère à soupe de paprika fumé
1 cuillère à soupe d'huile d'olive
Sel avec prudence
Poivre
1 tasse de riz basmati
1 oignon, haché
1.5 tasses de bouillon de légumes
1 poivron rouge, coupé en dés
Sel et poivre au goût",204,,
Riz aux epinards et feta facon thermochef,https://30minutesparjour.com/recettes-audio/fr/one%20pot%20rice/RIZ%20AUX%20EPINARDS%20ET%20FETA%20FACON%20THERMOCHEF.mp3,One pot rice,"2 mesurettes ThermoChef de riz semi-complet cuisson 12 minutes
3 mesurettes ThermoChef d'eau
200 g d'épinards frais
100 g de feta émiettée
2 gousses d'ail émincées
1 cuillère à soupe d'huile d'olive
Sel avec prudence
Poivre",205,,
Riz aux haricots rouges et chorizo facon thermochef,https://30minutesparjour.com/recettes-audio/fr/one%20pot%20rice/RIZ%20AUX%20HARICOTS%20ROUGES%20ET%20CHORIZO%20FACON%20THERMOCHEF.mp3,One pot rice,"2 mesurettes ThermoChef de riz blanc
3 mesurettes ThermoChef de bouillon de poulet doux
200 g de chorizo en rondelles fines
1 boîte de haricots rouges égouttés et rincés
1 oignon émincé
2 gousses d'ail émincées
1 poivron rouge en petits dés
1 cuillère à café de paprika fumé
Sel avec prudence
Poivre",206,,
Riz aux legumes du soleil facon thermochef,https://30minutesparjour.com/recettes-audio/fr/one%20pot%20rice/RIZ%20AUX%20LEGUMES%20DU%20SOLEIL%20FACON%20THERMOCHEF.mp3,One pot rice,"2 mesurettes ThermoChef de riz basmati
3 mesurettes ThermoChef de bouillon de légumes
2 carottes coupées en petits dés
1 courgette coupée en petits dés
1 poivron rouge coupé en petits dés
1 oignon finement émincé
2 gousses d'ail émincées
1 cuillère à soupe d'huile d'olive
Sel avec prudence
Poivre
1 tasse de riz basmati
2 carottes, coupées en dés
1 courgette, coupée en dés
1 poivron rouge, coupé en dés
1 oignon, haché
1 tasse et demi de bouillon de légumes
Sel et poivre au goût",207,,
Riz aux lentilles et epices facon thermochef,https://30minutesparjour.com/recettes-audio/fr/one%20pot%20rice/RIZ%20AUX%20LENTILLES%20ET%20EPICES%20FACON%20THERMOCHEF.mp3,One pot rice,"1 mesurette ThermoChef de riz complet
1 mesurette ThermoChef de lentilles vertes
3 mesurettes ThermoChef de bouillon de légumes
1 cuillère à café de curcuma
1 cuillère à café de cumin
1 filet d'huile d'olive
Sel avec prudence
Poivre",208,,
Riz aux pois chiches et cumin facon thermochef,https://30minutesparjour.com/recettes-audio/fr/one%20pot%20rice/RIZ%20AUX%20POIS%20CHICHES%20ET%20CUMIN%20FACON%20THERMOCHEF.mp3,One pot rice,"2 mesurettes ThermoChef de riz basmati
3 mesurettes ThermoChef d'eau ou de bouillon de légumes doux
1 boîte de pois chiches égouttés et rincés
1 cuillère à café de cumin moulu
1 oignon émincé
2 gousses d'ail émincées
1 filet d'huile d'olive
Sel avec prudence
Poivre",209,,
Riz aux tomates cerises et basilic facon thermochef,https://30minutesparjour.com/recettes-audio/fr/one%20pot%20rice/RIZ%20AUX%20TOMATES%20CERISES%20ET%20BASILIC%20FACON%20THERMOCHEF.mp3,One pot rice,"2 mesurettes ThermoChef de riz blanc rond
3 mesurettes ThermoChef d'eau
200 g de tomates cerises coupées en deux
1 bouquet de basilic frais
2 gousses d'ail émincées
1 filet d'huile d'olive
Sel avec prudence
Poivre",210,,
Riz coco-curry aux legumes facon thermochef,https://30minutesparjour.com/recettes-audio/fr/one%20pot%20rice/RIZ%20COCO-CURRY%20AUX%20LEGUMES%20FACON%20THERMOCHEF.mp3,One pot rice,"2 mesurettes ThermoChef de riz basmati
3 mesurettes ThermoChef de lait de coco
1 courgette coupée en petits dés
1 carotte coupée en petits dés
1 poivron rouge coupé en petits dés
2 cuillères à soupe de pâte de curry
Sel avec prudence
Poivre",211,,
Bouillon de crevettes citronne facon thermochef,https://30minutesparjour.com/recettes-audio/fr/soupe%20rapide/BOUILLON%20DE%20CREVETTES%20CITRONNE%20FACON%20THERMOCHEF.mp3,Soupe rapide,"400 g de crevettes décortiquées, fraîches ou surgelées
1 litre de bouillon de poisson ou de bouillon de légumes
le zeste et le jus d’un citron
1 oignon pelé et coupé en quatre
2 gousses d’ail pelées
1 piment rouge épépiné et finement haché, facultatif
sel et poivre, avec prudence
feuilles de coriandre fraîche pour le service",212,,
Soupe d’artichauts a l’ail roti facon thermochef,https://30minutesparjour.com/recettes-audio/fr/soupe%20rapide/SOUPE%20D%E2%80%99ARTICHAUTS%20A%20L%E2%80%99AIL%20ROTI%20FACON%20THERMOCHEF.mp3,Soupe rapide,"400 g de cœurs d’artichauts, en conserve égouttés ou frais préparés
1 tête d’ail rôtie et pelée
500 ml de bouillon de légumes
1 oignon pelé et coupé en quatre
sel et poivre, avec prudence
facultatif : parmesan râpé au service",213,,
Soupe d’asperges a la menthe facon thermochef,https://30minutesparjour.com/recettes-audio/fr/soupe%20rapide/SOUPE%20D%E2%80%99ASPERGES%20A%20LA%20MENTHE%20FACON%20THERMOCHEF.mp3,Soupe rapide,"500 g d’asperges nettoyées et coupées en morceaux
1 oignon pelé et coupé en quatre
2 gousses d’ail pelées
500 ml de bouillon de légumes
1 bouquet de menthe fraîche
sel et poivre, avec prudence
500g d’asperges, nettoyées et coupées en morceaux
500ml de bouillon de légumes
Sel et poivre au goût",214,,
Soupe d’epinards et noix de muscade facon thermochef,https://30minutesparjour.com/recettes-audio/fr/soupe%20rapide/SOUPE%20D%E2%80%99EPINARDS%20ET%20NOIX%20DE%20MUSCADE%20FACON%20THERMOCHEF.mp3,Soupe rapide,"500 g d’épinards frais lavés
1 oignon pelé et coupé en quatre
2 gousses d’ail pelées
500 ml de bouillon de légumes
1 quart de cuillère à café de noix de muscade moulue
sel et poivre, avec prudence
facultatif : 1 cuillère de crème fraîche au service",215,,
Soupe de betteraves a l’orange facon thermochef,https://30minutesparjour.com/recettes-audio/fr/soupe%20rapide/SOUPE%20DE%20BETTERAVES%20A%20L%E2%80%99ORANGE%20FACON%20THERMOCHEF.mp3,Soupe rapide,"500 g de betteraves pelées et coupées en dés
le zeste et le jus d’une orange
1 oignon pelé et coupé en quatre
2 gousses d’ail pelées
500 ml de bouillon de légumes
sel et poivre, avec prudence
facultatif : 1 cuillère de crème fraîche au service",216,,
Soupe de carottes au gingembre facon thermochef,https://30minutesparjour.com/recettes-audio/fr/soupe%20rapide/SOUPE%20DE%20CAROTTES%20AU%20GINGEMBRE%20FACON%20THERMOCHEF.mp3,Soupe rapide,"500 g de carottes pelées et coupées en rondelles
1 oignon pelé et coupé en quatre
1 morceau de gingembre frais pelé et haché
500 ml de bouillon de légumes
sel et poivre, avec prudence
facultatif : crème fraîche et coriandre fraîche au service",217,,
Soupe de champignons aux fines herbes facon thermochef,https://30minutesparjour.com/recettes-audio/fr/soupe%20rapide/SOUPE%20DE%20CHAMPIGNONS%20AUX%20FINES%20HERBES%20FACON%20THERMOCHEF.mp3,Soupe rapide,"500 g de champignons de Paris nettoyés et tranchés
1 oignon pelé et coupé en quatre
2 gousses d’ail pelées
3 mesurettes ThermoChef de bouillon de légumes, soit environ 480 ml
1 bouquet de fines herbes hachées : persil, thym ou cerfeuil
sel et poivre, avec prudence
facultatif : 1 cuillère de crème fraîche au service
500g de champignons de Paris, nettoyés et tranchés
500ml de bouillon de légumes
1 bouquet de fines herbes (persil, thym, cerfeuil), hachées
Sel et poivre au goût
Crème fraîche pour servir (optionnel)",218,,
Soupe de chou-fleur au parmesan facon thermochef,https://30minutesparjour.com/recettes-audio/fr/soupe%20rapide/SOUPE%20DE%20CHOU-FLEUR%20AU%20PARMESAN%20FACON%20THERMOCHEF.mp3,Soupe rapide,"1 chou-fleur moyen coupé en petits bouquets
1 oignon pelé et coupé en quatre
2 gousses d’ail pelées
500 ml de bouillon de légumes
100 g de parmesan râpé
sel et poivre, avec prudence
1 filet d’huile d’olive pour le service",219,,
Soupe de concombre et yaourt facon thermochef,https://30minutesparjour.com/recettes-audio/fr/soupe%20rapide/SOUPE%20DE%20CONCOMBRE%20ET%20YAOURT%20FACON%20THERMOCHEF.mp3,Soupe rapide,"2 concombres pelés, épépinés et grossièrement hachés
500 ml de yaourt nature
2 gousses d’ail pelées
1 petit bouquet d’aneth frais haché
sel et poivre, avec prudence
1 filet d’huile d’olive pour le service",220,,
Soupe de courgettes au curry facon thermochef,https://30minutesparjour.com/recettes-audio/fr/soupe%20rapide/SOUPE%20DE%20COURGETTES%20AU%20CURRY%20FACON%20THERMOCHEF.mp3,Soupe rapide,"500 g de courgettes coupées en rondelles
1 oignon pelé et coupé en quatre
2 gousses d’ail pelées
1 cuillère à soupe de poudre de curry
500 ml de bouillon de légumes
sel et poivre, avec prudence
facultatif : yaourt nature au service",221,,
Soupe de mais epicee facon thermochef,https://30minutesparjour.com/recettes-audio/fr/soupe%20rapide/SOUPE%20DE%20MAIS%20EPICEE%20FACON%20THERMOCHEF.mp3,Soupe rapide,"400 g de maïs en grains, frais ou en conserve égoutté
1 oignon pelé et coupé en quatre
2 gousses d’ail pelées
1 piment rouge épépiné et finement haché, facultatif
500 ml de bouillon de légumes
1 cuillère à café de paprika fumé
sel et poivre, avec prudence
facultatif : crème fraîche et coriandre fraîche au service",222,,
Soupe de pois casses express facon thermochef,https://30minutesparjour.com/recettes-audio/fr/soupe%20rapide/SOUPE%20DE%20POIS%20CASSES%20EXPRESS%20FACON%20THERMOCHEF.mp3,Soupe rapide,"300 g de pois cassés rincés
1 oignon pelé et coupé en quatre
2 gousses d’ail pelées
700 ml de bouillon de légumes
sel et poivre, avec prudence",223,,
Soupe de poivrons rouges grilles facon thermochef,https://30minutesparjour.com/recettes-audio/fr/soupe%20rapide/SOUPE%20DE%20POIVRONS%20ROUGES%20GRILLES%20FACON%20THERMOCHEF.mp3,Soupe rapide,"4 poivrons rouges déjà grillés, pelés et coupés en morceaux
1 oignon pelé et coupé en quatre
2 gousses d’ail pelées
500 ml de bouillon de légumes
sel et poivre, avec prudence
facultatif : 1 cuillère de crème fraîche au service",224,,
Soupe rapide de tomates et basilic facon thermochef,https://30minutesparjour.com/recettes-audio/fr/soupe%20rapide/SOUPE%20RAPIDE%20DE%20TOMATES%20ET%20BASILIC%20FACON%20THERMOCHEF.mp3,Soupe rapide,"800 g de tomates mûres coupées en quartiers
1 oignon pelé et coupé en quatre
2 gousses d’ail pelées
500 ml de bouillon de légumes
1 bouquet de basilic frais
sel et poivre, avec prudence
800g de tomates mûres, coupées en quartiers
500ml de bouillon de légumes
Sel et poivre au goût",225,,
Soupe thaie au lait de coco facon thermochef,https://30minutesparjour.com/recettes-audio/fr/soupe%20rapide/SOUPE%20THAIE%20AU%20LAIT%20DE%20COCO%20FACON%20THERMOCHEF.mp3,Soupe rapide,"400 ml de lait de coco
500 ml de bouillon de légumes
1 bâton de citronnelle écrasé
1 morceau de gingembre frais, épluché et coupé en rondelles
2 piments rouges épépinés et finement tranchés, ou moins selon la tolérance
200 g de champignons de Paris tranchés
1 blanc de poulet coupé en fines lanières régulières
le jus d’un citron vert
feuilles de coriandre fraîche pour le service
sel, avec prudence
400ml de lait de coco
500ml de bouillon de légumes
1 pouce de gingembre frais, épluché et coupé en
2 piments rouges, épépinés et finement tranchés
200g de champignons de Paris, tranchés
1 poitrine de poulet, coupée en fines lanières
Jus de 1 citron vert
Feuilles de coriandre fraîche pour garnir
Sel au goût",226,,
Anchois fenouil pommes de terre et citron façon ThermoChef,https://30minutesparjour.com/recettes-audio/fr/anchois%20recette%20excellence/anchois%20fenouil%20pommes%20de%20terre%20et%20citron%20facon%20ThermoChef.mp3,Anchois excellence,"8 filets d’anchois à l’huile, égouttés et coupés en petits morceaux.
280 grammes de pommes de terre coupées en petits dés.
1 fenouil moyen, environ 220 grammes, émincé très finement.
2 cuillères à soupe de crème liquide ou végétale, environ 30 grammes.
3 cuillères à soupe d’eau, 45 millilitres, environ 45 grammes.
quelques gouttes de citron à la fin.
persil ou aneth, poivre, aucun sel au départ.",227,"Aujourd’hui, nous préparons anchois fenouil pommes de terre et citron façon ThermoChef.

Cette recette est prévue pour 2 personnes.

RÈGLE IMPORTANTE POUR LES ANCHOIS

Les anchois sont très salés.
Ils sont aussi puissants en goût.
On ne sale donc jamais au départ.
On les égoutte, on les garde à part, puis on les ajoute à la fin de la recette.
Ils doivent surtout parfumer le plat avec la chaleur de la garniture.
On évite de les faire cuire longtemps, car ils peuvent devenir trop forts et trop salés.","Égouttez les anchois et gardez-les à part.
Coupez les pommes de terre en petits dés.
Émincez le fenouil très finement.
Préparez la crème, l’eau et le citron.

MISE EN PLACE DANS LA CUVE

Mettez les pommes de terre, le fenouil, la crème et l’eau dans la cuve. Mélangez. Ne salez pas. Gardez les anchois pour la finition.

PROGRAMMATION THERMOCHEF

Fermez le couvercle.
Sélectionnez le menu Thermogrill.
Réglez le minuteur sur 15 minutes.
Appuyez sur Cuisiner.
Réglez la puissance sur 3.
Laissez le programme aller jusqu’à la fin.
Ouvrez avec prudence.

FINITION

À la fin, ouvrez avec prudence. Les pommes de terre doivent être tendres. Ajoutez les anchois, le citron et l’herbe choisie. Mélangez très doucement pour répartir le goût sans écraser les morceaux.

SERVICE

Servez chaud. Les anchois apportent le sel et relèvent la douceur du fenouil.

POINT DE CONTRÔLE AVANT SERVICE

La garniture doit être cuite et tendre.
La base sèche, quand il y en a une, doit être tendre sous la dent.
Les anchois doivent être ajoutés seulement en finition.
Le plat ne doit pas être salé avant d’avoir été goûté.
Si la préparation paraît trop sèche, ajoutez 1 cuillère à soupe d’eau chaude, environ 15 millilitres, soit 15 grammes, puis mélangez uniquement la garniture.
Goûtez toujours avant d’ajouter quoi que ce soit de salé.

RÉSUMÉ SIMPLE

On égoutte les anchois.
On garde les anchois à part.
On prépare la garniture ou la base sèche.
On ajoute l’eau indiquée dans la cuve.
On choisit le menu ThermoChef adapté.
On ne règle pas de puissance sur les menus Pâtes, Riz, Soupe ou Légumes secs.
On ouvre avec prudence.
On ajoute les anchois seulement à la fin.
On mélange très doucement.
Le plat est prêt à être servi chaud.

CONSEIL ANCHOIS

Les anchois doivent être utilisés comme un assaisonnement principal. Il vaut mieux en mettre peu au départ dans l’assiette et ajuster ensuite. Comme ils sont très salés, le plat doit toujours être goûté avant tout ajout de sel ou d’ingrédient salé.

CONSEIL ANCHOIS

Les anchois doivent être utilisés comme un assaisonnement principal. Il vaut mieux en mettre peu au départ dans l’assiette et ajuster ensuite. Comme ils sont très salés, le plat doit toujours être goûté avant tout ajout de sel ou d’ingrédient salé."
Anchois courgettes pois chiches et crème citronnée façon ThermoChef,https://30minutesparjour.com/recettes-audio/fr/anchois%20recette%20excellence/anchois%20courgettes%20pois%20chiches%20et%20creme%20citronnee%20facon%20ThermoChef.mp3,Anchois excellence,"8 filets d’anchois à l’huile, égouttés et coupés en petits morceaux.
2 courgettes moyennes, environ 360 grammes, coupées en petits dés.
160 grammes de pois chiches en conserve, égouttés.
2 cuillères à soupe de crème liquide ou végétale, environ 30 grammes.
2 cuillères à soupe d’eau, 30 millilitres, environ 30 grammes.
quelques gouttes de citron à la fin.
persil ou basilic, poivre, aucun sel au départ.",228,"Aujourd’hui, nous préparons anchois courgettes pois chiches et crème citronnée façon ThermoChef.

Cette recette est prévue pour 2 personnes.

RÈGLE IMPORTANTE POUR LES ANCHOIS

Les anchois sont très salés.
Ils sont aussi puissants en goût.
On ne sale donc jamais au départ.
On les égoutte, on les garde à part, puis on les ajoute à la fin de la recette.
Ils doivent surtout parfumer le plat avec la chaleur de la garniture.
On évite de les faire cuire longtemps, car ils peuvent devenir trop forts et trop salés.","Égouttez les anchois et gardez-les à part.
Coupez les courgettes en petits dés.
Égouttez les pois chiches.
Préparez la crème, l’eau et le citron.

MISE EN PLACE DANS LA CUVE

Mettez les courgettes, les pois chiches, la crème et l’eau dans la cuve. Mélangez. Ne salez pas. Gardez les anchois pour la finition.

PROGRAMMATION THERMOCHEF

Fermez le couvercle.
Sélectionnez le menu Thermogrill.
Réglez le minuteur sur 12 minutes.
Appuyez sur Cuisiner.
Réglez la puissance sur 2.
Laissez le programme aller jusqu’à la fin.
Ouvrez avec prudence.

FINITION

À la fin, ouvrez avec prudence. Les courgettes doivent être tendres mais pas écrasées. Ajoutez les anchois, le citron et l’herbe choisie. Mélangez délicatement.

SERVICE

Servez chaud. Les pois chiches rendent la recette nourrissante et les anchois suffisent à assaisonner.

POINT DE CONTRÔLE AVANT SERVICE

La garniture doit être cuite et tendre.
La base sèche, quand il y en a une, doit être tendre sous la dent.
Les anchois doivent être ajoutés seulement en finition.
Le plat ne doit pas être salé avant d’avoir été goûté.
Si la préparation paraît trop sèche, ajoutez 1 cuillère à soupe d’eau chaude, environ 15 millilitres, soit 15 grammes, puis mélangez uniquement la garniture.
Goûtez toujours avant d’ajouter quoi que ce soit de salé.

RÉSUMÉ SIMPLE

On égoutte les anchois.
On garde les anchois à part.
On prépare la garniture ou la base sèche.
On ajoute l’eau indiquée dans la cuve.
On choisit le menu ThermoChef adapté.
On ne règle pas de puissance sur les menus Pâtes, Riz, Soupe ou Légumes secs.
On ouvre avec prudence.
On ajoute les anchois seulement à la fin.
On mélange très doucement.
Le plat est prêt à être servi chaud.

CONSEIL ANCHOIS

Les anchois doivent être utilisés comme un assaisonnement principal. Il vaut mieux en mettre peu au départ dans l’assiette et ajuster ensuite. Comme ils sont très salés, le plat doit toujours être goûté avant tout ajout de sel ou d’ingrédient salé.

CONSEIL ANCHOIS

Les anchois doivent être utilisés comme un assaisonnement principal. Il vaut mieux en mettre peu au départ dans l’assiette et ajuster ensuite. Comme ils sont très salés, le plat doit toujours être goûté avant tout ajout de sel ou d’ingrédient salé."
Anchois blettes œufs et crème douce façon ThermoChef,https://30minutesparjour.com/recettes-audio/fr/anchois%20recette%20excellence/anchois%20blettes%20%C5%93ufs%20et%20creme%20douce%20facon%20ThermoChef.mp3,Anchois excellence,"6 à 8 filets d’anchois à l’huile, égouttés et coupés finement.
260 grammes de blettes émincées finement.
2 œufs.
2 cuillères à soupe de crème liquide ou végétale, environ 30 grammes.
2 cuillères à soupe d’eau, 30 millilitres, environ 30 grammes.
persil ou ciboulette, poivre, aucun sel au départ.",229,"Aujourd’hui, nous préparons anchois blettes œufs et crème douce façon ThermoChef.

Cette recette est prévue pour 2 personnes.

RÈGLE IMPORTANTE POUR LES ANCHOIS

Les anchois sont très salés.
Ils sont aussi puissants en goût.
On ne sale donc jamais au départ.
On les égoutte, on les garde à part, puis on les ajoute à la fin de la recette.
Ils doivent surtout parfumer le plat avec la chaleur de la garniture.
On évite de les faire cuire longtemps, car ils peuvent devenir trop forts et trop salés.","Égouttez les anchois et gardez-les à part.
Émincez les blettes finement.
Battez les œufs avec la crème et l’eau.
Préparez l’herbe choisie.

MISE EN PLACE DANS LA CUVE

Mettez les blettes dans la cuve. Versez le mélange œufs, crème et eau. Mélangez doucement. Ne salez pas. Gardez les anchois pour la finition.

PROGRAMMATION THERMOCHEF

Fermez le couvercle.
Sélectionnez le menu Thermogrill.
Réglez le minuteur sur 11 minutes.
Appuyez sur Cuisiner.
Réglez la puissance sur 2.
Laissez le programme aller jusqu’à la fin.
Ouvrez avec prudence.

FINITION

À la fin, ouvrez avec prudence. Les œufs doivent être pris et les blettes tendres. Ajoutez les anchois et l’herbe choisie. Mélangez très doucement.

SERVICE

Servez chaud. Les anchois relèvent les blettes et remplacent le sel.

POINT DE CONTRÔLE AVANT SERVICE

La garniture doit être cuite et tendre.
La base sèche, quand il y en a une, doit être tendre sous la dent.
Les anchois doivent être ajoutés seulement en finition.
Le plat ne doit pas être salé avant d’avoir été goûté.
Si la préparation paraît trop sèche, ajoutez 1 cuillère à soupe d’eau chaude, environ 15 millilitres, soit 15 grammes, puis mélangez uniquement la garniture.
Goûtez toujours avant d’ajouter quoi que ce soit de salé.

RÉSUMÉ SIMPLE

On égoutte les anchois.
On garde les anchois à part.
On prépare la garniture ou la base sèche.
On ajoute l’eau indiquée dans la cuve.
On choisit le menu ThermoChef adapté.
On ne règle pas de puissance sur les menus Pâtes, Riz, Soupe ou Légumes secs.
On ouvre avec prudence.
On ajoute les anchois seulement à la fin.
On mélange très doucement.
Le plat est prêt à être servi chaud.

CONSEIL ANCHOIS

Les anchois doivent être utilisés comme un assaisonnement principal. Il vaut mieux en mettre peu au départ dans l’assiette et ajuster ensuite. Comme ils sont très salés, le plat doit toujours être goûté avant tout ajout de sel ou d’ingrédient salé.

CONSEIL ANCHOIS

Les anchois doivent être utilisés comme un assaisonnement principal. Il vaut mieux en mettre peu au départ dans l’assiette et ajuster ensuite. Comme ils sont très salés, le plat doit toujours être goûté avant tout ajout de sel ou d’ingrédient salé."
Anchois macaronis tomates et basilic façon ThermoChef,https://30minutesparjour.com/recettes-audio/fr/anchois%20recette%20excellence/anchois%20macaronis%20tomates%20et%20basilic%20facon%20ThermoChef.mp3,Anchois excellence,"8 filets d’anchois à l’huile, égouttés et coupés en petits morceaux.
2 mugs de macaronis, environ 180 à 200 grammes.
2 mesurettes ThermoChef d’eau, 320 millilitres, environ 320 grammes.
2 tomates moyennes, environ 240 grammes, coupées en petits dés.
1 cuillère à soupe de coulis de tomate, environ 15 grammes.
basilic ou persil, poivre, aucun sel au départ.",230,"Aujourd’hui, nous préparons anchois macaronis tomates et basilic façon ThermoChef.

Cette recette est prévue pour 2 personnes.

RÈGLE IMPORTANTE POUR LES ANCHOIS

Les anchois sont très salés.
Ils sont aussi puissants en goût.
On ne sale donc jamais au départ.
On les égoutte, on les garde à part, puis on les ajoute à la fin de la recette.
Ils doivent surtout parfumer le plat avec la chaleur de la garniture.
On évite de les faire cuire longtemps, car ils peuvent devenir trop forts et trop salés.

RÈGLE DE CUISSON DE LA BASE

Macaronis : 2 mugs, environ 180 à 200 grammes, avec 2 mesurettes ThermoChef d’eau, 320 millilitres, environ 320 grammes. Choisir le mode Pâtes selon le temps indiqué sur le paquet.","Égouttez les anchois et gardez-les à part.
Mesurez les macaronis et l’eau.
Coupez les tomates en petits dés.
Préparez le coulis et l’herbe choisie.

MISE EN PLACE DANS LA CUVE

Mettez les macaronis et l’eau dans la cuve. Ajoutez les tomates et le coulis. Mélangez. Ne salez pas. Gardez les anchois pour la finition. Vérifiez le petit piston de sécurité sous le couvercle.
Vérifiez que rien ne dépasse trop haut dans la cuve.
Vérifiez aussi qu’aucun morceau d’aliment ne risque de bloquer le petit piston de sécurité sous le couvercle.

PROGRAMMATION THERMOCHEF

Fermez le couvercle.
Sélectionnez le menu Pâtes.
Choisissez mode adapté au temps indiqué sur le paquet.
Appuyez sur Cuisiner.
Laissez le programme aller jusqu’à la fin.
Attendez que la sécurité autorise l’ouverture.
N’essayez jamais de forcer le couvercle.
Ouvrez avec prudence.

FINITION

À la fin du menu Pâtes, attendez que la sécurité autorise l’ouverture. Ouvrez avec prudence. Mélangez les pâtes. Ajoutez les anchois et le basilic ou le persil. Mélangez très doucement.

SERVICE

Servez chaud. Les anchois fondent légèrement avec la chaleur des pâtes sans être cuits longtemps.

POINT DE CONTRÔLE AVANT SERVICE

La garniture doit être cuite et tendre.
La base sèche, quand il y en a une, doit être tendre sous la dent.
Les anchois doivent être ajoutés seulement en finition.
Le plat ne doit pas être salé avant d’avoir été goûté.
Si la préparation paraît trop sèche, ajoutez 1 cuillère à soupe d’eau chaude, environ 15 millilitres, soit 15 grammes, puis mélangez uniquement la garniture.
Goûtez toujours avant d’ajouter quoi que ce soit de salé.

RÉSUMÉ SIMPLE

On égoutte les anchois.
On garde les anchois à part.
On prépare la garniture ou la base sèche.
On ajoute l’eau indiquée dans la cuve.
On choisit le menu ThermoChef adapté.
On ne règle pas de puissance sur les menus Pâtes, Riz, Soupe ou Légumes secs.
On ouvre avec prudence.
On ajoute les anchois seulement à la fin.
On mélange très doucement.
Le plat est prêt à être servi chaud."
Anchois aubergine poivron et tomate douce façon ThermoChef,https://30minutesparjour.com/recettes-audio/fr/anchois%20recette%20excellence/anchois%20aubergine%20poivron%20et%20tomate%20douce%20facon%20ThermoChef.mp3,Anchois excellence,"8 filets d’anchois à l’huile, égouttés et coupés en petits morceaux.
1 aubergine moyenne, environ 260 grammes, coupée en petits dés.
1 poivron rouge ou jaune, environ 120 grammes, coupé en petits dés.
2 tomates moyennes, environ 240 grammes, coupées en petits dés.
2 cuillères à soupe de coulis de tomate, environ 30 grammes.
2 cuillères à soupe d’eau, 30 millilitres, environ 30 grammes.
basilic ou persil, poivre, aucun sel au départ.",231,"Aujourd’hui, nous préparons anchois aubergine poivron et tomate douce façon ThermoChef.

Cette recette est prévue pour 2 personnes.

RÈGLE IMPORTANTE POUR LES ANCHOIS

Les anchois sont très salés.
Ils sont aussi puissants en goût.
On ne sale donc jamais au départ.
On les égoutte, on les garde à part, puis on les ajoute à la fin de la recette.
Ils doivent surtout parfumer le plat avec la chaleur de la garniture.
On évite de les faire cuire longtemps, car ils peuvent devenir trop forts et trop salés.","Égouttez les anchois et gardez-les à part.
Coupez l’aubergine, le poivron et les tomates en petits dés.
Préparez le coulis et l’eau.

MISE EN PLACE DANS LA CUVE

Mettez l’aubergine, le poivron, les tomates, le coulis et l’eau dans la cuve. Mélangez. Ne salez pas. Gardez les anchois pour la finition.

PROGRAMMATION THERMOCHEF

Fermez le couvercle.
Sélectionnez le menu Thermogrill.
Réglez le minuteur sur 14 minutes.
Appuyez sur Cuisiner.
Réglez la puissance sur 3.
Laissez le programme aller jusqu’à la fin.
Ouvrez avec prudence.

FINITION

À la fin, ouvrez avec prudence. L’aubergine doit être moelleuse. Ajoutez les anchois et l’herbe choisie. Mélangez doucement.

SERVICE

Servez chaud. La tomate douce équilibre la puissance des anchois.

POINT DE CONTRÔLE AVANT SERVICE

La garniture doit être cuite et tendre.
La base sèche, quand il y en a une, doit être tendre sous la dent.
Les anchois doivent être ajoutés seulement en finition.
Le plat ne doit pas être salé avant d’avoir été goûté.
Si la préparation paraît trop sèche, ajoutez 1 cuillère à soupe d’eau chaude, environ 15 millilitres, soit 15 grammes, puis mélangez uniquement la garniture.
Goûtez toujours avant d’ajouter quoi que ce soit de salé.

RÉSUMÉ SIMPLE

On égoutte les anchois.
On garde les anchois à part.
On prépare la garniture ou la base sèche.
On ajoute l’eau indiquée dans la cuve.
On choisit le menu ThermoChef adapté.
On ne règle pas de puissance sur les menus Pâtes, Riz, Soupe ou Légumes secs.
On ouvre avec prudence.
On ajoute les anchois seulement à la fin.
On mélange très doucement.
Le plat est prêt à être servi chaud.

CONSEIL ANCHOIS

Les anchois doivent être utilisés comme un assaisonnement principal. Il vaut mieux en mettre peu au départ dans l’assiette et ajuster ensuite. Comme ils sont très salés, le plat doit toujours être goûté avant tout ajout de sel ou d’ingrédient salé.

CONSEIL ANCHOIS

Les anchois doivent être utilisés comme un assaisonnement principal. Il vaut mieux en mettre peu au départ dans l’assiette et ajuster ensuite. Comme ils sont très salés, le plat doit toujours être goûté avant tout ajout de sel ou d’ingrédient salé."
Anchois riz brocoli et citron façon ThermoChef,https://30minutesparjour.com/recettes-audio/fr/anchois%20recette%20excellence/anchois%20riz%20brocoli%20et%20citron%20facon%20ThermoChef.mp3,Anchois excellence,"8 filets d’anchois à l’huile, égouttés et coupés en petits morceaux.
1 mesurette ThermoChef de riz, environ 150 grammes.
1 mesurette et demie ThermoChef d’eau, 240 millilitres, environ 240 grammes.
180 grammes de brocoli en très petits bouquets.
quelques gouttes de citron à la fin.
persil, poivre, aucun sel au départ.",232,"Aujourd’hui, nous préparons anchois riz brocoli et citron façon ThermoChef.

Cette recette est prévue pour 2 personnes.

RÈGLE IMPORTANTE POUR LES ANCHOIS

Les anchois sont très salés.
Ils sont aussi puissants en goût.
On ne sale donc jamais au départ.
On les égoutte, on les garde à part, puis on les ajoute à la fin de la recette.
Ils doivent surtout parfumer le plat avec la chaleur de la garniture.
On évite de les faire cuire longtemps, car ils peuvent devenir trop forts et trop salés.

RÈGLE DE CUISSON DE LA BASE

Riz : 1 mesurette ThermoChef de riz, environ 150 grammes, avec 1 mesurette et demie d’eau, 240 millilitres, environ 240 grammes. Menu Riz mode 3, environ 13 à 14 minutes.","Égouttez les anchois et gardez-les à part.
Mesurez le riz et l’eau.
Coupez le brocoli en très petits bouquets.
Préparez le citron et le persil.

MISE EN PLACE DANS LA CUVE

Mettez le riz et l’eau dans la cuve. Ajoutez le brocoli. Mélangez. Ne salez pas. Gardez les anchois pour la finition. Vérifiez le petit piston de sécurité.
Vérifiez que rien ne dépasse trop haut dans la cuve.
Vérifiez aussi qu’aucun morceau d’aliment ne risque de bloquer le petit piston de sécurité sous le couvercle.

PROGRAMMATION THERMOCHEF

Fermez le couvercle.
Sélectionnez le menu Riz.
Choisissez mode 3, environ 13 à 14 minutes.
Appuyez sur Cuisiner.
Laissez le programme aller jusqu’à la fin.
Attendez que la sécurité autorise l’ouverture.
N’essayez jamais de forcer le couvercle.
Ouvrez avec prudence.

FINITION

À la fin du menu Riz, attendez que la sécurité autorise l’ouverture. Ouvrez avec prudence. Aérez le riz. Ajoutez les anchois, le citron et le persil. Mélangez doucement.

SERVICE

Servez chaud. Le riz absorbe le goût des anchois ajoutés en fin de recette.

POINT DE CONTRÔLE AVANT SERVICE

La garniture doit être cuite et tendre.
La base sèche, quand il y en a une, doit être tendre sous la dent.
Les anchois doivent être ajoutés seulement en finition.
Le plat ne doit pas être salé avant d’avoir été goûté.
Si la préparation paraît trop sèche, ajoutez 1 cuillère à soupe d’eau chaude, environ 15 millilitres, soit 15 grammes, puis mélangez uniquement la garniture.
Goûtez toujours avant d’ajouter quoi que ce soit de salé.

RÉSUMÉ SIMPLE

On égoutte les anchois.
On garde les anchois à part.
On prépare la garniture ou la base sèche.
On ajoute l’eau indiquée dans la cuve.
On choisit le menu ThermoChef adapté.
On ne règle pas de puissance sur les menus Pâtes, Riz, Soupe ou Légumes secs.
On ouvre avec prudence.
On ajoute les anchois seulement à la fin.
On mélange très doucement.
Le plat est prêt à être servi chaud."
Anchois poireaux haricots blancs et crème douce façon ThermoChef,https://30minutesparjour.com/recettes-audio/fr/anchois%20recette%20excellence/anchois%20poireaux%20haricots%20blancs%20et%20creme%20douce%20facon%20ThermoChef.mp3,Anchois excellence,"8 filets d’anchois à l’huile, égouttés et coupés en petits morceaux.
2 poireaux moyens, environ 300 grammes préparés, émincés finement.
160 grammes de haricots blancs en conserve, égouttés.
3 cuillères à soupe de crème liquide ou végétale, environ 45 grammes.
2 cuillères à soupe d’eau, 30 millilitres, environ 30 grammes.
persil ou ciboulette, poivre, aucun sel au départ.",233,"Aujourd’hui, nous préparons anchois poireaux haricots blancs et crème douce façon ThermoChef.

Cette recette est prévue pour 2 personnes.

RÈGLE IMPORTANTE POUR LES ANCHOIS

Les anchois sont très salés.
Ils sont aussi puissants en goût.
On ne sale donc jamais au départ.
On les égoutte, on les garde à part, puis on les ajoute à la fin de la recette.
Ils doivent surtout parfumer le plat avec la chaleur de la garniture.
On évite de les faire cuire longtemps, car ils peuvent devenir trop forts et trop salés.","Égouttez les anchois et gardez-les à part.
Émincez les poireaux et rincez-les bien.
Égouttez les haricots blancs.
Préparez la crème et l’eau.

MISE EN PLACE DANS LA CUVE

Mettez les poireaux, les haricots blancs, la crème et l’eau dans la cuve. Mélangez. Ne salez pas. Gardez les anchois pour la finition.

PROGRAMMATION THERMOCHEF

Fermez le couvercle.
Sélectionnez le menu Thermogrill.
Réglez le minuteur sur 13 minutes.
Appuyez sur Cuisiner.
Réglez la puissance sur 2.
Laissez le programme aller jusqu’à la fin.
Ouvrez avec prudence.

FINITION

À la fin, ouvrez avec prudence. Les poireaux doivent être fondants. Ajoutez les anchois et l’herbe choisie. Mélangez délicatement.

SERVICE

Servez chaud. Les poireaux adoucissent les anchois et les haricots blancs rendent le plat plus complet.

POINT DE CONTRÔLE AVANT SERVICE

La garniture doit être cuite et tendre.
La base sèche, quand il y en a une, doit être tendre sous la dent.
Les anchois doivent être ajoutés seulement en finition.
Le plat ne doit pas être salé avant d’avoir été goûté.
Si la préparation paraît trop sèche, ajoutez 1 cuillère à soupe d’eau chaude, environ 15 millilitres, soit 15 grammes, puis mélangez uniquement la garniture.
Goûtez toujours avant d’ajouter quoi que ce soit de salé.

RÉSUMÉ SIMPLE

On égoutte les anchois.
On garde les anchois à part.
On prépare la garniture ou la base sèche.
On ajoute l’eau indiquée dans la cuve.
On choisit le menu ThermoChef adapté.
On ne règle pas de puissance sur les menus Pâtes, Riz, Soupe ou Légumes secs.
On ouvre avec prudence.
On ajoute les anchois seulement à la fin.
On mélange très doucement.
Le plat est prêt à être servi chaud.

CONSEIL ANCHOIS

Les anchois doivent être utilisés comme un assaisonnement principal. Il vaut mieux en mettre peu au départ dans l’assiette et ajuster ensuite. Comme ils sont très salés, le plat doit toujours être goûté avant tout ajout de sel ou d’ingrédient salé.

CONSEIL ANCHOIS

Les anchois doivent être utilisés comme un assaisonnement principal. Il vaut mieux en mettre peu au départ dans l’assiette et ajuster ensuite. Comme ils sont très salés, le plat doit toujours être goûté avant tout ajout de sel ou d’ingrédient salé."
Anchois chou-fleur petits pois et crème douce façon ThermoChef,https://30minutesparjour.com/recettes-audio/fr/anchois%20recette%20excellence/anchois%20chou-fleur%20petits%20pois%20et%20creme%20douce%20facon%20ThermoChef.mp3,Anchois excellence,"8 filets d’anchois à l’huile, égouttés et coupés en petits morceaux.
240 grammes de chou-fleur râpé comme une semoule grossière.
120 grammes de petits pois.
3 cuillères à soupe de crème liquide ou végétale, environ 45 grammes.
2 cuillères à soupe d’eau, 30 millilitres, environ 30 grammes.
persil, poivre, aucun sel au départ.",234,"Aujourd’hui, nous préparons anchois chou-fleur petits pois et crème douce façon ThermoChef.

Cette recette est prévue pour 2 personnes.

RÈGLE IMPORTANTE POUR LES ANCHOIS

Les anchois sont très salés.
Ils sont aussi puissants en goût.
On ne sale donc jamais au départ.
On les égoutte, on les garde à part, puis on les ajoute à la fin de la recette.
Ils doivent surtout parfumer le plat avec la chaleur de la garniture.
On évite de les faire cuire longtemps, car ils peuvent devenir trop forts et trop salés.","Égouttez les anchois et gardez-les à part.
Râpez le chou-fleur.
Préparez les petits pois.
Préparez la crème et l’eau.

MISE EN PLACE DANS LA CUVE

Mettez le chou-fleur, les petits pois, la crème et l’eau dans la cuve. Mélangez. Ne salez pas. Gardez les anchois pour la finition.

PROGRAMMATION THERMOCHEF

Fermez le couvercle.
Sélectionnez le menu Thermogrill.
Réglez le minuteur sur 12 minutes.
Appuyez sur Cuisiner.
Réglez la puissance sur 3.
Laissez le programme aller jusqu’à la fin.
Ouvrez avec prudence.

FINITION

À la fin, ouvrez avec prudence. Le chou-fleur doit être tendre. Ajoutez les anchois et le persil. Mélangez très doucement.

SERVICE

Servez chaud. Cette recette est légère et les anchois apportent toute la puissance d’assaisonnement.

POINT DE CONTRÔLE AVANT SERVICE

La garniture doit être cuite et tendre.
La base sèche, quand il y en a une, doit être tendre sous la dent.
Les anchois doivent être ajoutés seulement en finition.
Le plat ne doit pas être salé avant d’avoir été goûté.
Si la préparation paraît trop sèche, ajoutez 1 cuillère à soupe d’eau chaude, environ 15 millilitres, soit 15 grammes, puis mélangez uniquement la garniture.
Goûtez toujours avant d’ajouter quoi que ce soit de salé.

RÉSUMÉ SIMPLE

On égoutte les anchois.
On garde les anchois à part.
On prépare la garniture ou la base sèche.
On ajoute l’eau indiquée dans la cuve.
On choisit le menu ThermoChef adapté.
On ne règle pas de puissance sur les menus Pâtes, Riz, Soupe ou Légumes secs.
On ouvre avec prudence.
On ajoute les anchois seulement à la fin.
On mélange très doucement.
Le plat est prêt à être servi chaud.

CONSEIL ANCHOIS

Les anchois doivent être utilisés comme un assaisonnement principal. Il vaut mieux en mettre peu au départ dans l’assiette et ajuster ensuite. Comme ils sont très salés, le plat doit toujours être goûté avant tout ajout de sel ou d’ingrédient salé.

CONSEIL ANCHOIS

Les anchois doivent être utilisés comme un assaisonnement principal. Il vaut mieux en mettre peu au départ dans l’assiette et ajuster ensuite. Comme ils sont très salés, le plat doit toujours être goûté avant tout ajout de sel ou d’ingrédient salé."
Anchois endives pomme et crème douce façon ThermoChef,https://30minutesparjour.com/recettes-audio/fr/anchois%20recette%20excellence/anchois%20endives%20pomme%20et%20creme%20douce%20facon%20ThermoChef.mp3,Anchois excellence,"6 à 8 filets d’anchois à l’huile, égouttés et coupés finement.
3 endives émincées finement.
1 pomme, environ 140 grammes, coupée en petits dés.
3 cuillères à soupe de crème liquide ou végétale, environ 45 grammes.
2 cuillères à soupe d’eau, 30 millilitres, environ 30 grammes.
persil ou ciboulette, poivre, aucun sel au départ.",235,"Aujourd’hui, nous préparons anchois endives pomme et crème douce façon ThermoChef.

Cette recette est prévue pour 2 personnes.

RÈGLE IMPORTANTE POUR LES ANCHOIS

Les anchois sont très salés.
Ils sont aussi puissants en goût.
On ne sale donc jamais au départ.
On les égoutte, on les garde à part, puis on les ajoute à la fin de la recette.
Ils doivent surtout parfumer le plat avec la chaleur de la garniture.
On évite de les faire cuire longtemps, car ils peuvent devenir trop forts et trop salés.","Égouttez les anchois et gardez-les à part.
Émincez les endives finement.
Coupez la pomme en petits dés.
Préparez la crème et l’eau.

MISE EN PLACE DANS LA CUVE

Mettez les endives, la pomme, la crème et l’eau dans la cuve. Mélangez. Ne salez pas. Gardez les anchois pour la finition.

PROGRAMMATION THERMOCHEF

Fermez le couvercle.
Sélectionnez le menu Thermogrill.
Réglez le minuteur sur 12 minutes.
Appuyez sur Cuisiner.
Réglez la puissance sur 2.
Laissez le programme aller jusqu’à la fin.
Ouvrez avec prudence.

FINITION

À la fin, ouvrez avec prudence. Les endives doivent être tendres. Ajoutez les anchois et l’herbe choisie. Mélangez doucement.

SERVICE

Servez chaud. La pomme compense l’amertume des endives et la force des anchois.

POINT DE CONTRÔLE AVANT SERVICE

La garniture doit être cuite et tendre.
La base sèche, quand il y en a une, doit être tendre sous la dent.
Les anchois doivent être ajoutés seulement en finition.
Le plat ne doit pas être salé avant d’avoir été goûté.
Si la préparation paraît trop sèche, ajoutez 1 cuillère à soupe d’eau chaude, environ 15 millilitres, soit 15 grammes, puis mélangez uniquement la garniture.
Goûtez toujours avant d’ajouter quoi que ce soit de salé.

RÉSUMÉ SIMPLE

On égoutte les anchois.
On garde les anchois à part.
On prépare la garniture ou la base sèche.
On ajoute l’eau indiquée dans la cuve.
On choisit le menu ThermoChef adapté.
On ne règle pas de puissance sur les menus Pâtes, Riz, Soupe ou Légumes secs.
On ouvre avec prudence.
On ajoute les anchois seulement à la fin.
On mélange très doucement.
Le plat est prêt à être servi chaud.

CONSEIL ANCHOIS

Les anchois doivent être utilisés comme un assaisonnement principal. Il vaut mieux en mettre peu au départ dans l’assiette et ajuster ensuite. Comme ils sont très salés, le plat doit toujours être goûté avant tout ajout de sel ou d’ingrédient salé.

CONSEIL ANCHOIS

Les anchois doivent être utilisés comme un assaisonnement principal. Il vaut mieux en mettre peu au départ dans l’assiette et ajuster ensuite. Comme ils sont très salés, le plat doit toujours être goûté avant tout ajout de sel ou d’ingrédient salé."
Anchois chou blanc carottes et tomate douce façon ThermoChef,https://30minutesparjour.com/recettes-audio/fr/anchois%20recette%20excellence/anchois%20chou%20blanc%20carottes%20et%20tomate%20douce%20facon%20ThermoChef.mp3,Anchois excellence,"8 filets d’anchois à l’huile, égouttés et coupés en petits morceaux.
260 grammes de chou blanc émincé très finement.
2 carottes, environ 200 grammes, râpées.
2 cuillères à soupe de coulis de tomate, environ 30 grammes.
3 cuillères à soupe d’eau, 45 millilitres, environ 45 grammes.
persil ou basilic, poivre, aucun sel au départ.",236,"Aujourd’hui, nous préparons anchois chou blanc carottes et tomate douce façon ThermoChef.

Cette recette est prévue pour 2 personnes.

RÈGLE IMPORTANTE POUR LES ANCHOIS

Les anchois sont très salés.
Ils sont aussi puissants en goût.
On ne sale donc jamais au départ.
On les égoutte, on les garde à part, puis on les ajoute à la fin de la recette.
Ils doivent surtout parfumer le plat avec la chaleur de la garniture.
On évite de les faire cuire longtemps, car ils peuvent devenir trop forts et trop salés.","Égouttez les anchois et gardez-les à part.
Émincez le chou très finement.
Râpez les carottes.
Préparez le coulis et l’eau.

MISE EN PLACE DANS LA CUVE

Mettez le chou, les carottes, le coulis et l’eau dans la cuve. Mélangez. Ne salez pas. Gardez les anchois pour la finition.

PROGRAMMATION THERMOCHEF

Fermez le couvercle.
Sélectionnez le menu Thermogrill.
Réglez le minuteur sur 14 minutes.
Appuyez sur Cuisiner.
Réglez la puissance sur 3.
Laissez le programme aller jusqu’à la fin.
Ouvrez avec prudence.

FINITION

À la fin, ouvrez avec prudence. Le chou doit être tendre. Ajoutez les anchois et l’herbe choisie. Mélangez très doucement.

SERVICE

Servez chaud. Le chou blanc et la carotte donnent une base douce qui supporte bien les anchois.

POINT DE CONTRÔLE AVANT SERVICE

La garniture doit être cuite et tendre.
La base sèche, quand il y en a une, doit être tendre sous la dent.
Les anchois doivent être ajoutés seulement en finition.
Le plat ne doit pas être salé avant d’avoir été goûté.
Si la préparation paraît trop sèche, ajoutez 1 cuillère à soupe d’eau chaude, environ 15 millilitres, soit 15 grammes, puis mélangez uniquement la garniture.
Goûtez toujours avant d’ajouter quoi que ce soit de salé.

RÉSUMÉ SIMPLE

On égoutte les anchois.
On garde les anchois à part.
On prépare la garniture ou la base sèche.
On ajoute l’eau indiquée dans la cuve.
On choisit le menu ThermoChef adapté.
On ne règle pas de puissance sur les menus Pâtes, Riz, Soupe ou Légumes secs.
On ouvre avec prudence.
On ajoute les anchois seulement à la fin.
On mélange très doucement.
Le plat est prêt à être servi chaud.

CONSEIL ANCHOIS

Les anchois doivent être utilisés comme un assaisonnement principal. Il vaut mieux en mettre peu au départ dans l’assiette et ajuster ensuite. Comme ils sont très salés, le plat doit toujours être goûté avant tout ajout de sel ou d’ingrédient salé.

CONSEIL ANCHOIS

Les anchois doivent être utilisés comme un assaisonnement principal. Il vaut mieux en mettre peu au départ dans l’assiette et ajuster ensuite. Comme ils sont très salés, le plat doit toujours être goûté avant tout ajout de sel ou d’ingrédient salé."
Anchois champignons tomates et œufs façon ThermoChef,https://30minutesparjour.com/recettes-audio/fr/anchois%20recette%20excellence/anchois%20champignons%20tomates%20et%20%C5%93ufs%20facon%20ThermoChef.mp3,Anchois excellence,"6 à 8 filets d’anchois à l’huile, égouttés et coupés finement.
220 grammes de champignons émincés.
2 tomates moyennes, environ 240 grammes, coupées en petits dés.
2 œufs.
1 cuillère à soupe de crème liquide ou végétale, environ 15 grammes.
persil ou basilic, poivre, aucun sel au départ.",237,"Aujourd’hui, nous préparons anchois champignons tomates et œufs façon ThermoChef.

Cette recette est prévue pour 2 personnes.

RÈGLE IMPORTANTE POUR LES ANCHOIS

Les anchois sont très salés.
Ils sont aussi puissants en goût.
On ne sale donc jamais au départ.
On les égoutte, on les garde à part, puis on les ajoute à la fin de la recette.
Ils doivent surtout parfumer le plat avec la chaleur de la garniture.
On évite de les faire cuire longtemps, car ils peuvent devenir trop forts et trop salés.","Égouttez les anchois et gardez-les à part.
Émincez les champignons.
Coupez les tomates en petits dés.
Battez les œufs avec la crème.

MISE EN PLACE DANS LA CUVE

Mettez les champignons et les tomates dans la cuve. Versez les œufs battus avec la crème. Mélangez doucement. Ne salez pas. Gardez les anchois pour la finition.

PROGRAMMATION THERMOCHEF

Fermez le couvercle.
Sélectionnez le menu Thermogrill.
Réglez le minuteur sur 11 minutes.
Appuyez sur Cuisiner.
Réglez la puissance sur 2.
Laissez le programme aller jusqu’à la fin.
Ouvrez avec prudence.

FINITION

À la fin, ouvrez avec prudence. Les œufs doivent être pris et les champignons tendres. Ajoutez les anchois et l’herbe choisie. Mélangez délicatement.

SERVICE

Servez chaud. Les anchois relèvent les œufs sans qu’il soit nécessaire d’ajouter du sel.

POINT DE CONTRÔLE AVANT SERVICE

La garniture doit être cuite et tendre.
La base sèche, quand il y en a une, doit être tendre sous la dent.
Les anchois doivent être ajoutés seulement en finition.
Le plat ne doit pas être salé avant d’avoir été goûté.
Si la préparation paraît trop sèche, ajoutez 1 cuillère à soupe d’eau chaude, environ 15 millilitres, soit 15 grammes, puis mélangez uniquement la garniture.
Goûtez toujours avant d’ajouter quoi que ce soit de salé.

RÉSUMÉ SIMPLE

On égoutte les anchois.
On garde les anchois à part.
On prépare la garniture ou la base sèche.
On ajoute l’eau indiquée dans la cuve.
On choisit le menu ThermoChef adapté.
On ne règle pas de puissance sur les menus Pâtes, Riz, Soupe ou Légumes secs.
On ouvre avec prudence.
On ajoute les anchois seulement à la fin.
On mélange très doucement.
Le plat est prêt à être servi chaud.

CONSEIL ANCHOIS

Les anchois doivent être utilisés comme un assaisonnement principal. Il vaut mieux en mettre peu au départ dans l’assiette et ajuster ensuite. Comme ils sont très salés, le plat doit toujours être goûté avant tout ajout de sel ou d’ingrédient salé.

CONSEIL ANCHOIS

Les anchois doivent être utilisés comme un assaisonnement principal. Il vaut mieux en mettre peu au départ dans l’assiette et ajuster ensuite. Comme ils sont très salés, le plat doit toujours être goûté avant tout ajout de sel ou d’ingrédient salé."
Anchois chou-fleur œufs et câpres façon ThermoChef,https://30minutesparjour.com/recettes-audio/fr/anchois%20recette%20excellence/anchois%20chou-fleur%20%C5%93ufs%20et%20capres%20facon%20ThermoChef.mp3,Anchois excellence,"6 à 8 filets d’anchois à l’huile, égouttés et coupés finement.
240 grammes de chou-fleur râpé.
2 œufs.
1 cuillère à soupe de câpres rincées, environ 10 grammes.
2 cuillères à soupe de crème liquide ou végétale, environ 30 grammes.
2 cuillères à soupe d’eau, 30 millilitres, environ 30 grammes.
persil, poivre, aucun sel au départ.",238,"Aujourd’hui, nous préparons anchois chou-fleur œufs et câpres façon ThermoChef.

Cette recette est prévue pour 2 personnes.

RÈGLE IMPORTANTE POUR LES ANCHOIS

Les anchois sont très salés.
Ils sont aussi puissants en goût.
On ne sale donc jamais au départ.
On les égoutte, on les garde à part, puis on les ajoute à la fin de la recette.
Ils doivent surtout parfumer le plat avec la chaleur de la garniture.
On évite de les faire cuire longtemps, car ils peuvent devenir trop forts et trop salés.","Égouttez les anchois et gardez-les à part.
Râpez le chou-fleur.
Battez les œufs avec la crème et l’eau.
Rincez les câpres pour limiter le sel.

MISE EN PLACE DANS LA CUVE

Mettez le chou-fleur dans la cuve. Ajoutez les œufs battus, la crème, l’eau et les câpres. Mélangez. Ne salez pas. Gardez les anchois pour la finition.

PROGRAMMATION THERMOCHEF

Fermez le couvercle.
Sélectionnez le menu Thermogrill.
Réglez le minuteur sur 12 minutes.
Appuyez sur Cuisiner.
Réglez la puissance sur 2.
Laissez le programme aller jusqu’à la fin.
Ouvrez avec prudence.

FINITION

À la fin, ouvrez avec prudence. Les œufs doivent être pris et le chou-fleur tendre. Ajoutez les anchois et le persil. Mélangez très doucement.

SERVICE

Servez chaud. Les câpres et les anchois apportent beaucoup de goût, donc le sel est inutile.

POINT DE CONTRÔLE AVANT SERVICE

La garniture doit être cuite et tendre.
La base sèche, quand il y en a une, doit être tendre sous la dent.
Les anchois doivent être ajoutés seulement en finition.
Le plat ne doit pas être salé avant d’avoir été goûté.
Si la préparation paraît trop sèche, ajoutez 1 cuillère à soupe d’eau chaude, environ 15 millilitres, soit 15 grammes, puis mélangez uniquement la garniture.
Goûtez toujours avant d’ajouter quoi que ce soit de salé.

RÉSUMÉ SIMPLE

On égoutte les anchois.
On garde les anchois à part.
On prépare la garniture ou la base sèche.
On ajoute l’eau indiquée dans la cuve.
On choisit le menu ThermoChef adapté.
On ne règle pas de puissance sur les menus Pâtes, Riz, Soupe ou Légumes secs.
On ouvre avec prudence.
On ajoute les anchois seulement à la fin.
On mélange très doucement.
Le plat est prêt à être servi chaud.

CONSEIL ANCHOIS

Les anchois doivent être utilisés comme un assaisonnement principal. Il vaut mieux en mettre peu au départ dans l’assiette et ajuster ensuite. Comme ils sont très salés, le plat doit toujours être goûté avant tout ajout de sel ou d’ingrédient salé.

CONSEIL ANCHOIS

Les anchois doivent être utilisés comme un assaisonnement principal. Il vaut mieux en mettre peu au départ dans l’assiette et ajuster ensuite. Comme ils sont très salés, le plat doit toujours être goûté avant tout ajout de sel ou d’ingrédient salé."
Anchois courgettes tomates et câpres façon ThermoChef,https://30minutesparjour.com/recettes-audio/fr/anchois%20recette%20excellence/anchois%20courgettes%20tomates%20et%20capres%20facon%20ThermoChef.mp3,Anchois excellence,"8 filets d’anchois à l’huile, égouttés et coupés en petits morceaux.
2 courgettes moyennes, environ 360 grammes, coupées en petits dés.
2 tomates moyennes, environ 240 grammes, coupées en petits dés.
1 cuillère à soupe de câpres rincées, environ 10 grammes.
1 cuillère à soupe de coulis de tomate, environ 15 grammes.
2 cuillères à soupe d’eau, 30 millilitres, environ 30 grammes.
basilic ou persil, poivre, aucun sel au départ.",239,"Aujourd’hui, nous préparons anchois courgettes tomates et câpres façon ThermoChef.

Cette recette est prévue pour 2 personnes.

RÈGLE IMPORTANTE POUR LES ANCHOIS

Les anchois sont très salés.
Ils sont aussi puissants en goût.
On ne sale donc jamais au départ.
On les égoutte, on les garde à part, puis on les ajoute à la fin de la recette.
Ils doivent surtout parfumer le plat avec la chaleur de la garniture.
On évite de les faire cuire longtemps, car ils peuvent devenir trop forts et trop salés.","Égouttez les anchois et gardez-les à part.
Coupez les courgettes et les tomates en petits dés.
Rincez les câpres.
Préparez le coulis et l’eau.

MISE EN PLACE DANS LA CUVE

Mettez les courgettes, les tomates, les câpres, le coulis et l’eau dans la cuve. Mélangez. Ne salez pas. Gardez les anchois pour la finition.

PROGRAMMATION THERMOCHEF

Fermez le couvercle.
Sélectionnez le menu Thermogrill.
Réglez le minuteur sur 12 minutes.
Appuyez sur Cuisiner.
Réglez la puissance sur 2.
Laissez le programme aller jusqu’à la fin.
Ouvrez avec prudence.

FINITION

À la fin, ouvrez avec prudence. Les courgettes doivent être tendres. Ajoutez les anchois et l’herbe choisie. Mélangez doucement.

SERVICE

Servez chaud. La tomate, les câpres et les anchois donnent une recette très parfumée.

POINT DE CONTRÔLE AVANT SERVICE

La garniture doit être cuite et tendre.
La base sèche, quand il y en a une, doit être tendre sous la dent.
Les anchois doivent être ajoutés seulement en finition.
Le plat ne doit pas être salé avant d’avoir été goûté.
Si la préparation paraît trop sèche, ajoutez 1 cuillère à soupe d’eau chaude, environ 15 millilitres, soit 15 grammes, puis mélangez uniquement la garniture.
Goûtez toujours avant d’ajouter quoi que ce soit de salé.

RÉSUMÉ SIMPLE

On égoutte les anchois.
On garde les anchois à part.
On prépare la garniture ou la base sèche.
On ajoute l’eau indiquée dans la cuve.
On choisit le menu ThermoChef adapté.
On ne règle pas de puissance sur les menus Pâtes, Riz, Soupe ou Légumes secs.
On ouvre avec prudence.
On ajoute les anchois seulement à la fin.
On mélange très doucement.
Le plat est prêt à être servi chaud.

CONSEIL ANCHOIS

Les anchois doivent être utilisés comme un assaisonnement principal. Il vaut mieux en mettre peu au départ dans l’assiette et ajuster ensuite. Comme ils sont très salés, le plat doit toujours être goûté avant tout ajout de sel ou d’ingrédient salé.

CONSEIL ANCHOIS

Les anchois doivent être utilisés comme un assaisonnement principal. Il vaut mieux en mettre peu au départ dans l’assiette et ajuster ensuite. Comme ils sont très salés, le plat doit toujours être goûté avant tout ajout de sel ou d’ingrédient salé."
Anchois gnocchis tomates cerises roquette et crème parmesan façon ThermoChef,https://30minutesparjour.com/recettes-audio/fr/anchois%20recette%20excellence/anchois%20gnocchis%20tomates%20cerises%20roquette%20et%20creme%20parmesan%20facon%20ThermoChef.mp3,Anchois excellence,"6 à 8 filets d’anchois à l’huile, égouttés et coupés finement.
300 grammes de gnocchis frais à poêler.
140 grammes de tomates cerises coupées en deux.
30 grammes de roquette ajoutée à la fin.
2 cuillères à soupe de crème liquide, environ 30 grammes.
1 cuillère à soupe de parmesan râpé, environ 10 grammes, facultatif.
2 cuillères à soupe d’eau, 30 millilitres, environ 30 grammes.
poivre, aucun sel au départ.",240,"Aujourd’hui, nous préparons anchois gnocchis tomates cerises roquette et crème parmesan façon ThermoChef.

Cette recette est prévue pour 2 personnes.

RÈGLE IMPORTANTE POUR LES ANCHOIS

Les anchois sont très salés.
Ils sont aussi puissants en goût.
On ne sale donc jamais au départ.
On les égoutte, on les garde à part, puis on les ajoute à la fin de la recette.
Ils doivent surtout parfumer le plat avec la chaleur de la garniture.
On évite de les faire cuire longtemps, car ils peuvent devenir trop forts et trop salés.

RÈGLE DE CUISSON DE LA BASE

Gnocchis frais à poêler : cuisson courte au Thermogrill avec un peu d’eau et de crème.","Égouttez les anchois et gardez-les à part.
Préparez les gnocchis.
Coupez les tomates cerises en deux.
Rincez et égouttez la roquette.

MISE EN PLACE DANS LA CUVE

Mettez les gnocchis, les tomates cerises, la crème, le parmesan si vous l’utilisez et l’eau dans la cuve. Mélangez. Ne salez pas. Gardez les anchois et la roquette pour la finition.

PROGRAMMATION THERMOCHEF

Fermez le couvercle.
Sélectionnez le menu Thermogrill.
Réglez le minuteur sur 10 minutes.
Appuyez sur Cuisiner.
Réglez la puissance sur 2.
Laissez le programme aller jusqu’à la fin.
Ouvrez avec prudence.

FINITION

À la fin, ouvrez avec prudence. Les gnocchis doivent être tendres. Ajoutez les anchois et la roquette. Mélangez très doucement pour faire tomber la roquette avec la chaleur.

SERVICE

Servez chaud. Les anchois remplacent le sel et donnent du relief à la crème.

POINT DE CONTRÔLE AVANT SERVICE

La garniture doit être cuite et tendre.
La base sèche, quand il y en a une, doit être tendre sous la dent.
Les anchois doivent être ajoutés seulement en finition.
Le plat ne doit pas être salé avant d’avoir été goûté.
Si la préparation paraît trop sèche, ajoutez 1 cuillère à soupe d’eau chaude, environ 15 millilitres, soit 15 grammes, puis mélangez uniquement la garniture.
Goûtez toujours avant d’ajouter quoi que ce soit de salé.

RÉSUMÉ SIMPLE

On égoutte les anchois.
On garde les anchois à part.
On prépare la garniture ou la base sèche.
On ajoute l’eau indiquée dans la cuve.
On choisit le menu ThermoChef adapté.
On ne règle pas de puissance sur les menus Pâtes, Riz, Soupe ou Légumes secs.
On ouvre avec prudence.
On ajoute les anchois seulement à la fin.
On mélange très doucement.
Le plat est prêt à être servi chaud.

CONSEIL ANCHOIS

Les anchois doivent être utilisés comme un assaisonnement principal. Il vaut mieux en mettre peu au départ dans l’assiette et ajuster ensuite. Comme ils sont très salés, le plat doit toujours être goûté avant tout ajout de sel ou d’ingrédient salé."
Anchois millet cru céleri-rave poire et noix façon ThermoChef,https://30minutesparjour.com/recettes-audio/fr/anchois%20recette%20excellence/anchois%20millet%20cru%20celeri-rave%20poire%20et%20noix%20facon%20ThermoChef.mp3,Anchois excellence,"6 à 8 filets d’anchois à l’huile, égouttés et coupés finement.
1 mesurette ThermoChef de millet cru, environ 110 grammes.
1 mesurette et demie ThermoChef d’eau, 240 millilitres, environ 240 grammes.
180 grammes de céleri-rave râpé.
1 poire ferme, environ 120 grammes, coupée en petits dés.
20 grammes de noix concassées, ajoutées à la fin.
Persil ou ciboulette.
Poivre.
Aucun sel au départ.",241,"Aujourd’hui, nous préparons anchois millet cru céleri-rave poire et noix façon ThermoChef.

Cette recette est prévue pour 2 personnes.

RÈGLE IMPORTANTE POUR LES ANCHOIS

Les anchois sont très salés.
Ils sont aussi puissants en goût.
On ne sale jamais au départ.
Égouttez les anchois, gardez-les à part, puis ajoutez-les seulement à la fin.
Ils doivent parfumer le plat avec la chaleur de la garniture.
Ne les faites pas cuire longtemps, car ils peuvent devenir trop forts et trop salés.
Goûtez toujours avant d’ajouter quoi que ce soit de salé.

RÈGLE DE CUISSON DU MILLET CRU

Le millet est utilisé cru au départ.
Utilisez 1 mesurette ThermoChef de millet cru, environ 110 grammes.
Ajoutez 1 mesurette et demie ThermoChef d’eau, soit 240 millilitres, environ 240 grammes.
Le menu utilisé est Riz mode 3, environ 13 à 15 minutes.
Sur le menu Riz, on ne règle pas de puissance.
Les anchois et les noix sont ajoutés seulement en finition.","Égouttez les anchois et gardez-les à part.
Coupez-les finement.
Rincez le millet si votre paquet le conseille.
Mesurez le millet et l’eau avec précision.
Râpez le céleri-rave.
Coupez la poire en petits dés.
Préparez les noix et l’herbe choisie.

MISE EN PLACE DANS LA CUVE

Mettez le millet cru dans la cuve.
Ajoutez l’eau.
Ajoutez le céleri-rave râpé et la poire.
Mélangez.
Ne salez pas.
Gardez les anchois et les noix pour la finition.
Vérifiez que le petit piston de sécurité reste libre.

PROGRAMMATION THERMOCHEF

Fermez le couvercle.
Sélectionnez le menu Riz.
Choisissez mode 3, environ 13 à 15 minutes.
Appuyez sur Cuisiner.
Laissez le programme aller jusqu’à la fin.
Attendez que la sécurité autorise l’ouverture.
N’essayez jamais de forcer le couvercle.
Ouvrez avec prudence.

FINITION

Le millet doit être tendre.
Ajoutez les anchois.
Ajoutez les noix et l’herbe choisie.
Mélangez très doucement.
Ne relancez aucun programme après l’ajout des anchois.
Goûtez avant d’ajouter du sel ou du poivre.

SERVICE

Servez chaud.
Le millet apporte une base douce.
Le céleri-rave donne du relief.
La poire apporte une note douce.
Les anchois parfument le plat seulement en finition.

POINT DE CONTRÔLE AVANT SERVICE

Le millet doit être tendre.
Les anchois doivent être ajoutés seulement en finition.
Les noix doivent rester visibles.
Le plat ne doit pas être salé avant dégustation.
Si la préparation paraît trop sèche, ajoutez 1 cuillère à soupe d’eau chaude, environ 15 millilitres, soit 15 grammes, puis mélangez uniquement la garniture.
Goûtez toujours avant d’ajouter quoi que ce soit de salé.

RÉSUMÉ SIMPLE

On égoutte les anchois.
On garde les anchois à part.
On met le millet cru, 240 millilitres d’eau, le céleri-rave et la poire dans la cuve.
On ne sale pas.
On lance menu Riz mode 3, environ 13 à 15 minutes.
On ouvre avec prudence.
On ajoute les anchois, les noix et les herbes seulement à la fin.
On ne relance aucun programme après l’ajout des anchois.
Le plat est prêt."
Anchois chou-rave râpé fèves tomates fraîches et crème citronnée façon ThermoChef,https://30minutesparjour.com/recettes-audio/fr/anchois%20recette%20excellence/anchois%20chou-rave%20rape%20feves%20tomates%20fraiches%20et%20creme%20citronnee%20facon%20ThermoChef.mp3,Anchois excellence,,242,,
Anchois navets chou kale maïs et crème paprika façon ThermoChef,https://30minutesparjour.com/recettes-audio/fr/anchois%20recette%20excellence/anchois%20navets%20chou%20kale%20mais%20et%20creme%20paprika%20facon%20ThermoChef.mp3,Anchois excellence,,243,,
Anchois orge perlée crue artichauts et tomates séchées façon ThermoChef,https://30minutesparjour.com/recettes-audio/fr/anchois%20recette%20excellence/anchois%20orge%20perlee%20crue%20artichauts%20et%20tomates%20sechees%20facon%20ThermoChef.mp3,Anchois excellence,,244,,
Blancs de dinde blettes et crème douce façon ThermoChef,https://30minutesparjour.com/recettes-audio/fr/blanc%20de%20dinde%20excellence/blancs%20de%20dinde%20blettes%20et%20creme%20douce%20facon%20ThermoChef.mp3,Blanc de dinde excellence,"320 grammes de blancs de dinde coupés en morceaux de 2 à 3 centimètres.
280 grammes de blettes émincées finement.
3 cuillères à soupe de crème liquide ou végétale, environ 45 grammes.
3 cuillères à soupe d’eau, 45 millilitres, environ 45 grammes.
1 échalote émincée finement.
persil ou ciboulette, sel et poivre à ajuster à la fin.",245,"Aujourd’hui, nous préparons blancs de dinde blettes et crème douce façon ThermoChef.

Cette recette est prévue pour 2 personnes.

RÈGLE IMPORTANTE POUR LES BLANCS DE DINDE

Les blancs de dinde sont une viande crue.
Ils doivent toujours être bien cuits à cœur.
À la fin, la chair ne doit plus être rose au centre.
Pour les cuissons courtes, coupez la dinde en morceaux de 2 à 3 centimètres.
Pour les recettes avec bases longues, coupez plutôt la dinde en morceaux d’environ 3 centimètres afin qu’elle reste plus moelleuse.
Les bases sèches ne sont pas utilisées cuites à l’avance.
Elles cuisent dans le ThermoChef avec l’eau indiquée.","Coupez la dinde en morceaux réguliers de 2 à 3 centimètres.
Émincez les blettes finement.
Émincez l’échalote.
Préparez la crème et l’eau.

MISE EN PLACE DANS LA CUVE

Mettez les blettes, l’échalote, la crème et l’eau dans la cuve. Mélangez. Ajoutez les morceaux de dinde et répartissez-les dans la garniture.

PROGRAMMATION THERMOCHEF

Fermez le couvercle.
Sélectionnez le menu Thermogrill.
Réglez le minuteur sur 14 minutes.
Appuyez sur Cuisiner.
Réglez la puissance sur 3.
Laissez le programme aller jusqu’à la fin.
Ouvrez avec prudence.

FINITION

À la fin, ouvrez avec prudence. La dinde doit être bien cuite à cœur et ne plus être rose au centre. Les blettes doivent être tendres. Ajoutez l’herbe choisie et ajustez l’assaisonnement.

SERVICE

Servez chaud. Les blettes et la crème gardent la dinde moelleuse.

POINT DE CONTRÔLE AVANT SERVICE

La dinde doit être bien cuite à cœur.
La chair ne doit plus être rose au centre.
La garniture doit être tendre.
La base sèche, quand il y en a une, doit être tendre sous la dent.
La sauce doit rester moelleuse.
Si la préparation paraît trop sèche, ajoutez 1 cuillère à soupe d’eau chaude, environ 15 millilitres, soit 15 grammes, puis mélangez doucement.
Goûtez toujours avant d’ajouter du sel.

RÉSUMÉ SIMPLE

On coupe la dinde en morceaux réguliers.
On prépare la garniture ou la base sèche.
On ajoute l’eau indiquée dans la cuve.
On choisit le menu ThermoChef adapté.
On ne règle pas de puissance sur les menus Pâtes, Riz, Soupe ou Légumes secs.
On ouvre avec prudence.
On vérifie que la dinde est bien blanche à cœur.
On vérifie que la base est cuite.
Le plat est prêt à être servi chaud.

CONSEIL DINDE

La dinde peut sécher si les morceaux sont trop petits ou si la cuisson est trop longue. Pour les bases longues, gardez des morceaux d’environ 3 centimètres. Pour les cuissons courtes, des morceaux de 2 à 3 centimètres conviennent mieux.

CONSEIL DINDE

La dinde peut sécher si les morceaux sont trop petits ou si la cuisson est trop longue. Pour les bases longues, gardez des morceaux d’environ 3 centimètres. Pour les cuissons courtes, des morceaux de 2 à 3 centimètres conviennent mieux."
Blancs de dinde céleri-rave et crème douce façon ThermoChef,https://30minutesparjour.com/recettes-audio/fr/blanc%20de%20dinde%20excellence/blancs%20de%20dinde%20celeri-rave%20et%20creme%20douce%20facon%20ThermoChef.mp3,Blanc de dinde excellence,"320 grammes de blancs de dinde coupés en morceaux de 2 à 3 centimètres.
280 grammes de céleri-rave râpé.
1 carotte, environ 100 grammes, râpée.
3 cuillères à soupe de crème liquide ou végétale, environ 45 grammes.
3 cuillères à soupe d’eau, 45 millilitres, environ 45 grammes.
persil, sel et poivre à ajuster à la fin.",246,"Aujourd’hui, nous préparons blancs de dinde céleri-rave et crème douce façon ThermoChef.

Cette recette est prévue pour 2 personnes.

RÈGLE IMPORTANTE POUR LES BLANCS DE DINDE

Les blancs de dinde sont une viande crue.
Ils doivent toujours être bien cuits à cœur.
À la fin, la chair ne doit plus être rose au centre.
Pour les cuissons courtes, coupez la dinde en morceaux de 2 à 3 centimètres.
Pour les recettes avec bases longues, coupez plutôt la dinde en morceaux d’environ 3 centimètres afin qu’elle reste plus moelleuse.
Les bases sèches ne sont pas utilisées cuites à l’avance.
Elles cuisent dans le ThermoChef avec l’eau indiquée.","Coupez la dinde en morceaux réguliers.
Râpez le céleri-rave et la carotte.
Préparez la crème et l’eau.
Préparez le persil.

MISE EN PLACE DANS LA CUVE

Mettez le céleri-rave, la carotte, la crème et l’eau dans la cuve. Mélangez. Ajoutez la dinde et mélangez doucement pour répartir les morceaux.

PROGRAMMATION THERMOCHEF

Fermez le couvercle.
Sélectionnez le menu Thermogrill.
Réglez le minuteur sur 15 minutes.
Appuyez sur Cuisiner.
Réglez la puissance sur 3.
Laissez le programme aller jusqu’à la fin.
Ouvrez avec prudence.

FINITION

À la fin, ouvrez avec prudence. La dinde doit être blanche à cœur. Le céleri-rave doit être tendre. Ajoutez le persil, puis goûtez et ajustez l’assaisonnement.

SERVICE

Servez chaud. Le céleri-rave donne une saveur douce et légèrement rustique.

POINT DE CONTRÔLE AVANT SERVICE

La dinde doit être bien cuite à cœur.
La chair ne doit plus être rose au centre.
La garniture doit être tendre.
La base sèche, quand il y en a une, doit être tendre sous la dent.
La sauce doit rester moelleuse.
Si la préparation paraît trop sèche, ajoutez 1 cuillère à soupe d’eau chaude, environ 15 millilitres, soit 15 grammes, puis mélangez doucement.
Goûtez toujours avant d’ajouter du sel.

RÉSUMÉ SIMPLE

On coupe la dinde en morceaux réguliers.
On prépare la garniture ou la base sèche.
On ajoute l’eau indiquée dans la cuve.
On choisit le menu ThermoChef adapté.
On ne règle pas de puissance sur les menus Pâtes, Riz, Soupe ou Légumes secs.
On ouvre avec prudence.
On vérifie que la dinde est bien blanche à cœur.
On vérifie que la base est cuite.
Le plat est prêt à être servi chaud.

CONSEIL DINDE

La dinde peut sécher si les morceaux sont trop petits ou si la cuisson est trop longue. Pour les bases longues, gardez des morceaux d’environ 3 centimètres. Pour les cuissons courtes, des morceaux de 2 à 3 centimètres conviennent mieux.

CONSEIL DINDE

La dinde peut sécher si les morceaux sont trop petits ou si la cuisson est trop longue. Pour les bases longues, gardez des morceaux d’environ 3 centimètres. Pour les cuissons courtes, des morceaux de 2 à 3 centimètres conviennent mieux."
Blancs de dinde chou chinois et crème coco façon ThermoChef,https://30minutesparjour.com/recettes-audio/fr/blanc%20de%20dinde%20excellence/blancs%20de%20dinde%20chou%20chinois%20et%20creme%20coco%20facon%20ThermoChef.mp3,Blanc de dinde excellence,"320 grammes de blancs de dinde coupés en morceaux de 2 à 3 centimètres.
300 grammes de chou chinois émincé finement.
120 grammes de petits pois.
3 cuillères à soupe de crème de coco, environ 45 grammes.
2 cuillères à soupe d’eau, 30 millilitres, environ 30 grammes.
1 petite pincée de curry doux.
coriandre ou persil, sel et poivre à ajuster à la fin.",247,"Aujourd’hui, nous préparons blancs de dinde chou chinois et crème coco façon ThermoChef.

Cette recette est prévue pour 2 personnes.

RÈGLE IMPORTANTE POUR LES BLANCS DE DINDE

Les blancs de dinde sont une viande crue.
Ils doivent toujours être bien cuits à cœur.
À la fin, la chair ne doit plus être rose au centre.
Pour les cuissons courtes, coupez la dinde en morceaux de 2 à 3 centimètres.
Pour les recettes avec bases longues, coupez plutôt la dinde en morceaux d’environ 3 centimètres afin qu’elle reste plus moelleuse.
Les bases sèches ne sont pas utilisées cuites à l’avance.
Elles cuisent dans le ThermoChef avec l’eau indiquée.","Coupez la dinde en morceaux réguliers.
Émincez le chou chinois finement.
Préparez les petits pois.
Préparez la crème de coco, l’eau et le curry.

MISE EN PLACE DANS LA CUVE

Mettez le chou chinois, les petits pois, la crème de coco, l’eau et le curry dans la cuve. Mélangez. Ajoutez les morceaux de dinde et répartissez-les sans former de bloc.

PROGRAMMATION THERMOCHEF

Fermez le couvercle.
Sélectionnez le menu Thermogrill.
Réglez le minuteur sur 14 minutes.
Appuyez sur Cuisiner.
Réglez la puissance sur 3.
Laissez le programme aller jusqu’à la fin.
Ouvrez avec prudence.

FINITION

À la fin, ouvrez avec prudence. La dinde doit être cuite à cœur. Le chou chinois doit être tendre. Ajoutez l’herbe choisie et ajustez l’assaisonnement.

SERVICE

Servez chaud. La crème de coco apporte du moelleux et une note douce.

POINT DE CONTRÔLE AVANT SERVICE

La dinde doit être bien cuite à cœur.
La chair ne doit plus être rose au centre.
La garniture doit être tendre.
La base sèche, quand il y en a une, doit être tendre sous la dent.
La sauce doit rester moelleuse.
Si la préparation paraît trop sèche, ajoutez 1 cuillère à soupe d’eau chaude, environ 15 millilitres, soit 15 grammes, puis mélangez doucement.
Goûtez toujours avant d’ajouter du sel.

RÉSUMÉ SIMPLE

On coupe la dinde en morceaux réguliers.
On prépare la garniture ou la base sèche.
On ajoute l’eau indiquée dans la cuve.
On choisit le menu ThermoChef adapté.
On ne règle pas de puissance sur les menus Pâtes, Riz, Soupe ou Légumes secs.
On ouvre avec prudence.
On vérifie que la dinde est bien blanche à cœur.
On vérifie que la base est cuite.
Le plat est prêt à être servi chaud.

CONSEIL DINDE

La dinde peut sécher si les morceaux sont trop petits ou si la cuisson est trop longue. Pour les bases longues, gardez des morceaux d’environ 3 centimètres. Pour les cuissons courtes, des morceaux de 2 à 3 centimètres conviennent mieux.

CONSEIL DINDE

La dinde peut sécher si les morceaux sont trop petits ou si la cuisson est trop longue. Pour les bases longues, gardez des morceaux d’environ 3 centimètres. Pour les cuissons courtes, des morceaux de 2 à 3 centimètres conviennent mieux."
Blancs de dinde rutabaga et crème douce façon ThermoChef,https://30minutesparjour.com/recettes-audio/fr/blanc%20de%20dinde%20excellence/blancs%20de%20dinde%20rutabaga%20et%20creme%20douce%20facon%20ThermoChef.mp3,Blanc de dinde excellence,"320 grammes de blancs de dinde coupés en morceaux de 2 à 3 centimètres.
260 grammes de rutabaga râpé ou coupé en très petits dés.
1 pomme, environ 140 grammes, coupée en petits dés.
3 cuillères à soupe de crème liquide ou végétale, environ 45 grammes.
3 cuillères à soupe d’eau, 45 millilitres, environ 45 grammes.
persil, sel et poivre à ajuster à la fin.",248,"Aujourd’hui, nous préparons blancs de dinde rutabaga et crème douce façon ThermoChef.

Cette recette est prévue pour 2 personnes.

RÈGLE IMPORTANTE POUR LES BLANCS DE DINDE

Les blancs de dinde sont une viande crue.
Ils doivent toujours être bien cuits à cœur.
À la fin, la chair ne doit plus être rose au centre.
Pour les cuissons courtes, coupez la dinde en morceaux de 2 à 3 centimètres.
Pour les recettes avec bases longues, coupez plutôt la dinde en morceaux d’environ 3 centimètres afin qu’elle reste plus moelleuse.
Les bases sèches ne sont pas utilisées cuites à l’avance.
Elles cuisent dans le ThermoChef avec l’eau indiquée.","Coupez la dinde en morceaux réguliers.
Râpez le rutabaga ou coupez-le très finement.
Coupez la pomme en petits dés.
Préparez la crème et l’eau.

MISE EN PLACE DANS LA CUVE

Mettez le rutabaga, la pomme, la crème et l’eau dans la cuve. Mélangez. Ajoutez la dinde et mélangez doucement.

PROGRAMMATION THERMOCHEF

Fermez le couvercle.
Sélectionnez le menu Thermogrill.
Réglez le minuteur sur 15 minutes.
Appuyez sur Cuisiner.
Réglez la puissance sur 3.
Laissez le programme aller jusqu’à la fin.
Ouvrez avec prudence.

FINITION

À la fin, ouvrez avec prudence. La dinde doit être bien cuite à cœur. Le rutabaga doit être tendre. Ajoutez le persil et ajustez l’assaisonnement.

SERVICE

Servez chaud. La pomme adoucit le rutabaga et rend la recette plus ronde.

POINT DE CONTRÔLE AVANT SERVICE

La dinde doit être bien cuite à cœur.
La chair ne doit plus être rose au centre.
La garniture doit être tendre.
La base sèche, quand il y en a une, doit être tendre sous la dent.
La sauce doit rester moelleuse.
Si la préparation paraît trop sèche, ajoutez 1 cuillère à soupe d’eau chaude, environ 15 millilitres, soit 15 grammes, puis mélangez doucement.
Goûtez toujours avant d’ajouter du sel.

RÉSUMÉ SIMPLE

On coupe la dinde en morceaux réguliers.
On prépare la garniture ou la base sèche.
On ajoute l’eau indiquée dans la cuve.
On choisit le menu ThermoChef adapté.
On ne règle pas de puissance sur les menus Pâtes, Riz, Soupe ou Légumes secs.
On ouvre avec prudence.
On vérifie que la dinde est bien blanche à cœur.
On vérifie que la base est cuite.
Le plat est prêt à être servi chaud.

CONSEIL DINDE

La dinde peut sécher si les morceaux sont trop petits ou si la cuisson est trop longue. Pour les bases longues, gardez des morceaux d’environ 3 centimètres. Pour les cuissons courtes, des morceaux de 2 à 3 centimètres conviennent mieux.

CONSEIL DINDE

La dinde peut sécher si les morceaux sont trop petits ou si la cuisson est trop longue. Pour les bases longues, gardez des morceaux d’environ 3 centimètres. Pour les cuissons courtes, des morceaux de 2 à 3 centimètres conviennent mieux."
Blancs de dinde fonds d’artichauts et citron façon ThermoChef,https://30minutesparjour.com/recettes-audio/fr/blanc%20de%20dinde%20excellence/blancs%20de%20dinde%20fonds%20d%E2%80%99artichauts%20et%20citron%20facon%20ThermoChef.mp3,Blanc de dinde excellence,"320 grammes de blancs de dinde coupés en morceaux de 2 à 3 centimètres.
220 grammes de fonds d’artichauts coupés en morceaux.
120 grammes d’asperges vertes coupées en petits tronçons.
3 cuillères à soupe de crème liquide ou végétale, environ 45 grammes.
2 cuillères à soupe d’eau, 30 millilitres, environ 30 grammes.
quelques gouttes de citron à la fin.
persil ou aneth, sel et poivre à ajuster à la fin.",249,"Aujourd’hui, nous préparons blancs de dinde fonds d’artichauts et citron façon ThermoChef.

Cette recette est prévue pour 2 personnes.

RÈGLE IMPORTANTE POUR LES BLANCS DE DINDE

Les blancs de dinde sont une viande crue.
Ils doivent toujours être bien cuits à cœur.
À la fin, la chair ne doit plus être rose au centre.
Pour les cuissons courtes, coupez la dinde en morceaux de 2 à 3 centimètres.
Pour les recettes avec bases longues, coupez plutôt la dinde en morceaux d’environ 3 centimètres afin qu’elle reste plus moelleuse.
Les bases sèches ne sont pas utilisées cuites à l’avance.
Elles cuisent dans le ThermoChef avec l’eau indiquée.","Coupez la dinde en morceaux réguliers.
Coupez les fonds d’artichauts en morceaux.
Coupez les asperges en petits tronçons.
Préparez la crème, l’eau et le citron.

MISE EN PLACE DANS LA CUVE

Mettez les artichauts, les asperges, la crème et l’eau dans la cuve. Mélangez. Ajoutez la dinde et répartissez les morceaux.

PROGRAMMATION THERMOCHEF

Fermez le couvercle.
Sélectionnez le menu Thermogrill.
Réglez le minuteur sur 14 minutes.
Appuyez sur Cuisiner.
Réglez la puissance sur 3.
Laissez le programme aller jusqu’à la fin.
Ouvrez avec prudence.

FINITION

À la fin, ouvrez avec prudence. La dinde doit être cuite à cœur. Ajoutez le citron et l’herbe choisie. Goûtez et ajustez l’assaisonnement.

SERVICE

Servez chaud. Le citron réveille la crème sans alourdir la dinde.

POINT DE CONTRÔLE AVANT SERVICE

La dinde doit être bien cuite à cœur.
La chair ne doit plus être rose au centre.
La garniture doit être tendre.
La base sèche, quand il y en a une, doit être tendre sous la dent.
La sauce doit rester moelleuse.
Si la préparation paraît trop sèche, ajoutez 1 cuillère à soupe d’eau chaude, environ 15 millilitres, soit 15 grammes, puis mélangez doucement.
Goûtez toujours avant d’ajouter du sel.

RÉSUMÉ SIMPLE

On coupe la dinde en morceaux réguliers.
On prépare la garniture ou la base sèche.
On ajoute l’eau indiquée dans la cuve.
On choisit le menu ThermoChef adapté.
On ne règle pas de puissance sur les menus Pâtes, Riz, Soupe ou Légumes secs.
On ouvre avec prudence.
On vérifie que la dinde est bien blanche à cœur.
On vérifie que la base est cuite.
Le plat est prêt à être servi chaud.

CONSEIL DINDE

La dinde peut sécher si les morceaux sont trop petits ou si la cuisson est trop longue. Pour les bases longues, gardez des morceaux d’environ 3 centimètres. Pour les cuissons courtes, des morceaux de 2 à 3 centimètres conviennent mieux.

CONSEIL DINDE

La dinde peut sécher si les morceaux sont trop petits ou si la cuisson est trop longue. Pour les bases longues, gardez des morceaux d’environ 3 centimètres. Pour les cuissons courtes, des morceaux de 2 à 3 centimètres conviennent mieux."
Blancs de dinde salsifis et crème moutardée façon ThermoChef,https://30minutesparjour.com/recettes-audio/fr/blanc%20de%20dinde%20excellence/blancs%20de%20dinde%20salsifis%20et%20creme%20moutardee%20facon%20ThermoChef.mp3,Blanc de dinde excellence,"320 grammes de blancs de dinde coupés en morceaux de 2 à 3 centimètres.
260 grammes de salsifis égouttés et coupés en tronçons.
1 carotte, environ 100 grammes, râpée.
3 cuillères à soupe de crème liquide ou végétale, environ 45 grammes.
1 petite cuillère à café de moutarde douce, environ 5 grammes.
2 cuillères à soupe d’eau, 30 millilitres, environ 30 grammes.
persil, sel et poivre à ajuster à la fin.",250,"Aujourd’hui, nous préparons blancs de dinde salsifis et crème moutardée façon ThermoChef.

Cette recette est prévue pour 2 personnes.

RÈGLE IMPORTANTE POUR LES BLANCS DE DINDE

Les blancs de dinde sont une viande crue.
Ils doivent toujours être bien cuits à cœur.
À la fin, la chair ne doit plus être rose au centre.
Pour les cuissons courtes, coupez la dinde en morceaux de 2 à 3 centimètres.
Pour les recettes avec bases longues, coupez plutôt la dinde en morceaux d’environ 3 centimètres afin qu’elle reste plus moelleuse.
Les bases sèches ne sont pas utilisées cuites à l’avance.
Elles cuisent dans le ThermoChef avec l’eau indiquée.","Coupez la dinde en morceaux réguliers.
Égouttez les salsifis et coupez-les en tronçons.
Râpez la carotte.
Préparez la crème, la moutarde et l’eau.

MISE EN PLACE DANS LA CUVE

Mettez les salsifis, la carotte, la crème, la moutarde et l’eau dans la cuve. Mélangez. Ajoutez la dinde et mélangez doucement.

PROGRAMMATION THERMOCHEF

Fermez le couvercle.
Sélectionnez le menu Thermogrill.
Réglez le minuteur sur 14 minutes.
Appuyez sur Cuisiner.
Réglez la puissance sur 3.
Laissez le programme aller jusqu’à la fin.
Ouvrez avec prudence.

FINITION

À la fin, ouvrez avec prudence. La dinde doit être bien cuite et les salsifis chauds et tendres. Ajoutez le persil.

SERVICE

Servez chaud. La crème moutardée donne du relief à une garniture douce.

POINT DE CONTRÔLE AVANT SERVICE

La dinde doit être bien cuite à cœur.
La chair ne doit plus être rose au centre.
La garniture doit être tendre.
La base sèche, quand il y en a une, doit être tendre sous la dent.
La sauce doit rester moelleuse.
Si la préparation paraît trop sèche, ajoutez 1 cuillère à soupe d’eau chaude, environ 15 millilitres, soit 15 grammes, puis mélangez doucement.
Goûtez toujours avant d’ajouter du sel.

RÉSUMÉ SIMPLE

On coupe la dinde en morceaux réguliers.
On prépare la garniture ou la base sèche.
On ajoute l’eau indiquée dans la cuve.
On choisit le menu ThermoChef adapté.
On ne règle pas de puissance sur les menus Pâtes, Riz, Soupe ou Légumes secs.
On ouvre avec prudence.
On vérifie que la dinde est bien blanche à cœur.
On vérifie que la base est cuite.
Le plat est prêt à être servi chaud.

CONSEIL DINDE

La dinde peut sécher si les morceaux sont trop petits ou si la cuisson est trop longue. Pour les bases longues, gardez des morceaux d’environ 3 centimètres. Pour les cuissons courtes, des morceaux de 2 à 3 centimètres conviennent mieux.

CONSEIL DINDE

La dinde peut sécher si les morceaux sont trop petits ou si la cuisson est trop longue. Pour les bases longues, gardez des morceaux d’environ 3 centimètres. Pour les cuissons courtes, des morceaux de 2 à 3 centimètres conviennent mieux."
Blancs de dinde choux de bruxelles et crème douce façon ThermoChef,https://30minutesparjour.com/recettes-audio/fr/blanc%20de%20dinde%20excellence/blancs%20de%20dinde%20choux%20de%20bruxelles%20et%20creme%20douce%20facon%20ThermoChef.mp3,Blanc de dinde excellence,"320 grammes de blancs de dinde coupés en morceaux de 2 à 3 centimètres.
240 grammes de choux de Bruxelles coupés en deux.
1 pomme, environ 140 grammes, coupée en petits dés.
3 cuillères à soupe de crème liquide ou végétale, environ 45 grammes.
3 cuillères à soupe d’eau, 45 millilitres, environ 45 grammes.
persil, sel et poivre à ajuster à la fin.",251,"Aujourd’hui, nous préparons blancs de dinde choux de bruxelles et crème douce façon ThermoChef.

Cette recette est prévue pour 2 personnes.

RÈGLE IMPORTANTE POUR LES BLANCS DE DINDE

Les blancs de dinde sont une viande crue.
Ils doivent toujours être bien cuits à cœur.
À la fin, la chair ne doit plus être rose au centre.
Pour les cuissons courtes, coupez la dinde en morceaux de 2 à 3 centimètres.
Pour les recettes avec bases longues, coupez plutôt la dinde en morceaux d’environ 3 centimètres afin qu’elle reste plus moelleuse.
Les bases sèches ne sont pas utilisées cuites à l’avance.
Elles cuisent dans le ThermoChef avec l’eau indiquée.","Coupez la dinde en morceaux réguliers.
Coupez les choux de Bruxelles en deux.
Coupez la pomme en petits dés.
Préparez la crème et l’eau.

MISE EN PLACE DANS LA CUVE

Mettez les choux de Bruxelles, la pomme, la crème et l’eau dans la cuve. Mélangez. Ajoutez la dinde et répartissez les morceaux.

PROGRAMMATION THERMOCHEF

Fermez le couvercle.
Sélectionnez le menu Thermogrill.
Réglez le minuteur sur 15 minutes.
Appuyez sur Cuisiner.
Réglez la puissance sur 3.
Laissez le programme aller jusqu’à la fin.
Ouvrez avec prudence.

FINITION

À la fin, ouvrez avec prudence. La dinde doit être blanche à cœur. Les choux de Bruxelles doivent être tendres. Ajoutez le persil et ajustez l’assaisonnement.

SERVICE

Servez chaud. La pomme adoucit naturellement les choux de Bruxelles.

POINT DE CONTRÔLE AVANT SERVICE

La dinde doit être bien cuite à cœur.
La chair ne doit plus être rose au centre.
La garniture doit être tendre.
La base sèche, quand il y en a une, doit être tendre sous la dent.
La sauce doit rester moelleuse.
Si la préparation paraît trop sèche, ajoutez 1 cuillère à soupe d’eau chaude, environ 15 millilitres, soit 15 grammes, puis mélangez doucement.
Goûtez toujours avant d’ajouter du sel.

RÉSUMÉ SIMPLE

On coupe la dinde en morceaux réguliers.
On prépare la garniture ou la base sèche.
On ajoute l’eau indiquée dans la cuve.
On choisit le menu ThermoChef adapté.
On ne règle pas de puissance sur les menus Pâtes, Riz, Soupe ou Légumes secs.
On ouvre avec prudence.
On vérifie que la dinde est bien blanche à cœur.
On vérifie que la base est cuite.
Le plat est prêt à être servi chaud.

CONSEIL DINDE

La dinde peut sécher si les morceaux sont trop petits ou si la cuisson est trop longue. Pour les bases longues, gardez des morceaux d’environ 3 centimètres. Pour les cuissons courtes, des morceaux de 2 à 3 centimètres conviennent mieux.

CONSEIL DINDE

La dinde peut sécher si les morceaux sont trop petits ou si la cuisson est trop longue. Pour les bases longues, gardez des morceaux d’environ 3 centimètres. Pour les cuissons courtes, des morceaux de 2 à 3 centimètres conviennent mieux."
Blancs de dinde fèves et crème citronnée façon ThermoChef,https://30minutesparjour.com/recettes-audio/fr/blanc%20de%20dinde%20excellence/blancs%20de%20dinde%20feves%20et%20creme%20citronnee%20facon%20ThermoChef.mp3,Blanc de dinde excellence,"320 grammes de blancs de dinde coupés en morceaux de 2 à 3 centimètres.
200 grammes de fèves pelées.
1 courgette, environ 180 grammes, coupée en petits dés.
3 cuillères à soupe de crème liquide ou végétale, environ 45 grammes.
2 cuillères à soupe d’eau, 30 millilitres, environ 30 grammes.
quelques gouttes de citron à la fin.
persil ou aneth, sel et poivre à ajuster à la fin.",252,"Aujourd’hui, nous préparons blancs de dinde fèves et crème citronnée façon ThermoChef.

Cette recette est prévue pour 2 personnes.

RÈGLE IMPORTANTE POUR LES BLANCS DE DINDE

Les blancs de dinde sont une viande crue.
Ils doivent toujours être bien cuits à cœur.
À la fin, la chair ne doit plus être rose au centre.
Pour les cuissons courtes, coupez la dinde en morceaux de 2 à 3 centimètres.
Pour les recettes avec bases longues, coupez plutôt la dinde en morceaux d’environ 3 centimètres afin qu’elle reste plus moelleuse.
Les bases sèches ne sont pas utilisées cuites à l’avance.
Elles cuisent dans le ThermoChef avec l’eau indiquée.","Coupez la dinde en morceaux réguliers.
Préparez les fèves pelées.
Coupez la courgette en petits dés.
Préparez la crème, l’eau et le citron.

MISE EN PLACE DANS LA CUVE

Mettez les fèves, la courgette, la crème et l’eau dans la cuve. Mélangez. Ajoutez la dinde et répartissez les morceaux.

PROGRAMMATION THERMOCHEF

Fermez le couvercle.
Sélectionnez le menu Thermogrill.
Réglez le minuteur sur 13 minutes.
Appuyez sur Cuisiner.
Réglez la puissance sur 3.
Laissez le programme aller jusqu’à la fin.
Ouvrez avec prudence.

FINITION

À la fin, ouvrez avec prudence. La dinde doit être bien cuite. Ajoutez le citron et l’herbe choisie. Goûtez et ajustez.

SERVICE

Servez chaud. Les fèves apportent une texture agréable et le citron allège la crème.

POINT DE CONTRÔLE AVANT SERVICE

La dinde doit être bien cuite à cœur.
La chair ne doit plus être rose au centre.
La garniture doit être tendre.
La base sèche, quand il y en a une, doit être tendre sous la dent.
La sauce doit rester moelleuse.
Si la préparation paraît trop sèche, ajoutez 1 cuillère à soupe d’eau chaude, environ 15 millilitres, soit 15 grammes, puis mélangez doucement.
Goûtez toujours avant d’ajouter du sel.

RÉSUMÉ SIMPLE

On coupe la dinde en morceaux réguliers.
On prépare la garniture ou la base sèche.
On ajoute l’eau indiquée dans la cuve.
On choisit le menu ThermoChef adapté.
On ne règle pas de puissance sur les menus Pâtes, Riz, Soupe ou Légumes secs.
On ouvre avec prudence.
On vérifie que la dinde est bien blanche à cœur.
On vérifie que la base est cuite.
Le plat est prêt à être servi chaud.

CONSEIL DINDE

La dinde peut sécher si les morceaux sont trop petits ou si la cuisson est trop longue. Pour les bases longues, gardez des morceaux d’environ 3 centimètres. Pour les cuissons courtes, des morceaux de 2 à 3 centimètres conviennent mieux.

CONSEIL DINDE

La dinde peut sécher si les morceaux sont trop petits ou si la cuisson est trop longue. Pour les bases longues, gardez des morceaux d’environ 3 centimètres. Pour les cuissons courtes, des morceaux de 2 à 3 centimètres conviennent mieux."
Blancs de dinde asperges et crème citronnée façon ThermoChef,https://30minutesparjour.com/recettes-audio/fr/blanc%20de%20dinde%20excellence/blancs%20de%20dinde%20asperges%20et%20creme%20citronnee%20facon%20ThermoChef.mp3,Blanc de dinde excellence,"320 grammes de blancs de dinde coupés en morceaux de 2 à 3 centimètres.
220 grammes d’asperges vertes coupées en petits tronçons.
1 poireau fin, environ 150 grammes préparés, émincé très finement.
3 cuillères à soupe de crème liquide ou végétale, environ 45 grammes.
2 cuillères à soupe d’eau, 30 millilitres, environ 30 grammes.
quelques gouttes de citron à la fin.
aneth ou persil, sel et poivre à ajuster à la fin.",253,"Aujourd’hui, nous préparons blancs de dinde asperges et crème citronnée façon ThermoChef.

Cette recette est prévue pour 2 personnes.

RÈGLE IMPORTANTE POUR LES BLANCS DE DINDE

Les blancs de dinde sont une viande crue.
Ils doivent toujours être bien cuits à cœur.
À la fin, la chair ne doit plus être rose au centre.
Pour les cuissons courtes, coupez la dinde en morceaux de 2 à 3 centimètres.
Pour les recettes avec bases longues, coupez plutôt la dinde en morceaux d’environ 3 centimètres afin qu’elle reste plus moelleuse.
Les bases sèches ne sont pas utilisées cuites à l’avance.
Elles cuisent dans le ThermoChef avec l’eau indiquée.","Coupez la dinde en morceaux réguliers.
Coupez les asperges en petits tronçons.
Émincez le poireau très finement.
Préparez la crème, l’eau et le citron.

MISE EN PLACE DANS LA CUVE

Mettez les asperges, le poireau, la crème et l’eau dans la cuve. Mélangez. Ajoutez la dinde et répartissez les morceaux.

PROGRAMMATION THERMOCHEF

Fermez le couvercle.
Sélectionnez le menu Thermogrill.
Réglez le minuteur sur 13 minutes.
Appuyez sur Cuisiner.
Réglez la puissance sur 3.
Laissez le programme aller jusqu’à la fin.
Ouvrez avec prudence.

FINITION

À la fin, ouvrez avec prudence. La dinde doit être cuite à cœur. Ajoutez le citron et l’herbe choisie. Ajustez l’assaisonnement.

SERVICE

Servez chaud. Les asperges donnent une recette fine et légère.

POINT DE CONTRÔLE AVANT SERVICE

La dinde doit être bien cuite à cœur.
La chair ne doit plus être rose au centre.
La garniture doit être tendre.
La base sèche, quand il y en a une, doit être tendre sous la dent.
La sauce doit rester moelleuse.
Si la préparation paraît trop sèche, ajoutez 1 cuillère à soupe d’eau chaude, environ 15 millilitres, soit 15 grammes, puis mélangez doucement.
Goûtez toujours avant d’ajouter du sel.

RÉSUMÉ SIMPLE

On coupe la dinde en morceaux réguliers.
On prépare la garniture ou la base sèche.
On ajoute l’eau indiquée dans la cuve.
On choisit le menu ThermoChef adapté.
On ne règle pas de puissance sur les menus Pâtes, Riz, Soupe ou Légumes secs.
On ouvre avec prudence.
On vérifie que la dinde est bien blanche à cœur.
On vérifie que la base est cuite.
Le plat est prêt à être servi chaud.

CONSEIL DINDE

La dinde peut sécher si les morceaux sont trop petits ou si la cuisson est trop longue. Pour les bases longues, gardez des morceaux d’environ 3 centimètres. Pour les cuissons courtes, des morceaux de 2 à 3 centimètres conviennent mieux.

CONSEIL DINDE

La dinde peut sécher si les morceaux sont trop petits ou si la cuisson est trop longue. Pour les bases longues, gardez des morceaux d’environ 3 centimètres. Pour les cuissons courtes, des morceaux de 2 à 3 centimètres conviennent mieux."
Blancs de dinde haricots plats et crème curry doux façon ThermoChef,https://30minutesparjour.com/recettes-audio/fr/blanc%20de%20dinde%20excellence/blancs%20de%20dinde%20haricots%20plats%20et%20creme%20curry%20doux%20facon%20ThermoChef.mp3,Blanc de dinde excellence,"320 grammes de blancs de dinde coupés en morceaux de 2 à 3 centimètres.
220 grammes de haricots plats coupés en petits tronçons.
1 poivron jaune, environ 120 grammes, coupé en petits dés.
3 cuillères à soupe de crème de coco, environ 45 grammes.
2 cuillères à soupe d’eau, 30 millilitres, environ 30 grammes.
1 petite pincée de curry doux.
coriandre ou persil, sel et poivre à ajuster à la fin.",254,"Aujourd’hui, nous préparons blancs de dinde haricots plats et crème curry doux façon ThermoChef.

Cette recette est prévue pour 2 personnes.

RÈGLE IMPORTANTE POUR LES BLANCS DE DINDE

Les blancs de dinde sont une viande crue.
Ils doivent toujours être bien cuits à cœur.
À la fin, la chair ne doit plus être rose au centre.
Pour les cuissons courtes, coupez la dinde en morceaux de 2 à 3 centimètres.
Pour les recettes avec bases longues, coupez plutôt la dinde en morceaux d’environ 3 centimètres afin qu’elle reste plus moelleuse.
Les bases sèches ne sont pas utilisées cuites à l’avance.
Elles cuisent dans le ThermoChef avec l’eau indiquée.","Coupez la dinde en morceaux réguliers.
Coupez les haricots plats en petits tronçons.
Coupez le poivron en petits dés.
Préparez la crème de coco, l’eau et le curry.

MISE EN PLACE DANS LA CUVE

Mettez les haricots plats, le poivron, la crème de coco, l’eau et le curry dans la cuve. Mélangez. Ajoutez la dinde et répartissez les morceaux.

PROGRAMMATION THERMOCHEF

Fermez le couvercle.
Sélectionnez le menu Thermogrill.
Réglez le minuteur sur 14 minutes.
Appuyez sur Cuisiner.
Réglez la puissance sur 3.
Laissez le programme aller jusqu’à la fin.
Ouvrez avec prudence.

FINITION

À la fin, ouvrez avec prudence. La dinde doit être bien cuite à cœur. Les haricots plats doivent être tendres. Ajoutez l’herbe choisie.

SERVICE

Servez chaud. Le curry doux et la crème coco donnent une sauce simple et parfumée.

POINT DE CONTRÔLE AVANT SERVICE

La dinde doit être bien cuite à cœur.
La chair ne doit plus être rose au centre.
La garniture doit être tendre.
La base sèche, quand il y en a une, doit être tendre sous la dent.
La sauce doit rester moelleuse.
Si la préparation paraît trop sèche, ajoutez 1 cuillère à soupe d’eau chaude, environ 15 millilitres, soit 15 grammes, puis mélangez doucement.
Goûtez toujours avant d’ajouter du sel.

RÉSUMÉ SIMPLE

On coupe la dinde en morceaux réguliers.
On prépare la garniture ou la base sèche.
On ajoute l’eau indiquée dans la cuve.
On choisit le menu ThermoChef adapté.
On ne règle pas de puissance sur les menus Pâtes, Riz, Soupe ou Légumes secs.
On ouvre avec prudence.
On vérifie que la dinde est bien blanche à cœur.
On vérifie que la base est cuite.
Le plat est prêt à être servi chaud.

CONSEIL DINDE

La dinde peut sécher si les morceaux sont trop petits ou si la cuisson est trop longue. Pour les bases longues, gardez des morceaux d’environ 3 centimètres. Pour les cuissons courtes, des morceaux de 2 à 3 centimètres conviennent mieux."
Blancs de dinde riz sauvage cru chou rouge et poire façon ThermoChef,https://30minutesparjour.com/recettes-audio/fr/blanc%20de%20dinde%20excellence/blancs%20de%20dinde%20riz%20sauvage%20cru%20chou%20rouge%20et%20poire%20facon%20ThermoChef.mp3,Blanc de dinde excellence,"320 grammes de blancs de dinde coupés en morceaux d’environ 3 centimètres.
1 mesurette ThermoChef de riz sauvage cru ou mélange de riz sauvage, environ 140 à 150 grammes.
1 mesurette et demie ThermoChef d’eau, 240 millilitres, environ 240 grammes.
180 grammes de chou rouge émincé très finement.
1 poire ferme, environ 120 grammes, coupée en petits dés.
2 cuillères à soupe de crème liquide ou végétale, environ 30 grammes.
persil, sel et poivre à ajuster à la fin.",255,"Aujourd’hui, nous préparons blancs de dinde riz sauvage cru chou rouge et poire façon ThermoChef.

Cette recette est prévue pour 2 personnes.

RÈGLE IMPORTANTE POUR LES BLANCS DE DINDE

Les blancs de dinde sont une viande crue.
Ils doivent toujours être bien cuits à cœur.
À la fin, la chair ne doit plus être rose au centre.
Pour les cuissons courtes, coupez la dinde en morceaux de 2 à 3 centimètres.
Pour les recettes avec bases longues, coupez plutôt la dinde en morceaux d’environ 3 centimètres afin qu’elle reste plus moelleuse.
Les bases sèches ne sont pas utilisées cuites à l’avance.
Elles cuisent dans le ThermoChef avec l’eau indiquée.

RÈGLE DE CUISSON DE LA BASE

Riz sauvage ou mélange de riz sauvage : 1 mesurette ThermoChef, environ 140 à 150 grammes, avec 1 mesurette et demie d’eau, 240 millilitres, environ 240 grammes. Si le paquet indique 40 à 45 minutes, utiliser le menu Légumes secs environ 15 minutes.","Coupez la dinde en morceaux d’environ 3 centimètres.
Rincez le riz sauvage si votre paquet le conseille.
Mesurez le riz sauvage et l’eau.
Émincez le chou rouge et coupez la poire en petits dés.

PREMIÈRE MISE EN PLACE DANS LA CUVE

Mettez la dinde dans la cuve pour une courte première cuisson. Cette étape sert à la faire revenir rapidement avant la cuisson longue du riz.

PREMIÈRE PROGRAMMATION THERMOCHEF

Fermez le couvercle.
Sélectionnez le menu Thermogrill.
Réglez le minuteur sur 5 minutes.
Appuyez sur Cuisiner.
Réglez la puissance sur 3.
Laissez le programme aller jusqu’à la fin.
Ouvrez avec prudence.

DEUXIÈME MISE EN PLACE

Ouvrez avec prudence. Ajoutez le riz sauvage cru, l’eau, le chou rouge, la poire et la crème. Mélangez bien. Le riz sauvage doit cuire dans le ThermoChef avec la dinde.
Vérifiez que rien ne dépasse trop haut dans la cuve.
Vérifiez aussi qu’aucun morceau d’aliment ne risque de bloquer le petit piston de sécurité sous le couvercle.

DEUXIÈME PROGRAMMATION THERMOCHEF

Fermez le couvercle.
Sélectionnez le menu Légumes secs.
Réglez le temps sur 15 minutes.
Appuyez sur Cuisiner.
Laissez le programme aller jusqu’à la fin.
Attendez que la sécurité autorise l’ouverture.
N’essayez jamais de forcer le couvercle.
Ouvrez avec prudence.

FINITION

À la fin du menu Légumes secs, attendez que la sécurité autorise l’ouverture. Ouvrez avec prudence. La dinde doit être bien cuite à cœur et le riz sauvage tendre sous la dent. Ajoutez le persil.

SERVICE

Servez chaud. Le riz sauvage et la dinde cuisent ensemble, sans base cuite à l’avance.

POINT DE CONTRÔLE AVANT SERVICE

La dinde doit être bien cuite à cœur.
La chair ne doit plus être rose au centre.
La garniture doit être tendre.
La base sèche, quand il y en a une, doit être tendre sous la dent.
La sauce doit rester moelleuse.
Si la préparation paraît trop sèche, ajoutez 1 cuillère à soupe d’eau chaude, environ 15 millilitres, soit 15 grammes, puis mélangez doucement.
Goûtez toujours avant d’ajouter du sel.

RÉSUMÉ SIMPLE

On coupe la dinde en morceaux réguliers.
On prépare la garniture ou la base sèche.
On ajoute l’eau indiquée dans la cuve.
On choisit le menu ThermoChef adapté.
On ne règle pas de puissance sur les menus Pâtes, Riz, Soupe ou Légumes secs.
On ouvre avec prudence.
On vérifie que la dinde est bien blanche à cœur.
On vérifie que la base est cuite.
Le plat est prêt à être servi chaud."
Blancs de dinde gnocchis chou romanesco tomates cerises et basilic façon ThermoChef,https://30minutesparjour.com/recettes-audio/fr/blanc%20de%20dinde%20excellence/blancs%20de%20dinde%20gnocchis%20chou%20romanesco%20tomates%20cerises%20et%20basilic%20facon%20ThermoChef.mp3,Blanc de dinde excellence,"320 grammes de blancs de dinde coupés en morceaux de 2 centimètres.
300 grammes de gnocchis frais à poêler.
160 grammes de chou romanesco en très petits bouquets.
120 grammes de tomates cerises coupées en deux.
2 cuillères à soupe de crème liquide ou végétale, environ 30 grammes.
2 cuillères à soupe d’eau, 30 millilitres, environ 30 grammes.
basilic ou persil, sel et poivre à ajuster à la fin.",256,"Aujourd’hui, nous préparons blancs de dinde gnocchis chou romanesco tomates cerises et basilic façon ThermoChef.

Cette recette est prévue pour 2 personnes.

RÈGLE IMPORTANTE POUR LES BLANCS DE DINDE

Les blancs de dinde sont une viande crue.
Ils doivent toujours être bien cuits à cœur.
À la fin, la chair ne doit plus être rose au centre.
Pour les cuissons courtes, coupez la dinde en morceaux de 2 à 3 centimètres.
Pour les recettes avec bases longues, coupez plutôt la dinde en morceaux d’environ 3 centimètres afin qu’elle reste plus moelleuse.
Les bases sèches ne sont pas utilisées cuites à l’avance.
Elles cuisent dans le ThermoChef avec l’eau indiquée.

RÈGLE DE CUISSON DE LA BASE

Gnocchis frais à poêler : cuisson courte au Thermogrill avec un peu d’eau et de crème. La dinde cuit en même temps, en petits morceaux.","Coupez la dinde en morceaux de 2 centimètres pour une cuisson courte.
Préparez les gnocchis.
Coupez le chou romanesco en très petits bouquets.
Coupez les tomates cerises en deux.

MISE EN PLACE DANS LA CUVE

Mettez les gnocchis, le chou romanesco, les tomates cerises, la crème et l’eau dans la cuve. Ajoutez la dinde et mélangez doucement pour répartir les morceaux.

PROGRAMMATION THERMOCHEF

Fermez le couvercle.
Sélectionnez le menu Thermogrill.
Réglez le minuteur sur 13 minutes.
Appuyez sur Cuisiner.
Réglez la puissance sur 3.
Laissez le programme aller jusqu’à la fin.
Ouvrez avec prudence.

FINITION

À la fin, ouvrez avec prudence. Les gnocchis doivent être tendres. La dinde doit être bien cuite à cœur et ne plus être rose. Ajoutez l’herbe choisie.

SERVICE

Servez chaud. Les gnocchis apportent du moelleux et les tomates donnent une sauce courte.

POINT DE CONTRÔLE AVANT SERVICE

La dinde doit être bien cuite à cœur.
La chair ne doit plus être rose au centre.
La garniture doit être tendre.
La base sèche, quand il y en a une, doit être tendre sous la dent.
La sauce doit rester moelleuse.
Si la préparation paraît trop sèche, ajoutez 1 cuillère à soupe d’eau chaude, environ 15 millilitres, soit 15 grammes, puis mélangez doucement.
Goûtez toujours avant d’ajouter du sel.

RÉSUMÉ SIMPLE

On coupe la dinde en morceaux réguliers.
On prépare la garniture ou la base sèche.
On ajoute l’eau indiquée dans la cuve.
On choisit le menu ThermoChef adapté.
On ne règle pas de puissance sur les menus Pâtes, Riz, Soupe ou Légumes secs.
On ouvre avec prudence.
On vérifie que la dinde est bien blanche à cœur.
On vérifie que la base est cuite.
Le plat est prêt à être servi chaud."
Blancs de dinde millet cru navets chou kale et crème persillée façon ThermoChef,https://30minutesparjour.com/recettes-audio/fr/blanc%20de%20dinde%20excellence/blancs%20de%20dinde%20millet%20cru%20navets%20chou%20kale%20et%20creme%20persillee%20facon%20ThermoChef.mp3,Blanc de dinde excellence,"320 grammes de blancs de dinde coupés en morceaux d’environ 3 centimètres.
1 mesurette ThermoChef de millet cru, environ 120 grammes.
1 mesurette et demie ThermoChef d’eau, 240 millilitres, environ 240 grammes.
180 grammes de navets râpés ou coupés en très petits dés.
120 grammes de chou kale émincé très finement.
2 cuillères à soupe de crème liquide ou végétale, environ 30 grammes.
persil, sel et poivre à ajuster à la fin.",257,"Aujourd’hui, nous préparons blancs de dinde millet cru navets chou kale et crème persillée façon ThermoChef.

Cette recette est prévue pour 2 personnes.

RÈGLE IMPORTANTE POUR LES BLANCS DE DINDE

Les blancs de dinde sont une viande crue.
Ils doivent toujours être bien cuits à cœur.
À la fin, la chair ne doit plus être rose au centre.
Pour les cuissons courtes, coupez la dinde en morceaux de 2 à 3 centimètres.
Pour les recettes avec bases longues, coupez plutôt la dinde en morceaux d’environ 3 centimètres afin qu’elle reste plus moelleuse.
Les bases sèches ne sont pas utilisées cuites à l’avance.
Elles cuisent dans le ThermoChef avec l’eau indiquée.

RÈGLE DE CUISSON DE LA BASE

Millet : 1 mesurette ThermoChef, environ 120 grammes, avec 1 mesurette et demie d’eau, 240 millilitres, environ 240 grammes. Temps paquet souvent autour de 18 à 20 minutes ; menu Riz mode 5, environ 17 à 18 minutes.","Coupez la dinde en morceaux d’environ 3 centimètres.
Rincez le millet si votre paquet le conseille.
Mesurez le millet et l’eau.
Préparez les navets et le chou kale.

PREMIÈRE MISE EN PLACE DANS LA CUVE

Mettez la dinde dans la cuve pour la faire revenir rapidement. Cette étape donne du goût avant la cuisson du millet.

PREMIÈRE PROGRAMMATION THERMOCHEF

Fermez le couvercle.
Sélectionnez le menu Thermogrill.
Réglez le minuteur sur 5 minutes.
Appuyez sur Cuisiner.
Réglez la puissance sur 3.
Laissez le programme aller jusqu’à la fin.
Ouvrez avec prudence.

DEUXIÈME MISE EN PLACE

Ouvrez avec prudence. Ajoutez le millet cru, l’eau, les navets, le chou kale et la crème. Mélangez. Le millet doit cuire dans le ThermoChef avec la dinde.
Vérifiez que rien ne dépasse trop haut dans la cuve.
Vérifiez aussi qu’aucun morceau d’aliment ne risque de bloquer le petit piston de sécurité sous le couvercle.

DEUXIÈME PROGRAMMATION THERMOCHEF

Fermez le couvercle.
Sélectionnez le menu Riz.
Choisissez mode 5, environ 17 à 18 minutes.
Appuyez sur Cuisiner.
Laissez le programme aller jusqu’à la fin.
Attendez que la sécurité autorise l’ouverture.
N’essayez jamais de forcer le couvercle.
Ouvrez avec prudence.

FINITION

À la fin du menu Riz, attendez que la sécurité autorise l’ouverture. Ouvrez avec prudence. Le millet doit être tendre et la dinde bien cuite à cœur. Ajoutez le persil.

SERVICE

Servez chaud. Le millet est cuit directement dans le ThermoChef, avec la dinde et les légumes.

POINT DE CONTRÔLE AVANT SERVICE

La dinde doit être bien cuite à cœur.
La chair ne doit plus être rose au centre.
La garniture doit être tendre.
La base sèche, quand il y en a une, doit être tendre sous la dent.
La sauce doit rester moelleuse.
Si la préparation paraît trop sèche, ajoutez 1 cuillère à soupe d’eau chaude, environ 15 millilitres, soit 15 grammes, puis mélangez doucement.
Goûtez toujours avant d’ajouter du sel.

RÉSUMÉ SIMPLE

On coupe la dinde en morceaux réguliers.
On prépare la garniture ou la base sèche.
On ajoute l’eau indiquée dans la cuve.
On choisit le menu ThermoChef adapté.
On ne règle pas de puissance sur les menus Pâtes, Riz, Soupe ou Légumes secs.
On ouvre avec prudence.
On vérifie que la dinde est bien blanche à cœur.
On vérifie que la base est cuite.
Le plat est prêt à être servi chaud."
Blancs de dinde polenta crémeuse maïs haricots verts et estragon façon ThermoChef,https://30minutesparjour.com/recettes-audio/fr/blanc%20de%20dinde%20excellence/blancs%20de%20dinde%20polenta%20cremeuse%20mais%20haricots%20verts%20et%20estragon%20facon%20ThermoChef.mp3,Blanc de dinde excellence,"320 grammes de blancs de dinde coupés en morceaux de 2 centimètres.
90 grammes de polenta instantanée.
420 millilitres d’eau, environ 420 grammes.
100 grammes de maïs égoutté.
160 grammes de haricots verts fins coupés en deux.
1 cuillère à soupe de crème liquide ou végétale, environ 15 grammes.
estragon ou persil, sel et poivre à ajuster à la fin.",258,"Aujourd’hui, nous préparons blancs de dinde polenta crémeuse maïs haricots verts et estragon façon ThermoChef.

Cette recette est prévue pour 2 personnes.

RÈGLE IMPORTANTE POUR LES BLANCS DE DINDE

Les blancs de dinde sont une viande crue.
Ils doivent toujours être bien cuits à cœur.
À la fin, la chair ne doit plus être rose au centre.
Pour les cuissons courtes, coupez la dinde en morceaux de 2 à 3 centimètres.
Pour les recettes avec bases longues, coupez plutôt la dinde en morceaux d’environ 3 centimètres afin qu’elle reste plus moelleuse.
Les bases sèches ne sont pas utilisées cuites à l’avance.
Elles cuisent dans le ThermoChef avec l’eau indiquée.

RÈGLE DE CUISSON DE LA BASE

Polenta instantanée : 90 grammes avec 420 millilitres d’eau, environ 420 grammes. Mélanger soigneusement avant cuisson pour éviter les paquets secs.","Coupez la dinde en morceaux de 2 centimètres.
Pesez la polenta et mesurez l’eau.
Égouttez le maïs.
Coupez les haricots verts en deux.

MISE EN PLACE DANS LA CUVE

Mettez l’eau, la polenta, le maïs, les haricots verts et la crème dans la cuve. Mélangez très soigneusement pour éviter les paquets secs. Ajoutez la dinde et mélangez pour répartir les morceaux.

PROGRAMMATION THERMOCHEF

Fermez le couvercle.
Sélectionnez le menu Thermogrill.
Réglez le minuteur sur 15 minutes.
Appuyez sur Cuisiner.
Réglez la puissance sur 3.
Laissez le programme aller jusqu’à la fin.
Ouvrez avec prudence.

FINITION

À la fin, ouvrez avec prudence. La polenta doit être crémeuse et la dinde bien cuite à cœur. Ajoutez l’estragon ou le persil.

SERVICE

Servez chaud. La polenta forme une base crémeuse qui garde la dinde moelleuse.

POINT DE CONTRÔLE AVANT SERVICE

La dinde doit être bien cuite à cœur.
La chair ne doit plus être rose au centre.
La garniture doit être tendre.
La base sèche, quand il y en a une, doit être tendre sous la dent.
La sauce doit rester moelleuse.
Si la préparation paraît trop sèche, ajoutez 1 cuillère à soupe d’eau chaude, environ 15 millilitres, soit 15 grammes, puis mélangez doucement.
Goûtez toujours avant d’ajouter du sel.

RÉSUMÉ SIMPLE

On coupe la dinde en morceaux réguliers.
On prépare la garniture ou la base sèche.
On ajoute l’eau indiquée dans la cuve.
On choisit le menu ThermoChef adapté.
On ne règle pas de puissance sur les menus Pâtes, Riz, Soupe ou Légumes secs.
On ouvre avec prudence.
On vérifie que la dinde est bien blanche à cœur.
On vérifie que la base est cuite.
Le plat est prêt à être servi chaud.

CONSEIL DINDE

La dinde peut sécher si les morceaux sont trop petits ou si la cuisson est trop longue. Pour les bases longues, gardez des morceaux d’environ 3 centimètres. Pour les cuissons courtes, des morceaux de 2 à 3 centimètres conviennent mieux."
Blancs de dinde pois cassés endives orange et crème douce façon ThermoChef,https://30minutesparjour.com/recettes-audio/fr/blanc%20de%20dinde%20excellence/blancs%20de%20dinde%2C%20pois%20casses%2C%20endives%2C%20orange%20et%20creme%20douce%20facon%20ThermoChef.mp3,Blanc de dinde excellence,"320 grammes de blancs de dinde coupés en morceaux d’environ 3 centimètres.
1 mesurette ThermoChef de pois cassés secs, environ 120 grammes.
2 mesurettes et demie ThermoChef d’eau, 400 millilitres, environ 400 grammes.
2 endives émincées finement.
80 grammes d’orange coupée en petits morceaux, ajoutée en finition.
2 cuillères à soupe de crème liquide ou végétale, environ 30 grammes.
Persil ou aneth.
Poivre à ajuster à la fin.
Sel seulement si nécessaire après dégustation.",259,"Aujourd’hui, nous préparons blancs de dinde, pois cassés, endives, orange et crème douce façon ThermoChef.

Cette recette est prévue pour 2 personnes.

RÈGLE IMPORTANTE POUR LES BLANCS DE DINDE

Les blancs de dinde sont une viande crue.
Ils doivent toujours être bien cuits à cœur.
À la fin, la chair ne doit plus être rose au centre.
Coupez la dinde en morceaux réguliers d’environ 3 centimètres.
Ne salez pas au départ.
Goûtez seulement à la fin avant d’ajouter du sel.

RÈGLE IMPORTANTE POUR LES POIS CASSÉS

Les pois cassés sont utilisés secs, jamais précuits.
Pour 1 mesurette ThermoChef de pois cassés secs, environ 120 grammes, utilisez 2 mesurettes et demie d’eau, soit 400 millilitres, environ 400 grammes.
Le temps de référence est 10 minutes sur le menu Légumes secs.
Si votre version du ThermoChef demande une puissance sur ce menu, réglez sur 3.
Après cuisson, laissez reposer 5 minutes couvercle fermé si vous souhaitez une texture plus fondante.
La correction principale est l’eau et le repos, pas l’allongement direct du temps.","Coupez la dinde en morceaux réguliers d’environ 3 centimètres.
Rincez rapidement les pois cassés si votre paquet le conseille.
Émincez les endives finement.
Préparez l’eau avec précision.
Gardez l’orange et l’herbe choisie à part pour la finition.

MISE EN PLACE DANS LA CUVE

Mettez les morceaux de dinde dans la cuve.
Ajoutez les pois cassés secs.
Ajoutez l’eau.
Ajoutez les endives et la crème.
Mélangez pour répartir les pois cassés et l’eau.
Ne salez pas.
Vérifiez que le petit piston de sécurité reste libre.

PROGRAMMATION THERMOCHEF

Fermez le couvercle.
Sélectionnez le menu Légumes secs.
Réglez le temps sur 10 minutes.
Appuyez sur Cuisiner.
Si votre version du ThermoChef demande une puissance sur ce menu, réglez sur 3.
Laissez le programme aller jusqu’à la fin.
Attendez que la sécurité autorise l’ouverture.
N’essayez jamais de forcer le couvercle.
Laissez reposer 5 minutes couvercle fermé si vous souhaitez une texture plus fondante.
Ouvrez avec prudence.

FINITION

Vérifiez que les pois cassés sont tendres.
Vérifiez que la dinde est bien cuite à cœur.
La chair de la dinde ne doit plus être rose au centre.
Ajoutez l’orange et l’herbe choisie.
Mélangez doucement.
Goûtez avant d’ajouter du sel.

SERVICE

Servez chaud.
La crème adoucit les pois cassés et l’orange apporte une finition fraîche.

POINT DE CONTRÔLE AVANT SERVICE

Les pois cassés doivent être tendres.
La dinde doit être bien cuite à cœur.
La chair ne doit plus être rose au centre.
La préparation ne doit pas être sèche.
Si certains pois cassés restent fermes, ajoutez une demi-mesurette ThermoChef d’eau chaude, soit 80 millilitres, environ 80 grammes, puis prolongez de 2 à 3 minutes.

RÉSUMÉ SIMPLE

On coupe la dinde en morceaux.
On met la dinde, les pois cassés, l’eau, les endives et la crème dans la cuve.
On ne sale pas.
On lance menu Légumes secs, 10 minutes.
On règle la puissance sur 3 seulement si l’appareil la demande.
On laisse reposer 5 minutes si besoin.
On vérifie que la dinde est cuite à cœur.
On ajoute l’orange et l’herbe à la fin.
Le plat est prêt."
Blancs de poulet poivrons tomates oignon et paprika doux façon ThermoChef,https://30minutesparjour.com/recettes-audio/fr/blanc%20de%20poulet%20excellence/blancs%20de%20poulet%20poivrons%20tomates%20oignon%20et%20paprika%20doux%20facon%20ThermoChef.mp3,Blanc de poulet excellence,"300 grammes de blancs de poulet coupés en morceaux de 2 à 3 centimètres.
1 poivron rouge, environ 120 grammes, coupé en petits dés.
1 poivron jaune, environ 120 grammes, coupé en petits dés.
2 tomates moyennes, environ 240 grammes, coupées en petits dés.
1 oignon doux, environ 100 grammes, émincé.
2 cuillères à soupe de coulis de tomate, environ 30 grammes.
3 cuillères à soupe d’eau, 45 millilitres, environ 45 grammes.
1 petite pincée de paprika doux.
persil, sel et poivre à ajuster à la fin.",260,"Aujourd’hui, nous préparons blancs de poulet poivrons tomates oignon et paprika doux façon ThermoChef.

Cette recette est prévue pour 2 personnes.

RÈGLE IMPORTANTE POUR LE POULET

Le blanc de poulet doit toujours être bien cuit à cœur.
À la fin, il ne doit plus être rose au centre.
Pour les recettes courtes, coupez le poulet en morceaux de 2 à 3 centimètres.
Pour les recettes avec céréales longues, coupez plutôt le poulet en morceaux un peu plus gros, environ 3 centimètres, afin qu’il reste plus moelleux.","Coupez le poulet en morceaux réguliers de 2 à 3 centimètres.
Coupez les poivrons et les tomates en petits dés.
Émincez l’oignon.
Préparez le coulis de tomate et l’eau.

MISE EN PLACE DANS LA CUVE

Mettez les poivrons, les tomates, l’oignon, le coulis de tomate, l’eau et le paprika doux dans la cuve. Mélangez. Ajoutez les morceaux de poulet sur la garniture puis mélangez doucement pour les répartir.

PROGRAMMATION THERMOCHEF

Fermez le couvercle.
Sélectionnez le menu Thermogrill.
Réglez le minuteur sur 14 minutes.
Appuyez sur Cuisiner.
Réglez la puissance sur 3.
Laissez le programme aller jusqu’à la fin.
Ouvrez avec prudence.

FINITION

À la fin, ouvrez avec prudence. Le poulet doit être bien blanc à cœur et ne plus être rose. Les légumes doivent être tendres et la sauce courte. Ajoutez le persil. Goûtez et ajustez le sel et le poivre.

SERVICE

Servez chaud. Les poivrons et les tomates donnent une sauce légère qui garde le poulet moelleux.

POINT DE CONTRÔLE AVANT SERVICE

Le poulet doit être bien cuit à cœur.
Il ne doit plus être rose au centre.
La garniture doit être tendre.
La sauce doit rester courte et moelleuse.
Si la préparation paraît trop sèche, ajoutez 1 cuillère à soupe d’eau chaude, environ 15 millilitres, soit 15 grammes, puis mélangez doucement.
Si la préparation contient une céréale longue, vérifiez aussi que cette céréale est tendre selon le temps indiqué sur son paquet.
Goûtez toujours avant d’ajouter du sel.

RÉSUMÉ SIMPLE

On coupe le poulet en morceaux réguliers.
On prépare la garniture.
On met l’eau, la crème ou la sauce indiquée dans la cuve.
On utilise les céréales crues quand la recette en contient.
Quand une recette contient une céréale longue, elle est utilisée sous forme crue et cuite dans la cuve.
On choisit le programme selon le vrai temps de cuisson de la base.
On ouvre avec prudence.
On vérifie que le poulet est bien blanc à cœur.
On vérifie que la base est cuite.
Le plat est prêt à être servi chaud."
Blancs de poulet aubergine crème coco tomates et curry doux façon ThermoChef,https://30minutesparjour.com/recettes-audio/fr/blanc%20de%20poulet%20excellence/blancs%20de%20poulet%20aubergine%20creme%20coco%20tomates%20et%20curry%20doux%20facon%20ThermoChef.mp3,Blanc de poulet excellence,"300 grammes de blancs de poulet coupés en morceaux de 2 à 3 centimètres.
1 aubergine moyenne, environ 260 grammes, coupée en petits dés.
2 tomates moyennes, environ 240 grammes, coupées en petits dés.
3 cuillères à soupe de crème de coco, environ 45 grammes.
3 cuillères à soupe d’eau, 45 millilitres, environ 45 grammes.
1 petite pincée de curry doux.
coriandre ou persil, sel et poivre à ajuster à la fin.",261,"Aujourd’hui, nous préparons blancs de poulet aubergine crème coco tomates et curry doux façon ThermoChef.

Cette recette est prévue pour 2 personnes.

RÈGLE IMPORTANTE POUR LE POULET

Le blanc de poulet doit toujours être bien cuit à cœur.
À la fin, il ne doit plus être rose au centre.
Pour les recettes courtes, coupez le poulet en morceaux de 2 à 3 centimètres.
Pour les recettes avec céréales longues, coupez plutôt le poulet en morceaux un peu plus gros, environ 3 centimètres, afin qu’il reste plus moelleux.","Coupez le poulet en morceaux réguliers.
Coupez l’aubergine en petits dés pour qu’elle cuise correctement.
Coupez les tomates en petits dés.
Préparez la crème de coco, l’eau et le curry doux.

MISE EN PLACE DANS LA CUVE

Mettez l’aubergine, les tomates, la crème de coco, l’eau et le curry doux dans la cuve. Mélangez. Ajoutez le poulet et mélangez de nouveau. Les morceaux doivent être répartis, sans former un bloc compact.

PROGRAMMATION THERMOCHEF

Fermez le couvercle.
Sélectionnez le menu Thermogrill.
Réglez le minuteur sur 15 minutes.
Appuyez sur Cuisiner.
Réglez la puissance sur 3.
Laissez le programme aller jusqu’à la fin.
Ouvrez avec prudence.

FINITION

À la fin, ouvrez avec prudence. Le poulet doit être cuit à cœur. L’aubergine doit être moelleuse. Ajoutez l’herbe choisie, puis goûtez et ajustez l’assaisonnement.

SERVICE

Servez chaud. La crème de coco et l’aubergine protègent le poulet du dessèchement.

POINT DE CONTRÔLE AVANT SERVICE

Le poulet doit être bien cuit à cœur.
Il ne doit plus être rose au centre.
La garniture doit être tendre.
La sauce doit rester courte et moelleuse.
Si la préparation paraît trop sèche, ajoutez 1 cuillère à soupe d’eau chaude, environ 15 millilitres, soit 15 grammes, puis mélangez doucement.
Si la préparation contient une céréale longue, vérifiez aussi que cette céréale est tendre selon le temps indiqué sur son paquet.
Goûtez toujours avant d’ajouter du sel.

RÉSUMÉ SIMPLE

On coupe le poulet en morceaux réguliers.
On prépare la garniture.
On met l’eau, la crème ou la sauce indiquée dans la cuve.
On utilise les céréales crues quand la recette en contient.
Quand une recette contient une céréale longue, elle est utilisée sous forme crue et cuite dans la cuve.
On choisit le programme selon le vrai temps de cuisson de la base.
On ouvre avec prudence.
On vérifie que le poulet est bien blanc à cœur.
On vérifie que la base est cuite.
Le plat est prêt à être servi chaud.

CONSEIL DE CUISSON

Pour garder le poulet moelleux, évitez les morceaux trop petits lorsque la cuisson est longue. Pour les recettes avec céréales longues, utilisez les temps du paquet comme référence. Le ThermoChef doit cuire la céréale dans la cuve, avec l’eau indiquée, sans cuisson séparée avant la recette."
Blancs de poulet endives pomme et crème douce façon ThermoChef,https://30minutesparjour.com/recettes-audio/fr/blanc%20de%20poulet%20excellence/blancs%20de%20poulet%20endives%20pomme%20et%20creme%20douce%20facon%20ThermoChef.mp3,Blanc de poulet excellence,"300 grammes de blancs de poulet coupés en morceaux de 2 à 3 centimètres.
3 endives émincées finement.
1 pomme, environ 140 grammes, coupée en petits dés.
3 cuillères à soupe de crème liquide ou végétale, environ 45 grammes.
2 cuillères à soupe d’eau, 30 millilitres, environ 30 grammes.
1 petite cuillère à café de moutarde douce, environ 5 grammes, facultatif.
persil, sel et poivre à ajuster à la fin.",262,"Aujourd’hui, nous préparons blancs de poulet endives pomme et crème douce façon ThermoChef.

Cette recette est prévue pour 2 personnes.

RÈGLE IMPORTANTE POUR LE POULET

Le blanc de poulet doit toujours être bien cuit à cœur.
À la fin, il ne doit plus être rose au centre.
Pour les recettes courtes, coupez le poulet en morceaux de 2 à 3 centimètres.
Pour les recettes avec céréales longues, coupez plutôt le poulet en morceaux un peu plus gros, environ 3 centimètres, afin qu’il reste plus moelleux.","Coupez le poulet en morceaux réguliers.
Émincez les endives finement.
Coupez la pomme en petits dés.
Préparez la crème, l’eau et la moutarde si vous l’utilisez.

MISE EN PLACE DANS LA CUVE

Mettez les endives, la pomme, la crème, l’eau et la moutarde dans la cuve. Mélangez. Ajoutez les morceaux de poulet sur le dessus puis mélangez doucement.

PROGRAMMATION THERMOCHEF

Fermez le couvercle.
Sélectionnez le menu Thermogrill.
Réglez le minuteur sur 14 minutes.
Appuyez sur Cuisiner.
Réglez la puissance sur 2.
Laissez le programme aller jusqu’à la fin.
Ouvrez avec prudence.

FINITION

À la fin, ouvrez avec prudence. Les endives doivent être tendres et le poulet bien cuit à cœur. Ajoutez le persil. Goûtez et ajustez l’assaisonnement.

SERVICE

Servez chaud. L’endive apporte une légère amertume et la pomme équilibre avec une note douce.

POINT DE CONTRÔLE AVANT SERVICE

Le poulet doit être bien cuit à cœur.
Il ne doit plus être rose au centre.
La garniture doit être tendre.
La sauce doit rester courte et moelleuse.
Si la préparation paraît trop sèche, ajoutez 1 cuillère à soupe d’eau chaude, environ 15 millilitres, soit 15 grammes, puis mélangez doucement.
Si la préparation contient une céréale longue, vérifiez aussi que cette céréale est tendre selon le temps indiqué sur son paquet.
Goûtez toujours avant d’ajouter du sel.

RÉSUMÉ SIMPLE

On coupe le poulet en morceaux réguliers.
On prépare la garniture.
On met l’eau, la crème ou la sauce indiquée dans la cuve.
On utilise les céréales crues quand la recette en contient.
Quand une recette contient une céréale longue, elle est utilisée sous forme crue et cuite dans la cuve.
On choisit le programme selon le vrai temps de cuisson de la base.
On ouvre avec prudence.
On vérifie que le poulet est bien blanc à cœur.
On vérifie que la base est cuite.
Le plat est prêt à être servi chaud.

CONSEIL DE CUISSON

Pour garder le poulet moelleux, évitez les morceaux trop petits lorsque la cuisson est longue. Pour les recettes avec céréales longues, utilisez les temps du paquet comme référence. Le ThermoChef doit cuire la céréale dans la cuve, avec l’eau indiquée, sans cuisson séparée avant la recette."
Blancs de poulet petits pois céleri carotte et crème légère façon ThermoChef,https://30minutesparjour.com/recettes-audio/fr/blanc%20de%20poulet%20excellence/blancs%20de%20poulet%20petits%20pois%20celeri%20carotte%20et%20creme%20legere%20facon%20ThermoChef.mp3,Blanc de poulet excellence,"300 grammes de blancs de poulet coupés en morceaux de 2 à 3 centimètres.
150 grammes de petits pois.
1 branche de céleri, environ 60 grammes, coupée en petits morceaux.
1 carotte, environ 100 grammes, râpée.
2 cuillères à soupe de crème liquide ou végétale, environ 30 grammes.
3 cuillères à soupe d’eau, 45 millilitres, environ 45 grammes.
persil ou ciboulette, sel et poivre à ajuster à la fin.",263,"Aujourd’hui, nous préparons blancs de poulet petits pois céleri carotte et crème légère façon ThermoChef.

Cette recette est prévue pour 2 personnes.

RÈGLE IMPORTANTE POUR LE POULET

Le blanc de poulet doit toujours être bien cuit à cœur.
À la fin, il ne doit plus être rose au centre.
Pour les recettes courtes, coupez le poulet en morceaux de 2 à 3 centimètres.
Pour les recettes avec céréales longues, coupez plutôt le poulet en morceaux un peu plus gros, environ 3 centimètres, afin qu’il reste plus moelleux.","Coupez le poulet en morceaux réguliers.
Préparez les petits pois.
Coupez le céleri en petits morceaux.
Râpez la carotte.
Préparez la crème et l’eau.

MISE EN PLACE DANS LA CUVE

Mettez les petits pois, le céleri, la carotte, la crème et l’eau dans la cuve. Mélangez. Ajoutez le poulet et mélangez doucement pour répartir les morceaux.

PROGRAMMATION THERMOCHEF

Fermez le couvercle.
Sélectionnez le menu Thermogrill.
Réglez le minuteur sur 14 minutes.
Appuyez sur Cuisiner.
Réglez la puissance sur 3.
Laissez le programme aller jusqu’à la fin.
Ouvrez avec prudence.

FINITION

À la fin, ouvrez avec prudence. Le poulet doit être blanc à cœur. Les petits pois et le céleri doivent être tendres. Ajoutez l’herbe choisie. Goûtez et ajustez le sel.

SERVICE

Servez chaud. Cette recette est douce, simple et riche en légumes faciles à identifier.

POINT DE CONTRÔLE AVANT SERVICE

Le poulet doit être bien cuit à cœur.
Il ne doit plus être rose au centre.
La garniture doit être tendre.
La sauce doit rester courte et moelleuse.
Si la préparation paraît trop sèche, ajoutez 1 cuillère à soupe d’eau chaude, environ 15 millilitres, soit 15 grammes, puis mélangez doucement.
Si la préparation contient une céréale longue, vérifiez aussi que cette céréale est tendre selon le temps indiqué sur son paquet.
Goûtez toujours avant d’ajouter du sel.

RÉSUMÉ SIMPLE

On coupe le poulet en morceaux réguliers.
On prépare la garniture.
On met l’eau, la crème ou la sauce indiquée dans la cuve.
On utilise les céréales crues quand la recette en contient.
Quand une recette contient une céréale longue, elle est utilisée sous forme crue et cuite dans la cuve.
On choisit le programme selon le vrai temps de cuisson de la base.
On ouvre avec prudence.
On vérifie que le poulet est bien blanc à cœur.
On vérifie que la base est cuite.
Le plat est prêt à être servi chaud.

CONSEIL DE CUISSON

Pour garder le poulet moelleux, évitez les morceaux trop petits lorsque la cuisson est longue. Pour les recettes avec céréales longues, utilisez les temps du paquet comme référence. Le ThermoChef doit cuire la céréale dans la cuve, avec l’eau indiquée, sans cuisson séparée avant la recette."
Blancs de poulet chou blanc carottes et crème soja façon ThermoChef,https://30minutesparjour.com/recettes-audio/fr/blanc%20de%20poulet%20excellence/blancs%20de%20poulet%20chou%20blanc%20carottes%20et%20creme%20soja%20facon%20ThermoChef.mp3,Blanc de poulet excellence,"300 grammes de blancs de poulet coupés en morceaux de 2 à 3 centimètres.
280 grammes de chou blanc émincé très finement.
2 carottes, environ 200 grammes, râpées.
3 cuillères à soupe de crème de soja, environ 45 grammes.
3 cuillères à soupe d’eau, 45 millilitres, environ 45 grammes.
1 petite pincée de cumin doux, facultatif.
persil, sel et poivre à ajuster à la fin.",264,"Aujourd’hui, nous préparons blancs de poulet chou blanc carottes et crème soja façon ThermoChef.

Cette recette est prévue pour 2 personnes.

RÈGLE IMPORTANTE POUR LE POULET

Le blanc de poulet doit toujours être bien cuit à cœur.
À la fin, il ne doit plus être rose au centre.
Pour les recettes courtes, coupez le poulet en morceaux de 2 à 3 centimètres.
Pour les recettes avec céréales longues, coupez plutôt le poulet en morceaux un peu plus gros, environ 3 centimètres, afin qu’il reste plus moelleux.","Coupez le poulet en morceaux réguliers.
Émincez le chou blanc très finement.
Râpez les carottes.
Préparez la crème de soja et l’eau.

MISE EN PLACE DANS LA CUVE

Mettez le chou blanc, les carottes, la crème de soja, l’eau et le cumin si vous l’utilisez dans la cuve. Mélangez. Ajoutez le poulet et mélangez doucement.

PROGRAMMATION THERMOCHEF

Fermez le couvercle.
Sélectionnez le menu Thermogrill.
Réglez le minuteur sur 15 minutes.
Appuyez sur Cuisiner.
Réglez la puissance sur 3.
Laissez le programme aller jusqu’à la fin.
Ouvrez avec prudence.

FINITION

À la fin, ouvrez avec prudence. Le chou doit être tendre et le poulet bien cuit. Ajoutez le persil. Goûtez et ajustez l’assaisonnement.

SERVICE

Servez chaud. Le chou blanc et les carottes donnent une base économique, douce et nourrissante.

POINT DE CONTRÔLE AVANT SERVICE

Le poulet doit être bien cuit à cœur.
Il ne doit plus être rose au centre.
La garniture doit être tendre.
La sauce doit rester courte et moelleuse.
Si la préparation paraît trop sèche, ajoutez 1 cuillère à soupe d’eau chaude, environ 15 millilitres, soit 15 grammes, puis mélangez doucement.
Si la préparation contient une céréale longue, vérifiez aussi que cette céréale est tendre selon le temps indiqué sur son paquet.
Goûtez toujours avant d’ajouter du sel.

RÉSUMÉ SIMPLE

On coupe le poulet en morceaux réguliers.
On prépare la garniture.
On met l’eau, la crème ou la sauce indiquée dans la cuve.
On utilise les céréales crues quand la recette en contient.
Quand une recette contient une céréale longue, elle est utilisée sous forme crue et cuite dans la cuve.
On choisit le programme selon le vrai temps de cuisson de la base.
On ouvre avec prudence.
On vérifie que le poulet est bien blanc à cœur.
On vérifie que la base est cuite.
Le plat est prêt à être servi chaud.

CONSEIL DE CUISSON

Pour garder le poulet moelleux, évitez les morceaux trop petits lorsque la cuisson est longue. Pour les recettes avec céréales longues, utilisez les temps du paquet comme référence. Le ThermoChef doit cuire la céréale dans la cuve, avec l’eau indiquée, sans cuisson séparée avant la recette."
Blancs de poulet brocoli citron et crème persillée façon ThermoChef,https://30minutesparjour.com/recettes-audio/fr/blanc%20de%20poulet%20excellence/blancs%20de%20poulet%20brocoli%20citron%20et%20creme%20persillee%20facon%20ThermoChef.mp3,Blanc de poulet excellence,"300 grammes de blancs de poulet coupés en morceaux de 2 à 3 centimètres.
220 grammes de brocoli en très petits bouquets.
1 courgette, environ 180 grammes, coupée en petits dés.
3 cuillères à soupe de crème liquide ou végétale, environ 45 grammes.
2 cuillères à soupe d’eau, 30 millilitres, environ 30 grammes.
quelques gouttes de citron à la fin.
persil, sel et poivre à ajuster à la fin.",265,"Aujourd’hui, nous préparons blancs de poulet brocoli citron et crème persillée façon ThermoChef.

Cette recette est prévue pour 2 personnes.

RÈGLE IMPORTANTE POUR LE POULET

Le blanc de poulet doit toujours être bien cuit à cœur.
À la fin, il ne doit plus être rose au centre.
Pour les recettes courtes, coupez le poulet en morceaux de 2 à 3 centimètres.
Pour les recettes avec céréales longues, coupez plutôt le poulet en morceaux un peu plus gros, environ 3 centimètres, afin qu’il reste plus moelleux.","Coupez le poulet en morceaux réguliers.
Coupez le brocoli en très petits bouquets.
Coupez la courgette en petits dés.
Préparez la crème et l’eau.

MISE EN PLACE DANS LA CUVE

Mettez le brocoli, la courgette, la crème et l’eau dans la cuve. Mélangez. Ajoutez le poulet et répartissez les morceaux dans la garniture.

PROGRAMMATION THERMOCHEF

Fermez le couvercle.
Sélectionnez le menu Thermogrill.
Réglez le minuteur sur 14 minutes.
Appuyez sur Cuisiner.
Réglez la puissance sur 3.
Laissez le programme aller jusqu’à la fin.
Ouvrez avec prudence.

FINITION

À la fin, ouvrez avec prudence. Le poulet doit être bien cuit à cœur et le brocoli tendre. Ajoutez le citron et le persil. Goûtez et ajustez l’assaisonnement.

SERVICE

Servez chaud. Le citron réveille la crème et garde une recette légère.

POINT DE CONTRÔLE AVANT SERVICE

Le poulet doit être bien cuit à cœur.
Il ne doit plus être rose au centre.
La garniture doit être tendre.
La sauce doit rester courte et moelleuse.
Si la préparation paraît trop sèche, ajoutez 1 cuillère à soupe d’eau chaude, environ 15 millilitres, soit 15 grammes, puis mélangez doucement.
Si la préparation contient une céréale longue, vérifiez aussi que cette céréale est tendre selon le temps indiqué sur son paquet.
Goûtez toujours avant d’ajouter du sel.

RÉSUMÉ SIMPLE

On coupe le poulet en morceaux réguliers.
On prépare la garniture.
On met l’eau, la crème ou la sauce indiquée dans la cuve.
On utilise les céréales crues quand la recette en contient.
Quand une recette contient une céréale longue, elle est utilisée sous forme crue et cuite dans la cuve.
On choisit le programme selon le vrai temps de cuisson de la base.
On ouvre avec prudence.
On vérifie que le poulet est bien blanc à cœur.
On vérifie que la base est cuite.
Le plat est prêt à être servi chaud.

CONSEIL DE CUISSON

Pour garder le poulet moelleux, évitez les morceaux trop petits lorsque la cuisson est longue. Pour les recettes avec céréales longues, utilisez les temps du paquet comme référence. Le ThermoChef doit cuire la céréale dans la cuve, avec l’eau indiquée, sans cuisson séparée avant la recette."
Blancs de poulet fenouil crème citronnée et aneth façon ThermoChef,https://30minutesparjour.com/recettes-audio/fr/blanc%20de%20poulet%20excellence/blancs%20de%20poulet%20fenouil%20creme%20citronnee%20et%20aneth%20facon%20ThermoChef.mp3,Blanc de poulet excellence,"300 grammes de blancs de poulet coupés en morceaux de 2 à 3 centimètres.
1 fenouil moyen, environ 220 grammes, émincé très finement.
1 courgette, environ 180 grammes, coupée en petits dés.
3 cuillères à soupe de crème liquide ou végétale, environ 45 grammes.
2 cuillères à soupe d’eau, 30 millilitres, environ 30 grammes.
quelques gouttes de citron à la fin.
aneth ou persil, sel et poivre à ajuster à la fin.",266,"Aujourd’hui, nous préparons blancs de poulet fenouil crème citronnée et aneth façon ThermoChef.

Cette recette est prévue pour 2 personnes.

RÈGLE IMPORTANTE POUR LE POULET

Le blanc de poulet doit toujours être bien cuit à cœur.
À la fin, il ne doit plus être rose au centre.
Pour les recettes courtes, coupez le poulet en morceaux de 2 à 3 centimètres.
Pour les recettes avec céréales longues, coupez plutôt le poulet en morceaux un peu plus gros, environ 3 centimètres, afin qu’il reste plus moelleux.","Coupez le poulet en morceaux réguliers.
Émincez le fenouil très finement.
Coupez la courgette en petits dés.
Préparez la crème et l’eau.

MISE EN PLACE DANS LA CUVE

Mettez le fenouil, la courgette, la crème et l’eau dans la cuve. Mélangez. Ajoutez les morceaux de poulet. Répartissez-les sans les tasser.

PROGRAMMATION THERMOCHEF

Fermez le couvercle.
Sélectionnez le menu Thermogrill.
Réglez le minuteur sur 15 minutes.
Appuyez sur Cuisiner.
Réglez la puissance sur 2.
Laissez le programme aller jusqu’à la fin.
Ouvrez avec prudence.

FINITION

À la fin, ouvrez avec prudence. Le fenouil doit être tendre et le poulet cuit à cœur. Ajoutez le citron et l’aneth ou le persil. Goûtez avant de saler davantage.

SERVICE

Servez chaud. Le fenouil donne une note fraîche et convient très bien au poulet.

POINT DE CONTRÔLE AVANT SERVICE

Le poulet doit être bien cuit à cœur.
Il ne doit plus être rose au centre.
La garniture doit être tendre.
La sauce doit rester courte et moelleuse.
Si la préparation paraît trop sèche, ajoutez 1 cuillère à soupe d’eau chaude, environ 15 millilitres, soit 15 grammes, puis mélangez doucement.
Si la préparation contient une céréale longue, vérifiez aussi que cette céréale est tendre selon le temps indiqué sur son paquet.
Goûtez toujours avant d’ajouter du sel.

RÉSUMÉ SIMPLE

On coupe le poulet en morceaux réguliers.
On prépare la garniture.
On met l’eau, la crème ou la sauce indiquée dans la cuve.
On utilise les céréales crues quand la recette en contient.
Quand une recette contient une céréale longue, elle est utilisée sous forme crue et cuite dans la cuve.
On choisit le programme selon le vrai temps de cuisson de la base.
On ouvre avec prudence.
On vérifie que le poulet est bien blanc à cœur.
On vérifie que la base est cuite.
Le plat est prêt à être servi chaud.

CONSEIL DE CUISSON

Pour garder le poulet moelleux, évitez les morceaux trop petits lorsque la cuisson est longue. Pour les recettes avec céréales longues, utilisez les temps du paquet comme référence. Le ThermoChef doit cuire la céréale dans la cuve, avec l’eau indiquée, sans cuisson séparée avant la recette."
Blancs de poulet navets pommes de terre et crème moutardée façon ThermoChef,https://30minutesparjour.com/recettes-audio/fr/blanc%20de%20poulet%20excellence/blancs%20de%20poulet%20navets%20pommes%20de%20terre%20et%20creme%20moutardee%20facon%20ThermoChef.mp3,Blanc de poulet excellence,"300 grammes de blancs de poulet coupés en morceaux de 2 à 3 centimètres.
250 grammes de pommes de terre coupées en petits dés.
220 grammes de navets coupés en petits dés.
1 carotte, environ 100 grammes, râpée.
3 cuillères à soupe de crème liquide ou végétale, environ 45 grammes.
1 petite cuillère à café de moutarde douce, environ 5 grammes.
1 mesurette ThermoChef d’eau, 160 millilitres, environ 160 grammes.
persil, sel et poivre à ajuster à la fin.",267,"Aujourd’hui, nous préparons blancs de poulet navets pommes de terre et crème moutardée façon ThermoChef.

Cette recette est prévue pour 2 personnes.

RÈGLE IMPORTANTE POUR LE POULET

Le blanc de poulet doit toujours être bien cuit à cœur.
À la fin, il ne doit plus être rose au centre.
Pour les recettes courtes, coupez le poulet en morceaux de 2 à 3 centimètres.
Pour les recettes avec céréales longues, coupez plutôt le poulet en morceaux un peu plus gros, environ 3 centimètres, afin qu’il reste plus moelleux.","Coupez le poulet en morceaux réguliers.
Coupez les pommes de terre et les navets en petits dés.
Râpez la carotte.
Préparez la crème, la moutarde et l’eau.

MISE EN PLACE DANS LA CUVE

Mettez les pommes de terre, les navets, la carotte, la crème, la moutarde et l’eau dans la cuve. Mélangez. Ajoutez le poulet et répartissez les morceaux. Vérifiez que rien ne risque de bloquer le petit piston de sécurité sous le couvercle.
Vérifiez que rien ne dépasse trop haut dans la cuve.
Vérifiez aussi qu’aucun morceau d’aliment ne risque de bloquer le petit piston de sécurité sous le couvercle.

PROGRAMMATION THERMOCHEF

Fermez le couvercle.
Sélectionnez le menu Ragoût.
Réglez le temps sur 18 minutes.
Appuyez sur Cuisiner.
Quand l’appareil le permet, réglez la puissance sur 2.
Laissez le programme aller jusqu’à la fin.
Attendez que la sécurité autorise l’ouverture.
N’essayez jamais de forcer le couvercle.
Ouvrez avec prudence.

FINITION

À la fin du menu Ragoût, attendez que la sécurité autorise l’ouverture. Ouvrez avec prudence. Les pommes de terre et les navets doivent être tendres. Le poulet doit être bien cuit à cœur. Ajoutez le persil et ajustez l’assaisonnement.

SERVICE

Servez chaud. Cette recette est plus rustique et convient bien à une cuisson vapeur douce.

POINT DE CONTRÔLE AVANT SERVICE

Le poulet doit être bien cuit à cœur.
Il ne doit plus être rose au centre.
La garniture doit être tendre.
La sauce doit rester courte et moelleuse.
Si la préparation paraît trop sèche, ajoutez 1 cuillère à soupe d’eau chaude, environ 15 millilitres, soit 15 grammes, puis mélangez doucement.
Si la préparation contient une céréale longue, vérifiez aussi que cette céréale est tendre selon le temps indiqué sur son paquet.
Goûtez toujours avant d’ajouter du sel.

RÉSUMÉ SIMPLE

On coupe le poulet en morceaux réguliers.
On prépare la garniture.
On met l’eau, la crème ou la sauce indiquée dans la cuve.
On utilise les céréales crues quand la recette en contient.
Quand une recette contient une céréale longue, elle est utilisée sous forme crue et cuite dans la cuve.
On choisit le programme selon le vrai temps de cuisson de la base.
On ouvre avec prudence.
On vérifie que le poulet est bien blanc à cœur.
On vérifie que la base est cuite.
Le plat est prêt à être servi chaud."
Blancs de poulet panais carottes et crème moutardée façon ThermoChef,https://30minutesparjour.com/recettes-audio/fr/blanc%20de%20poulet%20excellence/blancs%20de%20poulet%20panais%20carottes%20et%20creme%20moutardee%20facon%20ThermoChef.mp3,Blanc de poulet excellence,"300 grammes de blancs de poulet coupés en morceaux de 2 à 3 centimètres.
260 grammes de panais râpé ou coupé en très petits dés.
1 carotte, environ 100 grammes, râpée.
3 cuillères à soupe de crème liquide ou végétale, environ 45 grammes.
1 petite cuillère à café de moutarde douce, environ 5 grammes.
3 cuillères à soupe d’eau, 45 millilitres, environ 45 grammes.
persil, sel et poivre à ajuster à la fin.",268,"Aujourd’hui, nous préparons blancs de poulet panais carottes et crème moutardée façon ThermoChef.

Cette recette est prévue pour 2 personnes.

RÈGLE IMPORTANTE POUR LE POULET

Le blanc de poulet doit toujours être bien cuit à cœur.
À la fin, il ne doit plus être rose au centre.
Pour les recettes courtes, coupez le poulet en morceaux de 2 à 3 centimètres.
Pour les recettes avec céréales longues, coupez plutôt le poulet en morceaux un peu plus gros, environ 3 centimètres, afin qu’il reste plus moelleux.","Coupez le poulet en morceaux réguliers.
Râpez le panais ou coupez-le en très petits dés.
Râpez la carotte.
Préparez la crème, la moutarde et l’eau.

MISE EN PLACE DANS LA CUVE

Mettez le panais, la carotte, la crème, la moutarde et l’eau dans la cuve. Mélangez. Ajoutez le poulet et mélangez doucement.

PROGRAMMATION THERMOCHEF

Fermez le couvercle.
Sélectionnez le menu Thermogrill.
Réglez le minuteur sur 15 minutes.
Appuyez sur Cuisiner.
Réglez la puissance sur 3.
Laissez le programme aller jusqu’à la fin.
Ouvrez avec prudence.

FINITION

À la fin, ouvrez avec prudence. Le panais doit être tendre et le poulet cuit à cœur. Ajoutez le persil. Goûtez avant d’ajouter du sel.

SERVICE

Servez chaud. Le panais apporte une douceur naturelle et la moutarde donne du relief.

POINT DE CONTRÔLE AVANT SERVICE

Le poulet doit être bien cuit à cœur.
Il ne doit plus être rose au centre.
La garniture doit être tendre.
La sauce doit rester courte et moelleuse.
Si la préparation paraît trop sèche, ajoutez 1 cuillère à soupe d’eau chaude, environ 15 millilitres, soit 15 grammes, puis mélangez doucement.
Si la préparation contient une céréale longue, vérifiez aussi que cette céréale est tendre selon le temps indiqué sur son paquet.
Goûtez toujours avant d’ajouter du sel.

RÉSUMÉ SIMPLE

On coupe le poulet en morceaux réguliers.
On prépare la garniture.
On met l’eau, la crème ou la sauce indiquée dans la cuve.
On utilise les céréales crues quand la recette en contient.
Quand une recette contient une céréale longue, elle est utilisée sous forme crue et cuite dans la cuve.
On choisit le programme selon le vrai temps de cuisson de la base.
On ouvre avec prudence.
On vérifie que le poulet est bien blanc à cœur.
On vérifie que la base est cuite.
Le plat est prêt à être servi chaud.

CONSEIL DE CUISSON

Pour garder le poulet moelleux, évitez les morceaux trop petits lorsque la cuisson est longue. Pour les recettes avec céréales longues, utilisez les temps du paquet comme référence. Le ThermoChef doit cuire la céréale dans la cuve, avec l’eau indiquée, sans cuisson séparée avant la recette."
Blancs de poulet butternut crème coco et petits pois façon ThermoChef,https://30minutesparjour.com/recettes-audio/fr/blanc%20de%20poulet%20excellence/blancs%20de%20poulet%20butternut%20creme%20coco%20et%20petits%20pois%20facon%20ThermoChef.mp3,Blanc de poulet excellence,"300 grammes de blancs de poulet coupés en morceaux de 2 à 3 centimètres.
280 grammes de butternut râpée ou coupée en très petits dés.
120 grammes de petits pois.
3 cuillères à soupe de crème de coco, environ 45 grammes.
3 cuillères à soupe d’eau, 45 millilitres, environ 45 grammes.
1 petite pincée de curry doux, facultatif.
coriandre ou persil, sel et poivre à ajuster à la fin.",269,"Aujourd’hui, nous préparons blancs de poulet butternut crème coco et petits pois façon ThermoChef.

Cette recette est prévue pour 2 personnes.

RÈGLE IMPORTANTE POUR LE POULET

Le blanc de poulet doit toujours être bien cuit à cœur.
À la fin, il ne doit plus être rose au centre.
Pour les recettes courtes, coupez le poulet en morceaux de 2 à 3 centimètres.
Pour les recettes avec céréales longues, coupez plutôt le poulet en morceaux un peu plus gros, environ 3 centimètres, afin qu’il reste plus moelleux.","Coupez le poulet en morceaux réguliers.
Râpez la butternut ou coupez-la en très petits dés.
Préparez les petits pois.
Préparez la crème de coco et l’eau.

MISE EN PLACE DANS LA CUVE

Mettez la butternut, les petits pois, la crème de coco, l’eau et le curry si vous l’utilisez dans la cuve. Mélangez. Ajoutez le poulet et répartissez les morceaux.

PROGRAMMATION THERMOCHEF

Fermez le couvercle.
Sélectionnez le menu Thermogrill.
Réglez le minuteur sur 15 minutes.
Appuyez sur Cuisiner.
Réglez la puissance sur 3.
Laissez le programme aller jusqu’à la fin.
Ouvrez avec prudence.

FINITION

À la fin, ouvrez avec prudence. La butternut doit être fondante et le poulet bien cuit. Ajoutez l’herbe choisie. Goûtez et ajustez l’assaisonnement.

SERVICE

Servez chaud. La butternut et la crème de coco donnent une recette douce et moelleuse.

POINT DE CONTRÔLE AVANT SERVICE

Le poulet doit être bien cuit à cœur.
Il ne doit plus être rose au centre.
La garniture doit être tendre.
La sauce doit rester courte et moelleuse.
Si la préparation paraît trop sèche, ajoutez 1 cuillère à soupe d’eau chaude, environ 15 millilitres, soit 15 grammes, puis mélangez doucement.
Si la préparation contient une céréale longue, vérifiez aussi que cette céréale est tendre selon le temps indiqué sur son paquet.
Goûtez toujours avant d’ajouter du sel.

RÉSUMÉ SIMPLE

On coupe le poulet en morceaux réguliers.
On prépare la garniture.
On met l’eau, la crème ou la sauce indiquée dans la cuve.
On utilise les céréales crues quand la recette en contient.
Quand une recette contient une céréale longue, elle est utilisée sous forme crue et cuite dans la cuve.
On choisit le programme selon le vrai temps de cuisson de la base.
On ouvre avec prudence.
On vérifie que le poulet est bien blanc à cœur.
On vérifie que la base est cuite.
Le plat est prêt à être servi chaud.

CONSEIL DE CUISSON

Pour garder le poulet moelleux, évitez les morceaux trop petits lorsque la cuisson est longue. Pour les recettes avec céréales longues, utilisez les temps du paquet comme référence. Le ThermoChef doit cuire la céréale dans la cuve, avec l’eau indiquée, sans cuisson séparée avant la recette."
Blancs de poulet riz noir cru chou rouge poire et crème douce façon ThermoChef,https://30minutesparjour.com/recettes-audio/fr/blanc%20de%20poulet%20excellence/blancs%20de%20poulet%20riz%20noir%20cru%20chou%20rouge%20poire%20et%20creme%20douce%20facon%20ThermoChef.mp3,Blanc de poulet excellence,"300 grammes de blancs de poulet coupés en morceaux d’environ 3 centimètres.
1 mesurette ThermoChef de riz noir cru, environ 140 à 150 grammes.
1 mesurette et demie ThermoChef d’eau, 240 millilitres, environ 240 grammes.
180 grammes de chou rouge émincé très finement.
1 petite poire ferme, environ 120 grammes, coupée en petits dés.
2 cuillères à soupe de crème liquide ou végétale, environ 30 grammes.
Persil, sel et poivre à ajuster à la fin.",270,"Aujourd’hui, nous préparons blancs de poulet riz noir cru chou rouge poire et crème douce façon ThermoChef.

Cette recette est prévue pour 2 personnes.

RÈGLE IMPORTANTE POUR LE POULET

Le blanc de poulet doit toujours être bien cuit à cœur.
À la fin, il ne doit plus être rose au centre.
Pour les cuissons longues avec céréales, coupez le poulet en morceaux d’environ 3 centimètres afin qu’il reste plus moelleux.
Pour les cuissons courtes, des morceaux de 2 à 3 centimètres conviennent.

RÈGLE THERMOCHEF POUR LE RIZ NOIR

Le riz noir est utilisé cru.
Dans le ThermoChef, la règle retenue est 1 mesurette de riz noir pour 1 mesurette et demie d’eau.
Le riz noir a généralement une cuisson longue sur paquet, souvent autour de 35 à 45 minutes.
Comme la cuisson est longue, on utilise le menu Légumes secs.
On divise le temps du paquet par environ 3.
Pour un paquet indiqué à 40 à 45 minutes, réglez environ 15 minutes.
Pour un paquet indiqué à 35 minutes, réglez plutôt 12 minutes.","Rincez le riz noir dans une passoire fine.
Mesurez le riz noir et l’eau.
Coupez le poulet en morceaux d’environ 3 centimètres.
Émincez le chou rouge très finement.
Coupez la poire en petits dés.

PREMIÈRE MISE EN PLACE DANS LA CUVE

Mettez le poulet dans la cuve.
Cette première étape sert seulement à le faire revenir et à donner du goût.
Elle ne doit pas terminer la cuisson du poulet.

PREMIÈRE PROGRAMMATION THERMOCHEF

Fermez le couvercle.
Sélectionnez le menu Thermogrill.
Réglez le minuteur sur 5 minutes.
Appuyez sur Cuisiner.
Réglez la puissance sur 3.
Laissez le programme aller jusqu’à la fin.
Ouvrez avec prudence.

DEUXIÈME MISE EN PLACE

Ajoutez le riz noir cru, l’eau, le chou rouge, la poire et la crème.
Mélangez bien pour répartir le riz noir dans le liquide.
Vérifiez que rien ne dépasse trop haut dans la cuve.
Vérifiez aussi qu’aucun morceau d’aliment ne risque de bloquer le petit piston de sécurité sous le couvercle.

DEUXIÈME PROGRAMMATION THERMOCHEF

Fermez le couvercle.
Sélectionnez le menu Légumes secs.
Réglez le temps sur 15 minutes.
Appuyez sur Cuisiner.
Laissez le programme aller jusqu’à la fin.
Attendez que la sécurité autorise l’ouverture.
N’essayez jamais de forcer le couvercle.
Ouvrez avec prudence.

FINITION

Le riz noir doit être tendre sous la dent.
Le poulet doit être bien cuit à cœur.
Mélangez doucement.
Ajoutez le persil.
Goûtez et ajustez le sel et le poivre.

SERVICE

Servez chaud.
Le riz noir apporte une base ferme et parfumée.
Le chou rouge et la poire donnent une garniture douce et originale.

POINT DE CONTRÔLE AVANT SERVICE

Le poulet doit être bien cuit à cœur.
Il ne doit plus être rose au centre.
La base sèche doit être cuite.
Les grains doivent être tendres, mais garder une texture agréable.
La préparation doit rester moelleuse, mais pas noyée dans le liquide.
Si la préparation paraît trop sèche, ajoutez 1 cuillère à soupe d’eau chaude, environ 15 millilitres, soit 15 grammes, puis mélangez doucement.
Goûtez toujours avant d’ajouter du sel.

RÉSUMÉ SIMPLE

On coupe le poulet en morceaux réguliers.
On fait revenir le poulet rapidement quand la recette le demande.
On ajoute la base sèche dans la cuve.
On ajoute 1 mesurette et demie d’eau quand la recette utilise 1 mesurette de base sèche.
On ajoute les légumes et la sauce.
On choisit le menu selon le vrai temps indiqué sur le paquet.
On ouvre avec prudence.
On vérifie que le poulet est bien blanc à cœur.
On vérifie que la base est cuite.
Le plat est prêt à être servi chaud."
Blancs de poulet orge perlée crue artichauts asperges et crème citronnée façon ThermoChef,https://30minutesparjour.com/recettes-audio/fr/blanc%20de%20poulet%20excellence/blancs%20de%20poulet%20orge%20perlee%20crue%20artichauts%20asperges%20et%20creme%20citronnee%20facon%20ThermoChef.mp3,Blanc de poulet excellence,"300 grammes de blancs de poulet coupés en morceaux d’environ 3 centimètres.
1 mesurette ThermoChef d’orge perlée crue, environ 120 grammes.
1 mesurette et demie ThermoChef d’eau, 240 millilitres, environ 240 grammes.
140 grammes de fonds d’artichauts coupés en morceaux.
120 grammes d’asperges vertes coupées en petits tronçons.
2 cuillères à soupe de crème liquide ou végétale, environ 30 grammes.
Quelques gouttes de citron à la fin.
Persil ou aneth, sel et poivre à ajuster à la fin.",271,"Aujourd’hui, nous préparons blancs de poulet orge perlée crue artichauts asperges et crème citronnée façon ThermoChef.

Cette recette est prévue pour 2 personnes.

RÈGLE IMPORTANTE POUR LE POULET

Le blanc de poulet doit toujours être bien cuit à cœur.
À la fin, il ne doit plus être rose au centre.
Pour les cuissons longues avec céréales, coupez le poulet en morceaux d’environ 3 centimètres afin qu’il reste plus moelleux.
Pour les cuissons courtes, des morceaux de 2 à 3 centimètres conviennent.

RÈGLE THERMOCHEF POUR L’ORGE PERLÉE

L’orge perlée est utilisée crue.
Dans le ThermoChef, la règle retenue est 1 mesurette d’orge perlée pour 1 mesurette et demie d’eau.
Sur les paquets, l’orge perlée est souvent indiquée autour de 30 à 35 minutes de cuisson.
Comme la cuisson est longue, on utilise le menu Légumes secs.
On divise le temps du paquet par environ 3.
Pour un paquet indiqué à 30 minutes, réglez 10 minutes.
Pour un paquet indiqué à 35 minutes, réglez 12 minutes.
Pour un paquet indiqué à 45 minutes, réglez 15 minutes.","Rincez l’orge perlée si le paquet le conseille.
Mesurez l’orge et l’eau.
Coupez le poulet en morceaux d’environ 3 centimètres.
Coupez les artichauts en morceaux.
Coupez les asperges en petits tronçons.

PREMIÈRE MISE EN PLACE DANS LA CUVE

Mettez le poulet dans la cuve.
Cette étape sert à faire revenir rapidement le poulet.
L’objectif est de donner du goût, pas de terminer la cuisson.

PREMIÈRE PROGRAMMATION THERMOCHEF

Fermez le couvercle.
Sélectionnez le menu Thermogrill.
Réglez le minuteur sur 5 minutes.
Appuyez sur Cuisiner.
Réglez la puissance sur 3.
Laissez le programme aller jusqu’à la fin.
Ouvrez avec prudence.

DEUXIÈME MISE EN PLACE

Ajoutez l’orge perlée crue, l’eau, les artichauts, les asperges et la crème.
Mélangez délicatement.
L’orge perlée doit cuire directement dans la cuve avec l’eau indiquée.
Vérifiez que rien ne dépasse trop haut dans la cuve.
Vérifiez aussi qu’aucun morceau d’aliment ne risque de bloquer le petit piston de sécurité sous le couvercle.

DEUXIÈME PROGRAMMATION THERMOCHEF

Fermez le couvercle.
Sélectionnez le menu Légumes secs.
Réglez le temps sur 12 minutes.
Appuyez sur Cuisiner.
Laissez le programme aller jusqu’à la fin.
Attendez que la sécurité autorise l’ouverture.
N’essayez jamais de forcer le couvercle.
Ouvrez avec prudence.

FINITION

L’orge perlée doit être tendre mais garder une légère tenue.
Le poulet doit être bien cuit à cœur.
Ajoutez le citron et l’herbe choisie.
Goûtez et ajustez le sel et le poivre.

SERVICE

Servez chaud.
L’orge perlée donne une base nourrissante.
Les artichauts et les asperges apportent une garniture plus fine.

POINT DE CONTRÔLE AVANT SERVICE

Le poulet doit être bien cuit à cœur.
Il ne doit plus être rose au centre.
La base sèche doit être cuite.
Les grains doivent être tendres, mais garder une texture agréable.
La préparation doit rester moelleuse, mais pas noyée dans le liquide.
Si la préparation paraît trop sèche, ajoutez 1 cuillère à soupe d’eau chaude, environ 15 millilitres, soit 15 grammes, puis mélangez doucement.
Goûtez toujours avant d’ajouter du sel.

RÉSUMÉ SIMPLE

On coupe le poulet en morceaux réguliers.
On fait revenir le poulet rapidement quand la recette le demande.
On ajoute la base sèche dans la cuve.
On ajoute 1 mesurette et demie d’eau quand la recette utilise 1 mesurette de base sèche.
On ajoute les légumes et la sauce.
On choisit le menu selon le vrai temps indiqué sur le paquet.
On ouvre avec prudence.
On vérifie que le poulet est bien blanc à cœur.
On vérifie que la base est cuite.
Le plat est prêt à être servi chaud."
Blancs de poulet sarrasin décortiqué cru champignons épinards et crème moutardée façon ThermoChef,https://30minutesparjour.com/recettes-audio/fr/blanc%20de%20poulet%20excellence/blancs%20de%20poulet%20sarrasin%20decortique%20cru%20champignons%20epinards%20et%20creme%20moutardee%20facon%20ThermoChef.mp3,Blanc de poulet excellence,"300 grammes de blancs de poulet coupés en morceaux de 2 à 3 centimètres.
1 mesurette ThermoChef de sarrasin décortiqué cru, environ 110 à 115 grammes.
1 mesurette et demie ThermoChef d’eau, 240 millilitres, environ 240 grammes.
180 grammes de champignons émincés.
150 grammes d’épinards frais ou surgelés bien égouttés.
2 cuillères à soupe de crème liquide ou végétale, environ 30 grammes.
1 petite cuillère à café de moutarde douce, environ 5 grammes.
Persil, sel et poivre à ajuster à la fin.",272,"Aujourd’hui, nous préparons blancs de poulet sarrasin décortiqué cru champignons épinards et crème moutardée façon ThermoChef.

Cette recette est prévue pour 2 personnes.

RÈGLE IMPORTANTE POUR LE POULET

Le blanc de poulet doit toujours être bien cuit à cœur.
À la fin, il ne doit plus être rose au centre.
Pour les cuissons longues avec céréales, coupez le poulet en morceaux d’environ 3 centimètres afin qu’il reste plus moelleux.
Pour les cuissons courtes, des morceaux de 2 à 3 centimètres conviennent.

RÈGLE THERMOCHEF POUR LE SARRASIN

Le sarrasin décortiqué est utilisé cru.
Dans le ThermoChef, la règle retenue est 1 mesurette de sarrasin pour 1 mesurette et demie d’eau.
Sur les paquets, le sarrasin est souvent indiqué autour de 10 à 15 minutes de cuisson.
Ce n’est pas une cuisson très longue.
On utilise donc le menu Riz, mode 3, pour une cuisson d’environ 13 à 15 minutes.
Sur le menu Riz, il ne faut pas régler de puissance.","Mesurez le sarrasin et l’eau.
Rincez le sarrasin si le paquet le conseille.
Coupez le poulet en morceaux réguliers.
Émincez les champignons.
Préparez les épinards.
Préparez la crème et la moutarde.

PREMIÈRE MISE EN PLACE DANS LA CUVE

Mettez le poulet dans la cuve.
Cette étape sert à faire revenir rapidement le poulet avant la cuisson du sarrasin.

PREMIÈRE PROGRAMMATION THERMOCHEF

Fermez le couvercle.
Sélectionnez le menu Thermogrill.
Réglez le minuteur sur 5 minutes.
Appuyez sur Cuisiner.
Réglez la puissance sur 3.
Laissez le programme aller jusqu’à la fin.
Ouvrez avec prudence.

DEUXIÈME MISE EN PLACE

Ajoutez le sarrasin cru, l’eau, les champignons, les épinards, la crème et la moutarde.
Mélangez.
Le sarrasin doit cuire directement dans la cuve avec l’eau indiquée.
Vérifiez que rien ne dépasse trop haut dans la cuve.
Vérifiez aussi qu’aucun morceau d’aliment ne risque de bloquer le petit piston de sécurité sous le couvercle.

DEUXIÈME PROGRAMMATION THERMOCHEF

Fermez le couvercle.
Sélectionnez le menu Riz.
Choisissez le mode 3, environ 13 à 15 minutes.
Appuyez sur Cuisiner.
Laissez le programme aller jusqu’à la fin.
Attendez que la sécurité autorise l’ouverture.
N’essayez jamais de forcer le couvercle.
Ouvrez avec prudence.

FINITION

Le sarrasin doit être tendre mais garder de la tenue.
Le poulet doit être bien cuit à cœur.
Ajoutez le persil.
Goûtez et ajustez le sel et le poivre.

SERVICE

Servez chaud.
Le sarrasin donne une saveur rustique.
Les champignons et les épinards se marient bien avec la crème moutardée.

POINT DE CONTRÔLE AVANT SERVICE

Le poulet doit être bien cuit à cœur.
Il ne doit plus être rose au centre.
La base sèche doit être cuite.
Les grains doivent être tendres, mais garder une texture agréable.
La préparation doit rester moelleuse, mais pas noyée dans le liquide.
Si la préparation paraît trop sèche, ajoutez 1 cuillère à soupe d’eau chaude, environ 15 millilitres, soit 15 grammes, puis mélangez doucement.
Goûtez toujours avant d’ajouter du sel.

RÉSUMÉ SIMPLE

On coupe le poulet en morceaux réguliers.
On fait revenir le poulet rapidement quand la recette le demande.
On ajoute la base sèche dans la cuve.
On ajoute 1 mesurette et demie d’eau quand la recette utilise 1 mesurette de base sèche.
On ajoute les légumes et la sauce.
On choisit le menu selon le vrai temps indiqué sur le paquet.
On ouvre avec prudence.
On vérifie que le poulet est bien blanc à cœur.
On vérifie que la base est cuite.
Le plat est prêt à être servi chaud."
Blancs de poulet quinoa rouge cru haricots plats maïs et tomates façon ThermoChef,https://30minutesparjour.com/recettes-audio/fr/blanc%20de%20poulet%20excellence/blancs%20de%20poulet%20quinoa%20rouge%20cru%20haricots%20plats%20mais%20et%20tomates%20facon%20ThermoChef.mp3,Blanc de poulet excellence,"300 grammes de blancs de poulet coupés en morceaux de 2 à 3 centimètres.
1 mesurette ThermoChef de quinoa rouge cru, environ 110 grammes.
1 mesurette et demie ThermoChef d’eau, 240 millilitres, environ 240 grammes.
160 grammes de haricots plats coupés en petits tronçons.
100 grammes de maïs égoutté.
2 tomates moyennes, environ 240 grammes, coupées en petits dés.
1 cuillère à soupe de crème liquide ou végétale, environ 15 grammes.
Persil ou basilic, sel et poivre à ajuster à la fin.",273,"Aujourd’hui, nous préparons blancs de poulet quinoa rouge cru haricots plats maïs et tomates façon ThermoChef.

Cette recette est prévue pour 2 personnes.

RÈGLE IMPORTANTE POUR LE POULET

Le blanc de poulet doit toujours être bien cuit à cœur.
À la fin, il ne doit plus être rose au centre.
Pour les cuissons longues avec céréales, coupez le poulet en morceaux d’environ 3 centimètres afin qu’il reste plus moelleux.
Pour les cuissons courtes, des morceaux de 2 à 3 centimètres conviennent.

RÈGLE THERMOCHEF POUR LE QUINOA ROUGE

Le quinoa rouge est utilisé cru.
Il doit être rincé dans une passoire fine.
Dans le ThermoChef, on garde la règle simple : 1 mesurette de quinoa rouge pour 1 mesurette et demie d’eau.
Les paquets indiquent souvent une cuisson autour de 10 à 15 minutes, parfois 12 à 15 minutes.
On utilise donc le menu Riz, mode 3, pour une cuisson d’environ 13 à 15 minutes.
Sur le menu Riz, il ne faut pas régler de puissance.","Rincez le quinoa rouge dans une passoire fine.
Mesurez le quinoa rouge et l’eau.
Coupez le poulet en morceaux réguliers.
Coupez les haricots plats en petits tronçons.
Égouttez le maïs.
Coupez les tomates en petits dés.

PREMIÈRE MISE EN PLACE DANS LA CUVE

Mettez le poulet dans la cuve.
Cette étape sert seulement à le faire revenir rapidement.

PREMIÈRE PROGRAMMATION THERMOCHEF

Fermez le couvercle.
Sélectionnez le menu Thermogrill.
Réglez le minuteur sur 5 minutes.
Appuyez sur Cuisiner.
Réglez la puissance sur 3.
Laissez le programme aller jusqu’à la fin.
Ouvrez avec prudence.

DEUXIÈME MISE EN PLACE

Ajoutez le quinoa rouge cru, l’eau, les haricots plats, le maïs, les tomates et la crème.
Mélangez.
Le quinoa rouge doit cuire directement dans la cuve.
Vérifiez que rien ne dépasse trop haut dans la cuve.
Vérifiez aussi qu’aucun morceau d’aliment ne risque de bloquer le petit piston de sécurité sous le couvercle.

DEUXIÈME PROGRAMMATION THERMOCHEF

Fermez le couvercle.
Sélectionnez le menu Riz.
Choisissez le mode 3, environ 13 à 15 minutes.
Appuyez sur Cuisiner.
Laissez le programme aller jusqu’à la fin.
Attendez que la sécurité autorise l’ouverture.
N’essayez jamais de forcer le couvercle.
Ouvrez avec prudence.

FINITION

Le quinoa rouge doit être tendre.
Le poulet doit être bien cuit à cœur.
Ajoutez l’herbe choisie.
Goûtez et ajustez l’assaisonnement.

SERVICE

Servez chaud.
Le quinoa rouge donne une base colorée et le maïs apporte une note douce.

POINT DE CONTRÔLE AVANT SERVICE

Le poulet doit être bien cuit à cœur.
Il ne doit plus être rose au centre.
La base sèche doit être cuite.
Les grains doivent être tendres, mais garder une texture agréable.
La préparation doit rester moelleuse, mais pas noyée dans le liquide.
Si la préparation paraît trop sèche, ajoutez 1 cuillère à soupe d’eau chaude, environ 15 millilitres, soit 15 grammes, puis mélangez doucement.
Goûtez toujours avant d’ajouter du sel.

RÉSUMÉ SIMPLE

On coupe le poulet en morceaux réguliers.
On fait revenir le poulet rapidement quand la recette le demande.
On ajoute la base sèche dans la cuve.
On ajoute 1 mesurette et demie d’eau quand la recette utilise 1 mesurette de base sèche.
On ajoute les légumes et la sauce.
On choisit le menu selon le vrai temps indiqué sur le paquet.
On ouvre avec prudence.
On vérifie que le poulet est bien blanc à cœur.
On vérifie que la base est cuite.
Le plat est prêt à être servi chaud."
Blancs de poulet boulgour cru courgette tomates et basilic façon ThermoChef,https://30minutesparjour.com/recettes-audio/fr/blanc%20de%20poulet%20excellence/blancs%20de%20poulet%20boulgour%20cru%20courgette%20tomates%20et%20basilic%20facon%20ThermoChef.mp3,Blanc de poulet excellence,"300 grammes de blancs de poulet coupés en morceaux de 2 à 3 centimètres.
1 mesurette ThermoChef de boulgour, environ 103 grammes.
1 mesurette et demie ThermoChef d’eau, 240 millilitres, environ 240 grammes.
1 courgette, environ 180 grammes, coupée en petits dés.
2 tomates moyennes, environ 240 grammes, coupées en petits dés.
1 cuillère à soupe de crème liquide ou végétale, environ 15 grammes.
Basilic ou persil, sel et poivre à ajuster à la fin.",274,"Aujourd’hui, nous préparons blancs de poulet boulgour cru courgette tomates et basilic façon ThermoChef.

Cette recette est prévue pour 2 personnes.

RÈGLE IMPORTANTE POUR LE POULET

Le blanc de poulet doit toujours être bien cuit à cœur.
À la fin, il ne doit plus être rose au centre.
Pour les cuissons longues avec céréales, coupez le poulet en morceaux d’environ 3 centimètres afin qu’il reste plus moelleux.
Pour les cuissons courtes, des morceaux de 2 à 3 centimètres conviennent.

RÈGLE THERMOCHEF POUR LE BOULGOUR

Le boulgour est utilisé sec au départ.
Le repère validé est 1 mesurette ThermoChef de boulgour pour 1 mesurette et demie d’eau.
Le boulgour cuit rapidement.
On utilise ici le menu Pâtes, 5 à 6 minutes.
Sur le menu Pâtes, il ne faut pas régler de puissance.","Mesurez le boulgour et l’eau.
Coupez le poulet en morceaux réguliers.
Coupez la courgette et les tomates en petits dés.
Préparez la crème.

PREMIÈRE MISE EN PLACE DANS LA CUVE

Mettez le poulet dans la cuve.
Cette étape sert seulement à le faire revenir rapidement avant d’ajouter le boulgour.

PREMIÈRE PROGRAMMATION THERMOCHEF

Fermez le couvercle.
Sélectionnez le menu Thermogrill.
Réglez le minuteur sur 5 minutes.
Appuyez sur Cuisiner.
Réglez la puissance sur 3.
Laissez le programme aller jusqu’à la fin.
Ouvrez avec prudence.

DEUXIÈME MISE EN PLACE

Ajoutez le boulgour, l’eau, la courgette, les tomates et la crème.
Mélangez bien pour répartir le boulgour dans le liquide.
Vérifiez que rien ne dépasse trop haut dans la cuve.
Vérifiez aussi qu’aucun morceau d’aliment ne risque de bloquer le petit piston de sécurité sous le couvercle.

DEUXIÈME PROGRAMMATION THERMOCHEF

Fermez le couvercle.
Sélectionnez le menu Pâtes.
Choisissez 5 à 6 minutes.
Appuyez sur Cuisiner.
Laissez le programme aller jusqu’à la fin.
Attendez que la sécurité autorise l’ouverture.
N’essayez jamais de forcer le couvercle.
Ouvrez avec prudence.

FINITION

Le boulgour doit être tendre et moelleux.
Le poulet doit être bien cuit à cœur.
Ajoutez le basilic ou le persil.
Goûtez et ajustez le sel et le poivre.

SERVICE

Servez chaud.
Le boulgour donne une recette rapide et la tomate apporte une sauce courte.

POINT DE CONTRÔLE AVANT SERVICE

Le poulet doit être bien cuit à cœur.
Il ne doit plus être rose au centre.
La base sèche doit être cuite.
Les grains doivent être tendres, mais garder une texture agréable.
La préparation doit rester moelleuse, mais pas noyée dans le liquide.
Si la préparation paraît trop sèche, ajoutez 1 cuillère à soupe d’eau chaude, environ 15 millilitres, soit 15 grammes, puis mélangez doucement.
Goûtez toujours avant d’ajouter du sel.

RÉSUMÉ SIMPLE

On coupe le poulet en morceaux réguliers.
On fait revenir le poulet rapidement quand la recette le demande.
On ajoute la base sèche dans la cuve.
On ajoute 1 mesurette et demie d’eau quand la recette utilise 1 mesurette de base sèche.
On ajoute les légumes et la sauce.
On choisit le menu selon le vrai temps indiqué sur le paquet.
On ouvre avec prudence.
On vérifie que le poulet est bien blanc à cœur.
On vérifie que la base est cuite.
Le plat est prêt à être servi chaud."
Boudin noir pommes oignon doux et pommes de terre façon ThermoChef,https://30minutesparjour.com/recettes-audio/fr/boudin%20noir%20excellence/boudin%20noir%20pommes%20oignon%20doux%20et%20pommes%20de%20terre%20facon%20ThermoChef..mp3,Boudin noir excellence,"2 boudins noirs entiers.
260 grammes de pommes de terre coupées en petits dés.
1 pomme, environ 140 grammes, coupée en petits dés.
1 oignon doux, environ 100 grammes, émincé finement.
3 cuillères à soupe d’eau, 45 millilitres, environ 45 grammes.
1 cuillère à soupe de crème liquide ou végétale, environ 15 grammes, facultatif.
persil, poivre, sel seulement à la fin si nécessaire.",275,"Aujourd’hui, nous préparons boudin noir pommes oignon doux et pommes de terre façon ThermoChef.

Cette recette est prévue pour 2 personnes.

RÈGLE IMPORTANTE POUR LE BOUDIN NOIR

Le boudin noir est fragile.
Il est généralement assaisonné et salé.
On ne le pique pas.
On ne le coupe pas avant cuisson.
On le garde entier.
On le pose sur la garniture seulement pour la finition, afin de le chauffer doucement.
On ne le mélange pas fortement, sinon il risque de se défaire.
On ne sale pas au départ.","Gardez les boudins noirs entiers et ne les piquez pas.
Coupez les pommes de terre et la pomme en petits dés.
Émincez l’oignon finement.
Préparez l’eau et la crème si vous l’utilisez.

PREMIÈRE MISE EN PLACE DANS LA CUVE

Mettez les pommes de terre, la pomme, l’oignon, l’eau et la crème dans la cuve. Mélangez. Ne salez pas au départ. Le boudin noir est gardé à part pour éviter qu’il se défasse.

PREMIÈRE PROGRAMMATION THERMOCHEF

Fermez le couvercle.
Sélectionnez le menu Thermogrill.
Réglez le minuteur sur 14 minutes.
Appuyez sur Cuisiner.
Réglez la puissance sur 3.
Laissez le programme aller jusqu’à la fin.
Ouvrez avec prudence.

DEUXIÈME MISE EN PLACE

Ouvrez avec prudence. Les pommes de terre doivent être presque tendres. Posez les boudins noirs entiers sur la garniture, sans les piquer et sans les enfoncer.

DEUXIÈME PROGRAMMATION THERMOCHEF

Fermez le couvercle.
Sélectionnez le menu Thermogrill.
Réglez le minuteur sur 4 minutes.
Appuyez sur Cuisiner.
Réglez la puissance sur 2.
Laissez le programme aller jusqu’à la fin.
Ouvrez avec prudence.

FINITION

À la fin de la deuxième cuisson, ouvrez avec prudence. Les boudins doivent être chauds à cœur et rester entiers. Ajoutez le persil. Goûtez la garniture avant d’ajouter du sel.

SERVICE

Servez chaud avec une spatule large pour ne pas casser les boudins.

POINT DE CONTRÔLE AVANT SERVICE

Le boudin noir doit être chaud à cœur.
Il doit rester entier autant que possible.
La peau ne doit pas être percée volontairement.
La garniture doit être tendre.
La sauce doit rester courte et moelleuse.
Si la préparation paraît trop sèche, ajoutez 1 cuillère à soupe d’eau chaude, environ 15 millilitres, soit 15 grammes, puis mélangez seulement la garniture autour du boudin.
Ne mélangez jamais fortement le boudin noir.
Goûtez toujours avant d’ajouter du sel.

RÉSUMÉ SIMPLE

On garde les boudins noirs entiers.
On ne les pique pas.
On ne les coupe pas avant cuisson.
On prépare la garniture ou la base sèche.
On lance la première cuisson.
On ouvre avec prudence.
On pose les boudins sur le dessus.
On lance une cuisson douce de finition.
On sert avec une spatule large.
Le plat est prêt à être servi chaud."
Boudin noir courgettes tomate et oignon façon ThermoChef,https://30minutesparjour.com/recettes-audio/fr/boudin%20noir%20excellence/boudin%20noir%20courgettes%20tomate%20et%20oignon%20facon%20ThermoChef.mp3,Boudin noir excellence,"2 boudins noirs entiers.
2 courgettes moyennes, environ 360 grammes, coupées en petits dés.
2 tomates moyennes, environ 240 grammes, coupées en petits dés.
1 oignon doux, environ 100 grammes, émincé finement.
1 cuillère à soupe de coulis de tomate, environ 15 grammes.
2 cuillères à soupe d’eau, 30 millilitres, environ 30 grammes.
basilic ou persil, poivre, sel seulement à la fin si nécessaire.",276,"Aujourd’hui, nous préparons boudin noir courgettes tomate et oignon façon ThermoChef.

Cette recette est prévue pour 2 personnes.

RÈGLE IMPORTANTE POUR LE BOUDIN NOIR

Le boudin noir est fragile.
Il est généralement assaisonné et salé.
On ne le pique pas.
On ne le coupe pas avant cuisson.
On le garde entier.
On le pose sur la garniture seulement pour la finition, afin de le chauffer doucement.
On ne le mélange pas fortement, sinon il risque de se défaire.
On ne sale pas au départ.","Gardez les boudins entiers et ne les piquez pas.
Coupez les courgettes et les tomates en petits dés.
Émincez l’oignon.
Préparez le coulis et l’eau.

PREMIÈRE MISE EN PLACE DANS LA CUVE

Mettez les courgettes, les tomates, l’oignon, le coulis et l’eau dans la cuve. Mélangez. Ne salez pas au départ. Gardez les boudins à part.

PREMIÈRE PROGRAMMATION THERMOCHEF

Fermez le couvercle.
Sélectionnez le menu Thermogrill.
Réglez le minuteur sur 10 minutes.
Appuyez sur Cuisiner.
Réglez la puissance sur 2.
Laissez le programme aller jusqu’à la fin.
Ouvrez avec prudence.

DEUXIÈME MISE EN PLACE

Ouvrez avec prudence. Mélangez la garniture. Posez les boudins entiers sur le dessus, sans les enfoncer.

DEUXIÈME PROGRAMMATION THERMOCHEF

Fermez le couvercle.
Sélectionnez le menu Thermogrill.
Réglez le minuteur sur 4 minutes.
Appuyez sur Cuisiner.
Réglez la puissance sur 2.
Laissez le programme aller jusqu’à la fin.
Ouvrez avec prudence.

FINITION

À la fin de la deuxième cuisson, ouvrez avec prudence. Les boudins doivent être chauds et intacts. Ajoutez l’herbe choisie. Goûtez avant d’ajouter du sel.

SERVICE

Servez chaud. La tomate et la courgette donnent une garniture souple qui protège le boudin.

POINT DE CONTRÔLE AVANT SERVICE

Le boudin noir doit être chaud à cœur.
Il doit rester entier autant que possible.
La peau ne doit pas être percée volontairement.
La garniture doit être tendre.
La sauce doit rester courte et moelleuse.
Si la préparation paraît trop sèche, ajoutez 1 cuillère à soupe d’eau chaude, environ 15 millilitres, soit 15 grammes, puis mélangez seulement la garniture autour du boudin.
Ne mélangez jamais fortement le boudin noir.
Goûtez toujours avant d’ajouter du sel.

RÉSUMÉ SIMPLE

On garde les boudins noirs entiers.
On ne les pique pas.
On ne les coupe pas avant cuisson.
On prépare la garniture ou la base sèche.
On lance la première cuisson.
On ouvre avec prudence.
On pose les boudins sur le dessus.
On lance une cuisson douce de finition.
On sert avec une spatule large.
Le plat est prêt à être servi chaud."
Boudin noir poireaux et pommes de terre façon ThermoChef,https://30minutesparjour.com/recettes-audio/fr/boudin%20noir%20excellence/boudin%20noir%20poireaux%20et%20pommes%20de%20terre%20facon%20ThermoChef.mp3,Boudin noir excellence,"2 boudins noirs entiers.
240 grammes de pommes de terre coupées en petits dés.
2 poireaux moyens, environ 300 grammes préparés, émincés finement.
3 cuillères à soupe de crème liquide ou végétale, environ 45 grammes.
3 cuillères à soupe d’eau, 45 millilitres, environ 45 grammes.
persil ou ciboulette, poivre, sel seulement à la fin si nécessaire.",277,"Aujourd’hui, nous préparons boudin noir poireaux et pommes de terre façon ThermoChef.

Cette recette est prévue pour 2 personnes.

RÈGLE IMPORTANTE POUR LE BOUDIN NOIR

Le boudin noir est fragile.
Il est généralement assaisonné et salé.
On ne le pique pas.
On ne le coupe pas avant cuisson.
On le garde entier.
On le pose sur la garniture seulement pour la finition, afin de le chauffer doucement.
On ne le mélange pas fortement, sinon il risque de se défaire.
On ne sale pas au départ.","Gardez les boudins entiers et ne les piquez pas.
Coupez les pommes de terre en petits dés.
Émincez les poireaux et rincez-les bien.
Préparez la crème et l’eau.

PREMIÈRE MISE EN PLACE DANS LA CUVE

Mettez les pommes de terre, les poireaux, la crème et l’eau dans la cuve. Mélangez. Ne salez pas au départ. Les boudins seront ajoutés seulement pour la finition.

PREMIÈRE PROGRAMMATION THERMOCHEF

Fermez le couvercle.
Sélectionnez le menu Thermogrill.
Réglez le minuteur sur 14 minutes.
Appuyez sur Cuisiner.
Réglez la puissance sur 3.
Laissez le programme aller jusqu’à la fin.
Ouvrez avec prudence.

DEUXIÈME MISE EN PLACE

Ouvrez avec prudence. Les légumes doivent être presque tendres. Posez les boudins noirs entiers sur le dessus de la garniture.

DEUXIÈME PROGRAMMATION THERMOCHEF

Fermez le couvercle.
Sélectionnez le menu Thermogrill.
Réglez le minuteur sur 4 minutes.
Appuyez sur Cuisiner.
Réglez la puissance sur 2.
Laissez le programme aller jusqu’à la fin.
Ouvrez avec prudence.

FINITION

À la fin de la deuxième cuisson, ouvrez avec prudence. Les boudins doivent être chauds à cœur. Ajoutez l’herbe choisie. Goûtez et ajustez seulement si nécessaire.

SERVICE

Servez chaud. Les poireaux donnent une base douce et crémeuse.

POINT DE CONTRÔLE AVANT SERVICE

Le boudin noir doit être chaud à cœur.
Il doit rester entier autant que possible.
La peau ne doit pas être percée volontairement.
La garniture doit être tendre.
La sauce doit rester courte et moelleuse.
Si la préparation paraît trop sèche, ajoutez 1 cuillère à soupe d’eau chaude, environ 15 millilitres, soit 15 grammes, puis mélangez seulement la garniture autour du boudin.
Ne mélangez jamais fortement le boudin noir.
Goûtez toujours avant d’ajouter du sel.

RÉSUMÉ SIMPLE

On garde les boudins noirs entiers.
On ne les pique pas.
On ne les coupe pas avant cuisson.
On prépare la garniture ou la base sèche.
On lance la première cuisson.
On ouvre avec prudence.
On pose les boudins sur le dessus.
On lance une cuisson douce de finition.
On sert avec une spatule large.
Le plat est prêt à être servi chaud."
Boudin noir carottes râpées pomme et oignon façon ThermoChef,https://30minutesparjour.com/recettes-audio/fr/boudin%20noir%20excellence/boudin%20noir%20carottes%20rapees%20pomme%20et%20oignon%20facon%20ThermoChef.mp3,Boudin noir excellence,"2 boudins noirs entiers.
2 carottes, environ 200 grammes, râpées.
1 pomme, environ 140 grammes, coupée en petits dés.
1 oignon doux, environ 100 grammes, émincé.
2 cuillères à soupe d’eau, 30 millilitres, environ 30 grammes.
1 cuillère à soupe de crème liquide ou végétale, environ 15 grammes, facultatif.
persil, poivre, sel seulement à la fin si nécessaire.",278,"Aujourd’hui, nous préparons boudin noir carottes râpées pomme et oignon façon ThermoChef.

Cette recette est prévue pour 2 personnes.

RÈGLE IMPORTANTE POUR LE BOUDIN NOIR

Le boudin noir est fragile.
Il est généralement assaisonné et salé.
On ne le pique pas.
On ne le coupe pas avant cuisson.
On le garde entier.
On le pose sur la garniture seulement pour la finition, afin de le chauffer doucement.
On ne le mélange pas fortement, sinon il risque de se défaire.
On ne sale pas au départ.","Gardez les boudins entiers et ne les piquez pas.
Râpez les carottes.
Coupez la pomme en petits dés.
Émincez l’oignon.

PREMIÈRE MISE EN PLACE DANS LA CUVE

Mettez les carottes, la pomme, l’oignon, l’eau et la crème dans la cuve. Mélangez. Ne salez pas au départ. Gardez les boudins à part.

PREMIÈRE PROGRAMMATION THERMOCHEF

Fermez le couvercle.
Sélectionnez le menu Thermogrill.
Réglez le minuteur sur 11 minutes.
Appuyez sur Cuisiner.
Réglez la puissance sur 3.
Laissez le programme aller jusqu’à la fin.
Ouvrez avec prudence.

DEUXIÈME MISE EN PLACE

Ouvrez avec prudence. Mélangez la garniture. Posez les boudins entiers sur le dessus, sans les percer.

DEUXIÈME PROGRAMMATION THERMOCHEF

Fermez le couvercle.
Sélectionnez le menu Thermogrill.
Réglez le minuteur sur 4 minutes.
Appuyez sur Cuisiner.
Réglez la puissance sur 2.
Laissez le programme aller jusqu’à la fin.
Ouvrez avec prudence.

FINITION

À la fin de la deuxième cuisson, ouvrez avec prudence. Les boudins doivent être chauds et la garniture fondante. Ajoutez le persil.

SERVICE

Servez chaud. La carotte et la pomme équilibrent le goût puissant du boudin noir.

POINT DE CONTRÔLE AVANT SERVICE

Le boudin noir doit être chaud à cœur.
Il doit rester entier autant que possible.
La peau ne doit pas être percée volontairement.
La garniture doit être tendre.
La sauce doit rester courte et moelleuse.
Si la préparation paraît trop sèche, ajoutez 1 cuillère à soupe d’eau chaude, environ 15 millilitres, soit 15 grammes, puis mélangez seulement la garniture autour du boudin.
Ne mélangez jamais fortement le boudin noir.
Goûtez toujours avant d’ajouter du sel.

RÉSUMÉ SIMPLE

On garde les boudins noirs entiers.
On ne les pique pas.
On ne les coupe pas avant cuisson.
On prépare la garniture ou la base sèche.
On lance la première cuisson.
On ouvre avec prudence.
On pose les boudins sur le dessus.
On lance une cuisson douce de finition.
On sert avec une spatule large.
Le plat est prêt à être servi chaud.

CONSEIL BOUDIN NOIR

Le boudin noir doit être chauffé avec douceur. Il ne faut pas le retourner plusieurs fois ni le remuer dans la garniture. Pour le service, soulevez-le avec une spatule large afin de préserver sa forme."
Boudin noir champignons pommes de terre et oignon façon ThermoChef,https://30minutesparjour.com/recettes-audio/fr/boudin%20noir%20excellence/boudin%20noir%20champignons%20pommes%20de%20terre%20et%20oignon%20facon%20ThermoChef.mp3,Boudin noir excellence,"2 boudins noirs entiers.
220 grammes de pommes de terre coupées en petits dés.
220 grammes de champignons émincés.
1 oignon doux, environ 100 grammes, émincé.
3 cuillères à soupe de crème liquide ou végétale, environ 45 grammes.
2 cuillères à soupe d’eau, 30 millilitres, environ 30 grammes.
persil, poivre, sel seulement à la fin si nécessaire.",279,"Aujourd’hui, nous préparons boudin noir champignons pommes de terre et oignon façon ThermoChef.

Cette recette est prévue pour 2 personnes.

RÈGLE IMPORTANTE POUR LE BOUDIN NOIR

Le boudin noir est fragile.
Il est généralement assaisonné et salé.
On ne le pique pas.
On ne le coupe pas avant cuisson.
On le garde entier.
On le pose sur la garniture seulement pour la finition, afin de le chauffer doucement.
On ne le mélange pas fortement, sinon il risque de se défaire.
On ne sale pas au départ.","Gardez les boudins entiers et ne les piquez pas.
Coupez les pommes de terre en petits dés.
Émincez les champignons et l’oignon.
Préparez la crème et l’eau.

PREMIÈRE MISE EN PLACE DANS LA CUVE

Mettez les pommes de terre, les champignons, l’oignon, la crème et l’eau dans la cuve. Mélangez. Ne salez pas au départ.

PREMIÈRE PROGRAMMATION THERMOCHEF

Fermez le couvercle.
Sélectionnez le menu Thermogrill.
Réglez le minuteur sur 14 minutes.
Appuyez sur Cuisiner.
Réglez la puissance sur 3.
Laissez le programme aller jusqu’à la fin.
Ouvrez avec prudence.

DEUXIÈME MISE EN PLACE

Ouvrez avec prudence. Posez les boudins entiers sur la garniture. Laissez-les sur le dessus pour qu’ils se réchauffent doucement.

DEUXIÈME PROGRAMMATION THERMOCHEF

Fermez le couvercle.
Sélectionnez le menu Thermogrill.
Réglez le minuteur sur 4 minutes.
Appuyez sur Cuisiner.
Réglez la puissance sur 2.
Laissez le programme aller jusqu’à la fin.
Ouvrez avec prudence.

FINITION

À la fin de la deuxième cuisson, ouvrez avec prudence. Les boudins doivent rester entiers. Ajoutez le persil et goûtez la garniture.

SERVICE

Servez chaud. Les champignons apportent du parfum et les pommes de terre rendent le plat complet.

POINT DE CONTRÔLE AVANT SERVICE

Le boudin noir doit être chaud à cœur.
Il doit rester entier autant que possible.
La peau ne doit pas être percée volontairement.
La garniture doit être tendre.
La sauce doit rester courte et moelleuse.
Si la préparation paraît trop sèche, ajoutez 1 cuillère à soupe d’eau chaude, environ 15 millilitres, soit 15 grammes, puis mélangez seulement la garniture autour du boudin.
Ne mélangez jamais fortement le boudin noir.
Goûtez toujours avant d’ajouter du sel.

RÉSUMÉ SIMPLE

On garde les boudins noirs entiers.
On ne les pique pas.
On ne les coupe pas avant cuisson.
On prépare la garniture ou la base sèche.
On lance la première cuisson.
On ouvre avec prudence.
On pose les boudins sur le dessus.
On lance une cuisson douce de finition.
On sert avec une spatule large.
Le plat est prêt à être servi chaud."
Boudin noir chou blanc pomme et oignon façon ThermoChef,https://30minutesparjour.com/recettes-audio/fr/boudin%20noir%20excellence/boudin%20noir%20chou%20blanc%20pomme%20et%20oignon%20facon%20ThermoChef.mp3,Boudin noir excellence,"2 boudins noirs entiers.
280 grammes de chou blanc émincé très finement.
1 pomme, environ 140 grammes, coupée en petits dés.
1 oignon doux, environ 100 grammes, émincé.
3 cuillères à soupe d’eau, 45 millilitres, environ 45 grammes.
1 cuillère à soupe de crème liquide ou végétale, environ 15 grammes, facultatif.
persil, poivre, sel seulement à la fin si nécessaire.",280,"Aujourd’hui, nous préparons boudin noir chou blanc pomme et oignon façon ThermoChef.

Cette recette est prévue pour 2 personnes.

RÈGLE IMPORTANTE POUR LE BOUDIN NOIR

Le boudin noir est fragile.
Il est généralement assaisonné et salé.
On ne le pique pas.
On ne le coupe pas avant cuisson.
On le garde entier.
On le pose sur la garniture seulement pour la finition, afin de le chauffer doucement.
On ne le mélange pas fortement, sinon il risque de se défaire.
On ne sale pas au départ.","Gardez les boudins entiers et ne les piquez pas.
Émincez le chou blanc très finement.
Coupez la pomme en petits dés.
Émincez l’oignon.

PREMIÈRE MISE EN PLACE DANS LA CUVE

Mettez le chou blanc, la pomme, l’oignon, l’eau et la crème dans la cuve. Mélangez. Ne salez pas. Le chou doit s’attendrir avant l’ajout des boudins.

PREMIÈRE PROGRAMMATION THERMOCHEF

Fermez le couvercle.
Sélectionnez le menu Thermogrill.
Réglez le minuteur sur 13 minutes.
Appuyez sur Cuisiner.
Réglez la puissance sur 3.
Laissez le programme aller jusqu’à la fin.
Ouvrez avec prudence.

DEUXIÈME MISE EN PLACE

Ouvrez avec prudence. Mélangez la garniture. Posez les boudins noirs entiers sur le dessus.

DEUXIÈME PROGRAMMATION THERMOCHEF

Fermez le couvercle.
Sélectionnez le menu Thermogrill.
Réglez le minuteur sur 4 minutes.
Appuyez sur Cuisiner.
Réglez la puissance sur 2.
Laissez le programme aller jusqu’à la fin.
Ouvrez avec prudence.

FINITION

À la fin de la deuxième cuisson, ouvrez avec prudence. Les boudins doivent être chauds à cœur et la garniture tendre. Ajoutez le persil.

SERVICE

Servez chaud. Le chou blanc et la pomme donnent une base douce et équilibrée.

POINT DE CONTRÔLE AVANT SERVICE

Le boudin noir doit être chaud à cœur.
Il doit rester entier autant que possible.
La peau ne doit pas être percée volontairement.
La garniture doit être tendre.
La sauce doit rester courte et moelleuse.
Si la préparation paraît trop sèche, ajoutez 1 cuillère à soupe d’eau chaude, environ 15 millilitres, soit 15 grammes, puis mélangez seulement la garniture autour du boudin.
Ne mélangez jamais fortement le boudin noir.
Goûtez toujours avant d’ajouter du sel.

RÉSUMÉ SIMPLE

On garde les boudins noirs entiers.
On ne les pique pas.
On ne les coupe pas avant cuisson.
On prépare la garniture ou la base sèche.
On lance la première cuisson.
On ouvre avec prudence.
On pose les boudins sur le dessus.
On lance une cuisson douce de finition.
On sert avec une spatule large.
Le plat est prêt à être servi chaud.

CONSEIL BOUDIN NOIR

Le boudin noir doit être chauffé avec douceur. Il ne faut pas le retourner plusieurs fois ni le remuer dans la garniture. Pour le service, soulevez-le avec une spatule large afin de préserver sa forme."
Boudin noir fenouil pomme et pommes de terre façon ThermoChef,https://30minutesparjour.com/recettes-audio/fr/boudin%20noir%20excellence/boudin%20noir%20fenouil%20pomme%20et%20pommes%20de%20terre%20facon%20ThermoChef.mp3,Boudin noir excellence,"2 boudins noirs entiers.
220 grammes de pommes de terre coupées en petits dés.
1 fenouil moyen, environ 220 grammes, émincé très finement.
1 pomme, environ 140 grammes, coupée en petits dés.
3 cuillères à soupe d’eau, 45 millilitres, environ 45 grammes.
2 cuillères à soupe de crème liquide ou végétale, environ 30 grammes.
aneth ou persil, poivre, sel seulement à la fin si nécessaire.",281,"Aujourd’hui, nous préparons boudin noir fenouil pomme et pommes de terre façon ThermoChef.

Cette recette est prévue pour 2 personnes.

RÈGLE IMPORTANTE POUR LE BOUDIN NOIR

Le boudin noir est fragile.
Il est généralement assaisonné et salé.
On ne le pique pas.
On ne le coupe pas avant cuisson.
On le garde entier.
On le pose sur la garniture seulement pour la finition, afin de le chauffer doucement.
On ne le mélange pas fortement, sinon il risque de se défaire.
On ne sale pas au départ.","Gardez les boudins entiers et ne les piquez pas.
Coupez les pommes de terre et la pomme en petits dés.
Émincez le fenouil très finement.
Préparez l’eau et la crème.

PREMIÈRE MISE EN PLACE DANS LA CUVE

Mettez les pommes de terre, le fenouil, la pomme, l’eau et la crème dans la cuve. Mélangez. Ne salez pas au départ.

PREMIÈRE PROGRAMMATION THERMOCHEF

Fermez le couvercle.
Sélectionnez le menu Thermogrill.
Réglez le minuteur sur 14 minutes.
Appuyez sur Cuisiner.
Réglez la puissance sur 3.
Laissez le programme aller jusqu’à la fin.
Ouvrez avec prudence.

DEUXIÈME MISE EN PLACE

Ouvrez avec prudence. Posez les boudins entiers sur la garniture. Ne les enfoncez pas.

DEUXIÈME PROGRAMMATION THERMOCHEF

Fermez le couvercle.
Sélectionnez le menu Thermogrill.
Réglez le minuteur sur 4 minutes.
Appuyez sur Cuisiner.
Réglez la puissance sur 2.
Laissez le programme aller jusqu’à la fin.
Ouvrez avec prudence.

FINITION

À la fin de la deuxième cuisson, ouvrez avec prudence. Les boudins doivent rester intacts. Ajoutez l’aneth ou le persil.

SERVICE

Servez chaud. Le fenouil apporte une note fraîche et la pomme adoucit le boudin.

POINT DE CONTRÔLE AVANT SERVICE

Le boudin noir doit être chaud à cœur.
Il doit rester entier autant que possible.
La peau ne doit pas être percée volontairement.
La garniture doit être tendre.
La sauce doit rester courte et moelleuse.
Si la préparation paraît trop sèche, ajoutez 1 cuillère à soupe d’eau chaude, environ 15 millilitres, soit 15 grammes, puis mélangez seulement la garniture autour du boudin.
Ne mélangez jamais fortement le boudin noir.
Goûtez toujours avant d’ajouter du sel.

RÉSUMÉ SIMPLE

On garde les boudins noirs entiers.
On ne les pique pas.
On ne les coupe pas avant cuisson.
On prépare la garniture ou la base sèche.
On lance la première cuisson.
On ouvre avec prudence.
On pose les boudins sur le dessus.
On lance une cuisson douce de finition.
On sert avec une spatule large.
Le plat est prêt à être servi chaud.

CONSEIL BOUDIN NOIR

Le boudin noir doit être chauffé avec douceur. Il ne faut pas le retourner plusieurs fois ni le remuer dans la garniture. Pour le service, soulevez-le avec une spatule large afin de préserver sa forme."
Boudin noir épinards frais pomme et oignon façon ThermoChef,https://30minutesparjour.com/recettes-audio/fr/boudin%20noir%20excellence/boudin%20noir%20epinards%20frais%20pomme%20et%20oignon%20facon%20ThermoChef.mp3,Boudin noir excellence,"2 boudins noirs entiers.
260 grammes d’épinards frais ou surgelés bien égouttés.
1 pomme, environ 140 grammes, coupée en petits dés.
1 oignon doux, environ 100 grammes, émincé.
2 cuillères à soupe de crème liquide ou végétale, environ 30 grammes.
2 cuillères à soupe d’eau, 30 millilitres, environ 30 grammes.
persil ou ciboulette, poivre, sel seulement à la fin si nécessaire.",282,"Aujourd’hui, nous préparons boudin noir épinards frais pomme et oignon façon ThermoChef.

Cette recette est prévue pour 2 personnes.

RÈGLE IMPORTANTE POUR LE BOUDIN NOIR

Le boudin noir est fragile.
Il est généralement assaisonné et salé.
On ne le pique pas.
On ne le coupe pas avant cuisson.
On le garde entier.
On le pose sur la garniture seulement pour la finition, afin de le chauffer doucement.
On ne le mélange pas fortement, sinon il risque de se défaire.
On ne sale pas au départ.","Gardez les boudins entiers et ne les piquez pas.
Préparez les épinards.
Coupez la pomme en petits dés.
Émincez l’oignon.

PREMIÈRE MISE EN PLACE DANS LA CUVE

Mettez les épinards, la pomme, l’oignon, la crème et l’eau dans la cuve. Mélangez. Ne salez pas. Gardez les boudins à part.

PREMIÈRE PROGRAMMATION THERMOCHEF

Fermez le couvercle.
Sélectionnez le menu Thermogrill.
Réglez le minuteur sur 8 minutes.
Appuyez sur Cuisiner.
Réglez la puissance sur 2.
Laissez le programme aller jusqu’à la fin.
Ouvrez avec prudence.

DEUXIÈME MISE EN PLACE

Ouvrez avec prudence. Mélangez la garniture. Posez les boudins entiers sur le dessus.

DEUXIÈME PROGRAMMATION THERMOCHEF

Fermez le couvercle.
Sélectionnez le menu Thermogrill.
Réglez le minuteur sur 4 minutes.
Appuyez sur Cuisiner.
Réglez la puissance sur 2.
Laissez le programme aller jusqu’à la fin.
Ouvrez avec prudence.

FINITION

À la fin de la deuxième cuisson, ouvrez avec prudence. Les boudins doivent être chauds et non éclatés. Ajoutez l’herbe choisie.

SERVICE

Servez chaud. Les épinards donnent une garniture légère et rapide.

POINT DE CONTRÔLE AVANT SERVICE

Le boudin noir doit être chaud à cœur.
Il doit rester entier autant que possible.
La peau ne doit pas être percée volontairement.
La garniture doit être tendre.
La sauce doit rester courte et moelleuse.
Si la préparation paraît trop sèche, ajoutez 1 cuillère à soupe d’eau chaude, environ 15 millilitres, soit 15 grammes, puis mélangez seulement la garniture autour du boudin.
Ne mélangez jamais fortement le boudin noir.
Goûtez toujours avant d’ajouter du sel.

RÉSUMÉ SIMPLE

On garde les boudins noirs entiers.
On ne les pique pas.
On ne les coupe pas avant cuisson.
On prépare la garniture ou la base sèche.
On lance la première cuisson.
On ouvre avec prudence.
On pose les boudins sur le dessus.
On lance une cuisson douce de finition.
On sert avec une spatule large.
Le plat est prêt à être servi chaud.

CONSEIL BOUDIN NOIR

Le boudin noir doit être chauffé avec douceur. Il ne faut pas le retourner plusieurs fois ni le remuer dans la garniture. Pour le service, soulevez-le avec une spatule large afin de préserver sa forme."
Boudin noir endives pomme et oignon façon ThermoChef,https://30minutesparjour.com/recettes-audio/fr/boudin%20noir%20excellence/boudin%20noir%20endives%20pomme%20et%20oignon%20facon%20ThermoChef.mp3,Boudin noir excellence,"2 boudins noirs entiers.
3 endives émincées finement.
1 pomme, environ 140 grammes, coupée en petits dés.
1 oignon doux, environ 100 grammes, émincé.
2 cuillères à soupe de crème liquide ou végétale, environ 30 grammes.
2 cuillères à soupe d’eau, 30 millilitres, environ 30 grammes.
persil, poivre, sel seulement à la fin si nécessaire.",283,"Aujourd’hui, nous préparons boudin noir endives pomme et oignon façon ThermoChef.

Cette recette est prévue pour 2 personnes.

RÈGLE IMPORTANTE POUR LE BOUDIN NOIR

Le boudin noir est fragile.
Il est généralement assaisonné et salé.
On ne le pique pas.
On ne le coupe pas avant cuisson.
On le garde entier.
On le pose sur la garniture seulement pour la finition, afin de le chauffer doucement.
On ne le mélange pas fortement, sinon il risque de se défaire.
On ne sale pas au départ.","Gardez les boudins entiers et ne les piquez pas.
Émincez les endives finement.
Coupez la pomme en petits dés.
Émincez l’oignon.

PREMIÈRE MISE EN PLACE DANS LA CUVE

Mettez les endives, la pomme, l’oignon, la crème et l’eau dans la cuve. Mélangez. Ne salez pas au départ. Les boudins sont ajoutés seulement en finition.

PREMIÈRE PROGRAMMATION THERMOCHEF

Fermez le couvercle.
Sélectionnez le menu Thermogrill.
Réglez le minuteur sur 12 minutes.
Appuyez sur Cuisiner.
Réglez la puissance sur 2.
Laissez le programme aller jusqu’à la fin.
Ouvrez avec prudence.

DEUXIÈME MISE EN PLACE

Ouvrez avec prudence. Les endives doivent être tendres. Posez les boudins entiers sur le dessus.

DEUXIÈME PROGRAMMATION THERMOCHEF

Fermez le couvercle.
Sélectionnez le menu Thermogrill.
Réglez le minuteur sur 4 minutes.
Appuyez sur Cuisiner.
Réglez la puissance sur 2.
Laissez le programme aller jusqu’à la fin.
Ouvrez avec prudence.

FINITION

À la fin de la deuxième cuisson, ouvrez avec prudence. Les boudins doivent rester entiers. Ajoutez le persil.

SERVICE

Servez chaud. L’endive apporte une légère amertume et la pomme équilibre le plat.

POINT DE CONTRÔLE AVANT SERVICE

Le boudin noir doit être chaud à cœur.
Il doit rester entier autant que possible.
La peau ne doit pas être percée volontairement.
La garniture doit être tendre.
La sauce doit rester courte et moelleuse.
Si la préparation paraît trop sèche, ajoutez 1 cuillère à soupe d’eau chaude, environ 15 millilitres, soit 15 grammes, puis mélangez seulement la garniture autour du boudin.
Ne mélangez jamais fortement le boudin noir.
Goûtez toujours avant d’ajouter du sel.

RÉSUMÉ SIMPLE

On garde les boudins noirs entiers.
On ne les pique pas.
On ne les coupe pas avant cuisson.
On prépare la garniture ou la base sèche.
On lance la première cuisson.
On ouvre avec prudence.
On pose les boudins sur le dessus.
On lance une cuisson douce de finition.
On sert avec une spatule large.
Le plat est prêt à être servi chaud.

CONSEIL BOUDIN NOIR

Le boudin noir doit être chauffé avec douceur. Il ne faut pas le retourner plusieurs fois ni le remuer dans la garniture. Pour le service, soulevez-le avec une spatule large afin de préserver sa forme."
Boudin noir butternut pomme et oignon façon ThermoChef,https://30minutesparjour.com/recettes-audio/fr/boudin%20noir%20excellence/boudin%20noir%20butternut%20pomme%20et%20oignon%20facon%20ThermoChef.mp3,Boudin noir excellence,"2 boudins noirs entiers.
280 grammes de butternut râpée ou coupée en très petits dés.
1 pomme, environ 140 grammes, coupée en petits dés.
1 oignon doux, environ 100 grammes, émincé.
3 cuillères à soupe d’eau, 45 millilitres, environ 45 grammes.
2 cuillères à soupe de crème liquide ou végétale, environ 30 grammes.
persil ou ciboulette, poivre, sel seulement à la fin si nécessaire.",284,"Aujourd’hui, nous préparons boudin noir butternut pomme et oignon façon ThermoChef.

Cette recette est prévue pour 2 personnes.

RÈGLE IMPORTANTE POUR LE BOUDIN NOIR

Le boudin noir est fragile.
Il est généralement assaisonné et salé.
On ne le pique pas.
On ne le coupe pas avant cuisson.
On le garde entier.
On le pose sur la garniture seulement pour la finition, afin de le chauffer doucement.
On ne le mélange pas fortement, sinon il risque de se défaire.
On ne sale pas au départ.","Gardez les boudins entiers et ne les piquez pas.
Râpez la butternut ou coupez-la en très petits dés.
Coupez la pomme en petits dés.
Émincez l’oignon.

PREMIÈRE MISE EN PLACE DANS LA CUVE

Mettez la butternut, la pomme, l’oignon, l’eau et la crème dans la cuve. Mélangez. Ne salez pas. La butternut doit devenir fondante avant l’ajout des boudins.

PREMIÈRE PROGRAMMATION THERMOCHEF

Fermez le couvercle.
Sélectionnez le menu Thermogrill.
Réglez le minuteur sur 13 minutes.
Appuyez sur Cuisiner.
Réglez la puissance sur 3.
Laissez le programme aller jusqu’à la fin.
Ouvrez avec prudence.

DEUXIÈME MISE EN PLACE

Ouvrez avec prudence. Posez les boudins noirs entiers sur la garniture, sans les piquer.

DEUXIÈME PROGRAMMATION THERMOCHEF

Fermez le couvercle.
Sélectionnez le menu Thermogrill.
Réglez le minuteur sur 4 minutes.
Appuyez sur Cuisiner.
Réglez la puissance sur 2.
Laissez le programme aller jusqu’à la fin.
Ouvrez avec prudence.

FINITION

À la fin de la deuxième cuisson, ouvrez avec prudence. Les boudins doivent être chauds à cœur. Ajoutez l’herbe choisie.

SERVICE

Servez chaud. La butternut donne une texture douce qui accompagne très bien le boudin noir.

POINT DE CONTRÔLE AVANT SERVICE

Le boudin noir doit être chaud à cœur.
Il doit rester entier autant que possible.
La peau ne doit pas être percée volontairement.
La garniture doit être tendre.
La sauce doit rester courte et moelleuse.
Si la préparation paraît trop sèche, ajoutez 1 cuillère à soupe d’eau chaude, environ 15 millilitres, soit 15 grammes, puis mélangez seulement la garniture autour du boudin.
Ne mélangez jamais fortement le boudin noir.
Goûtez toujours avant d’ajouter du sel.

RÉSUMÉ SIMPLE

On garde les boudins noirs entiers.
On ne les pique pas.
On ne les coupe pas avant cuisson.
On prépare la garniture ou la base sèche.
On lance la première cuisson.
On ouvre avec prudence.
On pose les boudins sur le dessus.
On lance une cuisson douce de finition.
On sert avec une spatule large.
Le plat est prêt à être servi chaud."
Boudin noir boulgour chou-rave fèves et crème moutardée façon ThermoChef,https://30minutesparjour.com/recettes-audio/fr/boudin%20noir%20excellence/boudin%20noir%20boulgour%20chou-rave%20feves%20et%20creme%20moutardee%20facon%20ThermoChef.mp3,Boudin noir excellence,"2 boudins noirs entiers.
1 mesurette ThermoChef de boulgour, environ 103 grammes.
1 mesurette et demie ThermoChef d’eau, 240 millilitres, environ 240 grammes.
180 grammes de chou-rave râpé.
140 grammes de fèves pelées.
2 cuillères à soupe de crème liquide ou végétale, environ 30 grammes.
1 petite cuillère à café de moutarde douce, environ 5 grammes.
persil, poivre, sel seulement à la fin si nécessaire.",285,"Aujourd’hui, nous préparons boudin noir boulgour chou-rave fèves et crème moutardée façon ThermoChef.

Cette recette est prévue pour 2 personnes.

RÈGLE IMPORTANTE POUR LE BOUDIN NOIR

Le boudin noir est fragile.
Il est généralement assaisonné et salé.
On ne le pique pas.
On ne le coupe pas avant cuisson.
On le garde entier.
On le pose sur la garniture seulement pour la finition, afin de le chauffer doucement.
On ne le mélange pas fortement, sinon il risque de se défaire.
On ne sale pas au départ.

RÈGLE DE CUISSON DE LA BASE

Boulgour : 1 mesurette ThermoChef, environ 103 grammes, avec 1 mesurette et demie d’eau, 240 millilitres, environ 240 grammes. Menu Pâtes 5 à 6 minutes. Le boudin est posé en finition.","Gardez les boudins entiers et ne les piquez pas.
Mesurez le boulgour et l’eau.
Râpez le chou-rave.
Préparez les fèves, la crème et la moutarde.

PREMIÈRE MISE EN PLACE DANS LA CUVE

Mettez le boulgour et l’eau dans la cuve. Ajoutez le chou-rave, les fèves, la crème et la moutarde. Mélangez. Ne salez pas. Le boulgour doit cuire dans le ThermoChef avant l’ajout du boudin.
Vérifiez que rien ne dépasse trop haut dans la cuve.
Vérifiez aussi qu’aucun morceau d’aliment ne risque de bloquer le petit piston de sécurité sous le couvercle.

PREMIÈRE PROGRAMMATION THERMOCHEF

Fermez le couvercle.
Sélectionnez le menu Pâtes.
Choisissez 5 à 6 minutes.
Appuyez sur Cuisiner.
Laissez le programme aller jusqu’à la fin.
Attendez que la sécurité autorise l’ouverture.
N’essayez jamais de forcer le couvercle.
Ouvrez avec prudence.

DEUXIÈME MISE EN PLACE

À la fin du menu Pâtes, attendez que la sécurité autorise l’ouverture. Ouvrez avec prudence. Aérez le boulgour. Posez les boudins entiers sur le dessus.

DEUXIÈME PROGRAMMATION THERMOCHEF

Fermez le couvercle.
Sélectionnez le menu Thermogrill.
Réglez le minuteur sur 4 minutes.
Appuyez sur Cuisiner.
Réglez la puissance sur 2.
Laissez le programme aller jusqu’à la fin.
Ouvrez avec prudence.

FINITION

À la fin de la deuxième cuisson, ouvrez avec prudence. Le boulgour doit être tendre et les boudins chauds à cœur. Ajoutez le persil.

SERVICE

Servez chaud. Le boulgour apporte une base rapide et la moutarde douce donne du relief.

POINT DE CONTRÔLE AVANT SERVICE

Le boudin noir doit être chaud à cœur.
Il doit rester entier autant que possible.
La peau ne doit pas être percée volontairement.
La garniture doit être tendre.
La sauce doit rester courte et moelleuse.
Si la préparation paraît trop sèche, ajoutez 1 cuillère à soupe d’eau chaude, environ 15 millilitres, soit 15 grammes, puis mélangez seulement la garniture autour du boudin.
Ne mélangez jamais fortement le boudin noir.
Goûtez toujours avant d’ajouter du sel.

RÉSUMÉ SIMPLE

On garde les boudins noirs entiers.
On ne les pique pas.
On ne les coupe pas avant cuisson.
On prépare la garniture ou la base sèche.
On lance la première cuisson.
On ouvre avec prudence.
On pose les boudins sur le dessus.
On lance une cuisson douce de finition.
On sert avec une spatule large.
Le plat est prêt à être servi chaud."
Boudin noir polenta céleri-rave poire et noix façon ThermoChef,https://30minutesparjour.com/recettes-audio/fr/boudin%20noir%20excellence/boudin%20noir%20polenta%20celeri-rave%20poire%20et%20noix%20facon%20ThermoChef.mp3,Boudin noir excellence,"2 boudins noirs entiers.
90 grammes de polenta instantanée.
420 millilitres d’eau, environ 420 grammes.
180 grammes de céleri-rave râpé.
1 poire ferme, environ 120 grammes, coupée en petits dés.
20 grammes de noix concassées, ajoutées à la fin.
1 cuillère à soupe de crème liquide ou végétale, environ 15 grammes.
persil, poivre, sel seulement à la fin si nécessaire.",286,"Aujourd’hui, nous préparons boudin noir polenta céleri-rave poire et noix façon ThermoChef.

Cette recette est prévue pour 2 personnes.

RÈGLE IMPORTANTE POUR LE BOUDIN NOIR

Le boudin noir est fragile.
Il est généralement assaisonné et salé.
On ne le pique pas.
On ne le coupe pas avant cuisson.
On le garde entier.
On le pose sur la garniture seulement pour la finition, afin de le chauffer doucement.
On ne le mélange pas fortement, sinon il risque de se défaire.
On ne sale pas au départ.

RÈGLE DE CUISSON DE LA BASE

Polenta instantanée : 90 grammes avec 420 millilitres d’eau, environ 420 grammes. Mélanger soigneusement avant cuisson pour éviter les paquets secs. Le boudin est posé en finition.","Gardez les boudins entiers et ne les piquez pas.
Pesez la polenta et mesurez l’eau.
Râpez le céleri-rave.
Coupez la poire en petits dés et concassez les noix.

PREMIÈRE MISE EN PLACE DANS LA CUVE

Mettez l’eau, la polenta, le céleri-rave, la poire et la crème dans la cuve. Mélangez très soigneusement pour éviter les paquets secs. Ne salez pas.

PREMIÈRE PROGRAMMATION THERMOCHEF

Fermez le couvercle.
Sélectionnez le menu Thermogrill.
Réglez le minuteur sur 12 minutes.
Appuyez sur Cuisiner.
Réglez la puissance sur 2.
Laissez le programme aller jusqu’à la fin.
Ouvrez avec prudence.

DEUXIÈME MISE EN PLACE

Ouvrez avec prudence. Mélangez la polenta avec une spatule souple. Posez les boudins entiers sur le dessus.

DEUXIÈME PROGRAMMATION THERMOCHEF

Fermez le couvercle.
Sélectionnez le menu Thermogrill.
Réglez le minuteur sur 4 minutes.
Appuyez sur Cuisiner.
Réglez la puissance sur 2.
Laissez le programme aller jusqu’à la fin.
Ouvrez avec prudence.

FINITION

À la fin de la deuxième cuisson, ouvrez avec prudence. Les boudins doivent être chauds et la polenta crémeuse. Ajoutez les noix et le persil.

SERVICE

Servez chaud. La polenta crémeuse et la poire adoucissent le goût puissant du boudin.

POINT DE CONTRÔLE AVANT SERVICE

Le boudin noir doit être chaud à cœur.
Il doit rester entier autant que possible.
La peau ne doit pas être percée volontairement.
La garniture doit être tendre.
La sauce doit rester courte et moelleuse.
Si la préparation paraît trop sèche, ajoutez 1 cuillère à soupe d’eau chaude, environ 15 millilitres, soit 15 grammes, puis mélangez seulement la garniture autour du boudin.
Ne mélangez jamais fortement le boudin noir.
Goûtez toujours avant d’ajouter du sel.

RÉSUMÉ SIMPLE

On garde les boudins noirs entiers.
On ne les pique pas.
On ne les coupe pas avant cuisson.
On prépare la garniture ou la base sèche.
On lance la première cuisson.
On ouvre avec prudence.
On pose les boudins sur le dessus.
On lance une cuisson douce de finition.
On sert avec une spatule large.
Le plat est prêt à être servi chaud."
Boudin noir lentilles vertes navets chou kale et persil façon ThermoChef,https://30minutesparjour.com/recettes-audio/fr/boudin%20noir%20excellence/boudin%20noir%20lentilles%20vertes%20navets%20chou%20kale%20et%20persil%20facon%20ThermoChef.mp3,Boudin noir excellence,"2 boudins noirs entiers.
1 mesurette ThermoChef de lentilles vertes sèches, environ 120 grammes.
1 mesurette et demie ThermoChef d’eau, 240 millilitres, environ 240 grammes.
180 grammes de navets râpés ou coupés en très petits dés.
120 grammes de chou kale émincé très finement.
2 cuillères à soupe de crème liquide ou végétale, environ 30 grammes.
persil, poivre, sel seulement à la fin si nécessaire.",287,"Aujourd’hui, nous préparons boudin noir lentilles vertes navets chou kale et persil façon ThermoChef.

Cette recette est prévue pour 2 personnes.

RÈGLE IMPORTANTE POUR LE BOUDIN NOIR

Le boudin noir est fragile.
Il est généralement assaisonné et salé.
On ne le pique pas.
On ne le coupe pas avant cuisson.
On le garde entier.
On le pose sur la garniture seulement pour la finition, afin de le chauffer doucement.
On ne le mélange pas fortement, sinon il risque de se défaire.
On ne sale pas au départ.

RÈGLE DE CUISSON DE LA BASE

Lentilles vertes sèches : 1 mesurette ThermoChef, environ 120 grammes, avec 1 mesurette et demie d’eau, 240 millilitres, environ 240 grammes. Si le paquet indique environ 30 minutes, utiliser le menu Légumes secs environ 10 minutes. Le boudin est posé en finition.","Gardez les boudins entiers et ne les piquez pas.
Rincez les lentilles vertes.
Mesurez les lentilles et l’eau.
Préparez les navets et le chou kale.

PREMIÈRE MISE EN PLACE DANS LA CUVE

Mettez les lentilles vertes et l’eau dans la cuve. Ajoutez les navets et le chou kale. Mélangez. Ne salez pas. Les lentilles doivent cuire dans le ThermoChef avant l’ajout du boudin.
Vérifiez que rien ne dépasse trop haut dans la cuve.
Vérifiez aussi qu’aucun morceau d’aliment ne risque de bloquer le petit piston de sécurité sous le couvercle.

PREMIÈRE PROGRAMMATION THERMOCHEF

Fermez le couvercle.
Sélectionnez le menu Légumes secs.
Réglez le temps sur 10 minutes.
Appuyez sur Cuisiner.
Laissez le programme aller jusqu’à la fin.
Attendez que la sécurité autorise l’ouverture.
N’essayez jamais de forcer le couvercle.
Ouvrez avec prudence.

DEUXIÈME MISE EN PLACE

À la fin du menu Légumes secs, attendez que la sécurité autorise l’ouverture. Ouvrez avec prudence. Ajoutez la crème et mélangez les lentilles. Posez les boudins entiers sur le dessus.

DEUXIÈME PROGRAMMATION THERMOCHEF

Fermez le couvercle.
Sélectionnez le menu Thermogrill.
Réglez le minuteur sur 4 minutes.
Appuyez sur Cuisiner.
Réglez la puissance sur 2.
Laissez le programme aller jusqu’à la fin.
Ouvrez avec prudence.

FINITION

À la fin de la deuxième cuisson, ouvrez avec prudence. Les lentilles doivent être tendres et les boudins chauds à cœur. Ajoutez le persil.

SERVICE

Servez chaud. Les lentilles donnent une base nourrissante et le chou kale enrichit la recette.

POINT DE CONTRÔLE AVANT SERVICE

Le boudin noir doit être chaud à cœur.
Il doit rester entier autant que possible.
La peau ne doit pas être percée volontairement.
La garniture doit être tendre.
La sauce doit rester courte et moelleuse.
Si la préparation paraît trop sèche, ajoutez 1 cuillère à soupe d’eau chaude, environ 15 millilitres, soit 15 grammes, puis mélangez seulement la garniture autour du boudin.
Ne mélangez jamais fortement le boudin noir.
Goûtez toujours avant d’ajouter du sel.

RÉSUMÉ SIMPLE

On garde les boudins noirs entiers.
On ne les pique pas.
On ne les coupe pas avant cuisson.
On prépare la garniture ou la base sèche.
On lance la première cuisson.
On ouvre avec prudence.
On pose les boudins sur le dessus.
On lance une cuisson douce de finition.
On sert avec une spatule large.
Le plat est prêt à être servi chaud."
Boudin noir gnocchis chou romanesco tomates cerises et sauge façon ThermoChef,https://30minutesparjour.com/recettes-audio/fr/boudin%20noir%20excellence/boudin%20noir%20gnocchis%20chou%20romanesco%20tomates%20cerises%20et%20sauge%20facon%20ThermoChef.mp3,Boudin noir excellence,"2 boudins noirs entiers.
300 grammes de gnocchis frais à poêler.
160 grammes de chou romanesco en très petits bouquets.
120 grammes de tomates cerises coupées en deux.
2 cuillères à soupe de crème liquide ou végétale, environ 30 grammes.
2 cuillères à soupe d’eau, 30 millilitres, environ 30 grammes.
sauge ou persil, poivre, sel seulement à la fin si nécessaire.",288,"Aujourd’hui, nous préparons boudin noir gnocchis chou romanesco tomates cerises et sauge façon ThermoChef.

Cette recette est prévue pour 2 personnes.

RÈGLE IMPORTANTE POUR LE BOUDIN NOIR

Le boudin noir est fragile.
Il est généralement assaisonné et salé.
On ne le pique pas.
On ne le coupe pas avant cuisson.
On le garde entier.
On le pose sur la garniture seulement pour la finition, afin de le chauffer doucement.
On ne le mélange pas fortement, sinon il risque de se défaire.
On ne sale pas au départ.

RÈGLE DE CUISSON DE LA BASE

Gnocchis frais à poêler : cuisson courte au Thermogrill avec un peu d’eau et de crème. Le boudin est posé en finition.","Gardez les boudins entiers et ne les piquez pas.
Préparez les gnocchis.
Coupez le chou romanesco en très petits bouquets.
Coupez les tomates cerises en deux.

PREMIÈRE MISE EN PLACE DANS LA CUVE

Mettez les gnocchis, le chou romanesco, les tomates cerises, la crème et l’eau dans la cuve. Mélangez. Ne salez pas. Gardez les boudins pour la finition.

PREMIÈRE PROGRAMMATION THERMOCHEF

Fermez le couvercle.
Sélectionnez le menu Thermogrill.
Réglez le minuteur sur 10 minutes.
Appuyez sur Cuisiner.
Réglez la puissance sur 2.
Laissez le programme aller jusqu’à la fin.
Ouvrez avec prudence.

DEUXIÈME MISE EN PLACE

Ouvrez avec prudence. Mélangez les gnocchis. Posez les boudins entiers sur le dessus, sans les enfoncer.

DEUXIÈME PROGRAMMATION THERMOCHEF

Fermez le couvercle.
Sélectionnez le menu Thermogrill.
Réglez le minuteur sur 4 minutes.
Appuyez sur Cuisiner.
Réglez la puissance sur 2.
Laissez le programme aller jusqu’à la fin.
Ouvrez avec prudence.

FINITION

À la fin de la deuxième cuisson, ouvrez avec prudence. Les gnocchis doivent être tendres et les boudins chauds. Ajoutez la sauge ou le persil.

SERVICE

Servez chaud. Les gnocchis apportent une texture moelleuse et le chou romanesco donne de la couleur.

POINT DE CONTRÔLE AVANT SERVICE

Le boudin noir doit être chaud à cœur.
Il doit rester entier autant que possible.
La peau ne doit pas être percée volontairement.
La garniture doit être tendre.
La sauce doit rester courte et moelleuse.
Si la préparation paraît trop sèche, ajoutez 1 cuillère à soupe d’eau chaude, environ 15 millilitres, soit 15 grammes, puis mélangez seulement la garniture autour du boudin.
Ne mélangez jamais fortement le boudin noir.
Goûtez toujours avant d’ajouter du sel.

RÉSUMÉ SIMPLE

On garde les boudins noirs entiers.
On ne les pique pas.
On ne les coupe pas avant cuisson.
On prépare la garniture ou la base sèche.
On lance la première cuisson.
On ouvre avec prudence.
On pose les boudins sur le dessus.
On lance une cuisson douce de finition.
On sert avec une spatule large.
Le plat est prêt à être servi chaud."
Boudin noir pois cassés endives orange et crème douce façon ThermoChef,https://30minutesparjour.com/recettes-audio/fr/boudin%20noir%20excellence/boudin%20noir%2C%20pois%20casses%2C%20endives%2C%20orange%20et%20creme%20douce%20facon%20ThermoChef.mp3,Boudin noir excellence,"2 boudins noirs entiers.
1 mesurette ThermoChef de pois cassés secs, environ 120 grammes.
2 mesurettes et demie ThermoChef d’eau, 400 millilitres, environ 400 grammes.
2 endives émincées finement.
80 grammes d’orange coupée en petits morceaux, ajoutée en finition.
2 cuillères à soupe de crème liquide ou végétale, environ 30 grammes.
Persil ou aneth.
Poivre à ajuster à la fin.",289,"Aujourd’hui, nous préparons boudin noir, pois cassés, endives, orange et crème douce façon ThermoChef.

Cette recette est prévue pour 2 personnes.

RÈGLE IMPORTANTE POUR LE BOUDIN NOIR

Le boudin noir est fragile.
Il est généralement assaisonné et salé.
Ne piquez pas les boudins.
Ne les coupez pas avant cuisson.
Gardez-les entiers.
Gardez-les à part pendant la cuisson des pois cassés.
Posez-les seulement en finition, sur la garniture chaude.
Ne mélangez jamais fortement le boudin noir.
Ne salez pas au départ.

RÈGLE IMPORTANTE POUR LES POIS CASSÉS

Les pois cassés sont utilisés secs.
Pour 1 mesurette ThermoChef de pois cassés secs, environ 120 grammes, utilisez 2 mesurettes et demie d’eau, soit 400 millilitres, environ 400 grammes.
Le menu de référence est Légumes secs, 10 minutes.
Si votre version du ThermoChef demande une puissance sur ce menu, réglez sur 3.
Après cuisson, laissez reposer 5 minutes couvercle fermé si vous souhaitez une texture plus fondante.
La correction principale est l’eau et le repos, pas l’allongement direct du temps.","Gardez les boudins entiers.
Ne les piquez pas.
Rincez rapidement les pois cassés si votre paquet le conseille.
Émincez les endives finement.
Préparez l’eau avec précision.
Gardez l’orange et l’herbe choisie à part pour la finition.

MISE EN PLACE DANS LA CUVE

Mettez les pois cassés secs dans la cuve.
Ajoutez l’eau.
Ajoutez les endives et la crème.
Mélangez pour répartir les pois cassés dans le liquide.
Ne salez pas.
Gardez les boudins noirs à part.
Vérifiez que le petit piston de sécurité reste libre.

PREMIÈRE CUISSON

Fermez le couvercle.
Sélectionnez le menu Légumes secs.
Réglez le temps sur 10 minutes.
Appuyez sur Cuisiner.
Si votre version du ThermoChef demande une puissance sur ce menu, réglez sur 3.
Laissez le programme aller jusqu’à la fin.
Attendez que la sécurité autorise l’ouverture.
N’essayez jamais de forcer le couvercle.
Laissez reposer 5 minutes couvercle fermé si vous souhaitez une texture plus fondante.
Ouvrez avec prudence.

FINITION CHAUDE DU BOUDIN

Vérifiez que les pois cassés sont tendres.
Mélangez doucement les pois cassés.
Posez les boudins noirs entiers sur le dessus.
Ne les piquez pas.
Ne les enfoncez pas.
Fermez le couvercle.
Sélectionnez le menu Thermogrill.
Réglez le minuteur sur 4 minutes.
Appuyez sur Cuisiner.
Réglez la puissance sur 2.
À la fin, ouvrez avec prudence.
Les boudins doivent être chauds à cœur et rester entiers.

FINITION

Ajoutez l’orange et l’herbe choisie.
Mélangez seulement la garniture autour des boudins.
Ne mélangez jamais fortement le boudin noir.
Goûtez avant d’ajouter du sel.

SERVICE

Servez chaud avec une spatule large.
La garniture doit être fondante.
Les boudins doivent rester entiers.

POINT DE CONTRÔLE AVANT SERVICE

Les pois cassés doivent être tendres.
Le boudin noir doit être chaud à cœur.
Le boudin noir ne doit pas être éclaté.
La garniture ne doit pas être sèche.
Si certains pois cassés restent fermes, ajoutez une demi-mesurette ThermoChef d’eau chaude, soit 80 millilitres, environ 80 grammes, puis prolongez seulement la base de 2 à 3 minutes avant de réchauffer le boudin.

RÉSUMÉ SIMPLE

On garde les boudins noirs entiers et à part.
On met les pois cassés, l’eau, les endives et la crème dans la cuve.
On ne sale pas.
On lance menu Légumes secs, 10 minutes.
On règle la puissance sur 3 seulement si l’appareil la demande.
On laisse reposer 5 minutes si besoin.
On pose les boudins entiers sur la garniture.
On lance Thermogrill 4 minutes, puissance 2.
On ajoute l’orange et les herbes.
Le plat est prêt."
Boulgour cru courgette tomates poivron et basilic façon ThermoChef,https://30minutesparjour.com/recettes-audio/fr/boulgour%20excellence/boulgour%20cru%20courgette%20tomates%20poivron%20et%20basilic%20facon%20ThermoChef.mp3,Boulgour excellence,"1 mesurette ThermoChef de boulgour cru, environ 103 grammes.
1 mesurette et demie ThermoChef d’eau, 240 millilitres, environ 240 grammes.
1 courgette, environ 180 grammes, coupée en petits dés.
2 tomates moyennes, environ 240 grammes, coupées en petits dés.
1 poivron rouge ou jaune, environ 120 grammes, coupé en petits dés.
1 cuillère à soupe de coulis de tomate, environ 15 grammes.
basilic, poivre, sel à ajuster à la fin.",290,"Aujourd’hui, nous préparons boulgour cru courgette tomates poivron et basilic façon ThermoChef.

Cette recette est prévue pour 2 personnes.

RÈGLE IMPORTANTE POUR LE BOULGOUR

Le boulgour doit être utilisé cru.
Rincez-le rapidement si votre paquet le conseille.
Il ne faut pas partir d’un boulgour cuit à l’avance.
Le boulgour cuit directement dans le ThermoChef avec l’eau indiquée.
Pour le boulgour seul, la base est 1 mesurette ThermoChef de boulgour cru, environ 103 grammes, avec 1 mesurette et demie d’eau, 240 millilitres, environ 240 grammes.
Le menu de référence est Pâtes, 5 à 6 minutes.
Quand le boulgour est mélangé à une base plus longue, comme l’orge perlée, le riz noir ou les pois cassés, on choisit le menu adapté à la base la plus longue.
Sur les menus Riz, Pâtes, Soupe et Légumes secs, on ne règle pas de puissance.

RÈGLE DE CUISSON DE LA BASE

Boulgour : 1 mesurette ThermoChef de boulgour cru, environ 103 grammes, avec 1 mesurette et demie d’eau, 240 millilitres, environ 240 grammes. Menu Pâtes 5 à 6 minutes.","Rincez rapidement le boulgour si votre paquet le conseille.
Mesurez le boulgour cru et l’eau.
Coupez la courgette, les tomates et le poivron en petits dés.
Préparez le coulis et le basilic.

MISE EN PLACE DANS LA CUVE

Mettez le boulgour cru et l’eau dans la cuve. Ajoutez la courgette, les tomates, le poivron et le coulis. Mélangez. Le boulgour doit cuire directement dans le ThermoChef avec les légumes.
Vérifiez que rien ne dépasse trop haut dans la cuve.
Vérifiez aussi qu’aucun morceau d’aliment ne risque de bloquer le petit piston de sécurité sous le couvercle.

PROGRAMMATION THERMOCHEF

Fermez le couvercle.
Sélectionnez le menu Pâtes.
Choisissez 5 à 6 minutes.
Appuyez sur Cuisiner.
Laissez le programme aller jusqu’à la fin.
Attendez que la sécurité autorise l’ouverture.
N’essayez jamais de forcer le couvercle.
Ouvrez avec prudence.

FINITION

À la fin du programme, attendez que la sécurité autorise l’ouverture. Ouvrez avec prudence. Le boulgour doit être tendre et les légumes moelleux. Ajoutez le basilic et mélangez doucement.

SERVICE

Servez chaud. Cette recette donne un boulgour tomate simple, léger et parfumé.

POINT DE CONTRÔLE AVANT SERVICE

Le boulgour doit être tendre sous la dent.
Il ne doit pas rester sec au fond de la cuve.
La garniture doit être tendre.
La préparation doit rester moelleuse.
Si elle paraît trop sèche, ajoutez 1 cuillère à soupe d’eau chaude, environ 15 millilitres, soit 15 grammes, puis mélangez doucement.
Goûtez toujours avant d’ajouter du sel.

RÉSUMÉ SIMPLE

On mesure le boulgour cru.
On ajoute l’eau indiquée.
On ajoute la garniture.
On vérifie le petit piston de sécurité si le menu ferme la cuve.
On lance le menu ThermoChef adapté.
On ne règle pas de puissance sur Riz, Pâtes, Soupe ou Légumes secs.
On ouvre avec prudence.
On vérifie que le boulgour est tendre.
On ajuste seulement à la fin.
Le plat est prêt à être servi chaud."
Boulgour cru brocoli champignons et crème citronnée façon ThermoChef,https://30minutesparjour.com/recettes-audio/fr/boulgour%20excellence/boulgour%20cru%20brocoli%20champignons%20et%20creme%20citronnee%20facon%20ThermoChef.mp3,Boulgour excellence,"1 mesurette ThermoChef de boulgour cru, environ 103 grammes.
1 mesurette et demie ThermoChef d’eau, 240 millilitres, environ 240 grammes.
180 grammes de brocoli en très petits bouquets.
180 grammes de champignons émincés.
2 cuillères à soupe de crème liquide ou végétale, environ 30 grammes.
quelques gouttes de citron à la fin.
persil ou ciboulette, poivre, sel à ajuster à la fin.",291,"Aujourd’hui, nous préparons boulgour cru brocoli champignons et crème citronnée façon ThermoChef.

Cette recette est prévue pour 2 personnes.

RÈGLE IMPORTANTE POUR LE BOULGOUR

Le boulgour doit être utilisé cru.
Rincez-le rapidement si votre paquet le conseille.
Il ne faut pas partir d’un boulgour cuit à l’avance.
Le boulgour cuit directement dans le ThermoChef avec l’eau indiquée.
Pour le boulgour seul, la base est 1 mesurette ThermoChef de boulgour cru, environ 103 grammes, avec 1 mesurette et demie d’eau, 240 millilitres, environ 240 grammes.
Le menu de référence est Pâtes, 5 à 6 minutes.
Quand le boulgour est mélangé à une base plus longue, comme l’orge perlée, le riz noir ou les pois cassés, on choisit le menu adapté à la base la plus longue.
Sur les menus Riz, Pâtes, Soupe et Légumes secs, on ne règle pas de puissance.

RÈGLE DE CUISSON DE LA BASE

Boulgour : 1 mesurette ThermoChef de boulgour cru, environ 103 grammes, avec 1 mesurette et demie d’eau, 240 millilitres, environ 240 grammes. Menu Pâtes 5 à 6 minutes.","Rincez rapidement le boulgour si votre paquet le conseille.
Mesurez le boulgour cru et l’eau.
Coupez le brocoli en très petits bouquets.
Émincez les champignons et préparez la crème.

MISE EN PLACE DANS LA CUVE

Mettez le boulgour cru et l’eau dans la cuve. Ajoutez le brocoli, les champignons et la crème. Mélangez. Vérifiez que le petit piston de sécurité sous le couvercle reste libre.
Vérifiez que rien ne dépasse trop haut dans la cuve.
Vérifiez aussi qu’aucun morceau d’aliment ne risque de bloquer le petit piston de sécurité sous le couvercle.

PROGRAMMATION THERMOCHEF

Fermez le couvercle.
Sélectionnez le menu Pâtes.
Choisissez 5 à 6 minutes.
Appuyez sur Cuisiner.
Laissez le programme aller jusqu’à la fin.
Attendez que la sécurité autorise l’ouverture.
N’essayez jamais de forcer le couvercle.
Ouvrez avec prudence.

FINITION

À la fin du programme, attendez que la sécurité autorise l’ouverture. Ouvrez avec prudence. Ajoutez le citron et l’herbe choisie. Mélangez doucement.

SERVICE

Servez chaud. La crème citronnée rend le boulgour plus moelleux.

POINT DE CONTRÔLE AVANT SERVICE

Le boulgour doit être tendre sous la dent.
Il ne doit pas rester sec au fond de la cuve.
La garniture doit être tendre.
La préparation doit rester moelleuse.
Si elle paraît trop sèche, ajoutez 1 cuillère à soupe d’eau chaude, environ 15 millilitres, soit 15 grammes, puis mélangez doucement.
Goûtez toujours avant d’ajouter du sel.

RÉSUMÉ SIMPLE

On mesure le boulgour cru.
On ajoute l’eau indiquée.
On ajoute la garniture.
On vérifie le petit piston de sécurité si le menu ferme la cuve.
On lance le menu ThermoChef adapté.
On ne règle pas de puissance sur Riz, Pâtes, Soupe ou Légumes secs.
On ouvre avec prudence.
On vérifie que le boulgour est tendre.
On ajuste seulement à la fin.
Le plat est prêt à être servi chaud."
Boulgour cru patate douce râpée épinards et curry doux façon ThermoChef,https://30minutesparjour.com/recettes-audio/fr/boulgour%20excellence/boulgour%20cru%20patate%20douce%20rapee%20epinards%20et%20curry%20doux%20facon%20ThermoChef.mp3,Boulgour excellence,"1 mesurette ThermoChef de boulgour cru, environ 103 grammes.
1 mesurette et demie ThermoChef d’eau, 240 millilitres, environ 240 grammes.
220 grammes de patate douce râpée.
160 grammes d’épinards frais ou surgelés bien égouttés.
2 cuillères à soupe de crème de coco ou de crème liquide, environ 30 grammes.
1 petite pincée de curry doux.
coriandre ou persil, sel à ajuster à la fin.",292,"Aujourd’hui, nous préparons boulgour cru patate douce râpée épinards et curry doux façon ThermoChef.

Cette recette est prévue pour 2 personnes.

RÈGLE IMPORTANTE POUR LE BOULGOUR

Le boulgour doit être utilisé cru.
Rincez-le rapidement si votre paquet le conseille.
Il ne faut pas partir d’un boulgour cuit à l’avance.
Le boulgour cuit directement dans le ThermoChef avec l’eau indiquée.
Pour le boulgour seul, la base est 1 mesurette ThermoChef de boulgour cru, environ 103 grammes, avec 1 mesurette et demie d’eau, 240 millilitres, environ 240 grammes.
Le menu de référence est Pâtes, 5 à 6 minutes.
Quand le boulgour est mélangé à une base plus longue, comme l’orge perlée, le riz noir ou les pois cassés, on choisit le menu adapté à la base la plus longue.
Sur les menus Riz, Pâtes, Soupe et Légumes secs, on ne règle pas de puissance.

RÈGLE DE CUISSON DE LA BASE

Boulgour : 1 mesurette ThermoChef de boulgour cru, environ 103 grammes, avec 1 mesurette et demie d’eau, 240 millilitres, environ 240 grammes. Menu Pâtes 5 à 6 minutes.","Rincez rapidement le boulgour si nécessaire.
Mesurez le boulgour et l’eau.
Râpez la patate douce.
Préparez les épinards, la crème et le curry.

MISE EN PLACE DANS LA CUVE

Mettez le boulgour cru et l’eau dans la cuve. Ajoutez la patate douce, les épinards, la crème et le curry. Mélangez. Le boulgour et la patate douce doivent cuire ensemble.
Vérifiez que rien ne dépasse trop haut dans la cuve.
Vérifiez aussi qu’aucun morceau d’aliment ne risque de bloquer le petit piston de sécurité sous le couvercle.

PROGRAMMATION THERMOCHEF

Fermez le couvercle.
Sélectionnez le menu Pâtes.
Choisissez 5 à 6 minutes.
Appuyez sur Cuisiner.
Laissez le programme aller jusqu’à la fin.
Attendez que la sécurité autorise l’ouverture.
N’essayez jamais de forcer le couvercle.
Ouvrez avec prudence.

FINITION

À la fin du programme, attendez que la sécurité autorise l’ouverture. Ouvrez avec prudence. Le boulgour doit être tendre et la patate douce fondante. Ajoutez l’herbe choisie.

SERVICE

Servez chaud. Le curry doit rester doux pour garder une recette équilibrée.

POINT DE CONTRÔLE AVANT SERVICE

Le boulgour doit être tendre sous la dent.
Il ne doit pas rester sec au fond de la cuve.
La garniture doit être tendre.
La préparation doit rester moelleuse.
Si elle paraît trop sèche, ajoutez 1 cuillère à soupe d’eau chaude, environ 15 millilitres, soit 15 grammes, puis mélangez doucement.
Goûtez toujours avant d’ajouter du sel.

RÉSUMÉ SIMPLE

On mesure le boulgour cru.
On ajoute l’eau indiquée.
On ajoute la garniture.
On vérifie le petit piston de sécurité si le menu ferme la cuve.
On lance le menu ThermoChef adapté.
On ne règle pas de puissance sur Riz, Pâtes, Soupe ou Légumes secs.
On ouvre avec prudence.
On vérifie que le boulgour est tendre.
On ajuste seulement à la fin.
Le plat est prêt à être servi chaud."
Boulgour cru fenouil carotte petits pois et aneth façon ThermoChef,https://30minutesparjour.com/recettes-audio/fr/boulgour%20excellence/boulgour%20cru%20fenouil%20carotte%20petits%20pois%20et%20aneth%20facon%20ThermoChef.mp3,Boulgour excellence,"1 mesurette ThermoChef de boulgour cru, environ 103 grammes.
1 mesurette et demie ThermoChef d’eau, 240 millilitres, environ 240 grammes.
1 fenouil moyen, environ 220 grammes, émincé très finement.
1 carotte, environ 100 grammes, râpée.
120 grammes de petits pois.
2 cuillères à soupe de crème liquide ou végétale, environ 30 grammes.
aneth ou persil, quelques gouttes de citron à la fin.",293,"Aujourd’hui, nous préparons boulgour cru fenouil carotte petits pois et aneth façon ThermoChef.

Cette recette est prévue pour 2 personnes.

RÈGLE IMPORTANTE POUR LE BOULGOUR

Le boulgour doit être utilisé cru.
Rincez-le rapidement si votre paquet le conseille.
Il ne faut pas partir d’un boulgour cuit à l’avance.
Le boulgour cuit directement dans le ThermoChef avec l’eau indiquée.
Pour le boulgour seul, la base est 1 mesurette ThermoChef de boulgour cru, environ 103 grammes, avec 1 mesurette et demie d’eau, 240 millilitres, environ 240 grammes.
Le menu de référence est Pâtes, 5 à 6 minutes.
Quand le boulgour est mélangé à une base plus longue, comme l’orge perlée, le riz noir ou les pois cassés, on choisit le menu adapté à la base la plus longue.
Sur les menus Riz, Pâtes, Soupe et Légumes secs, on ne règle pas de puissance.

RÈGLE DE CUISSON DE LA BASE

Boulgour : 1 mesurette ThermoChef de boulgour cru, environ 103 grammes, avec 1 mesurette et demie d’eau, 240 millilitres, environ 240 grammes. Menu Pâtes 5 à 6 minutes.","Rincez rapidement le boulgour si votre paquet le conseille.
Mesurez le boulgour et l’eau.
Émincez le fenouil très finement et râpez la carotte.
Préparez les petits pois, la crème, le citron et l’aneth.

MISE EN PLACE DANS LA CUVE

Mettez le boulgour cru et l’eau dans la cuve. Ajoutez le fenouil, la carotte, les petits pois et la crème. Mélangez. Vérifiez le petit piston de sécurité.
Vérifiez que rien ne dépasse trop haut dans la cuve.
Vérifiez aussi qu’aucun morceau d’aliment ne risque de bloquer le petit piston de sécurité sous le couvercle.

PROGRAMMATION THERMOCHEF

Fermez le couvercle.
Sélectionnez le menu Pâtes.
Choisissez 5 à 6 minutes.
Appuyez sur Cuisiner.
Laissez le programme aller jusqu’à la fin.
Attendez que la sécurité autorise l’ouverture.
N’essayez jamais de forcer le couvercle.
Ouvrez avec prudence.

FINITION

À la fin du programme, attendez que la sécurité autorise l’ouverture. Ouvrez avec prudence. Ajoutez le citron et l’aneth. Mélangez doucement.

SERVICE

Servez chaud. Le fenouil apporte une note fraîche et légère.

POINT DE CONTRÔLE AVANT SERVICE

Le boulgour doit être tendre sous la dent.
Il ne doit pas rester sec au fond de la cuve.
La garniture doit être tendre.
La préparation doit rester moelleuse.
Si elle paraît trop sèche, ajoutez 1 cuillère à soupe d’eau chaude, environ 15 millilitres, soit 15 grammes, puis mélangez doucement.
Goûtez toujours avant d’ajouter du sel.

RÉSUMÉ SIMPLE

On mesure le boulgour cru.
On ajoute l’eau indiquée.
On ajoute la garniture.
On vérifie le petit piston de sécurité si le menu ferme la cuve.
On lance le menu ThermoChef adapté.
On ne règle pas de puissance sur Riz, Pâtes, Soupe ou Légumes secs.
On ouvre avec prudence.
On vérifie que le boulgour est tendre.
On ajuste seulement à la fin.
Le plat est prêt à être servi chaud."
Boulgour cru aubergine pois chiches tomate et paprika doux façon ThermoChef,https://30minutesparjour.com/recettes-audio/fr/boulgour%20excellence/boulgour%20cru%20aubergine%20pois%20chiches%20tomate%20et%20paprika%20doux%20facon%20ThermoChef.mp3,Boulgour excellence,"1 mesurette ThermoChef de boulgour cru, environ 103 grammes.
1 mesurette et demie ThermoChef d’eau, 240 millilitres, environ 240 grammes.
1 petite aubergine, environ 220 grammes, coupée en petits dés.
160 grammes de pois chiches en conserve, égouttés.
2 tomates moyennes, environ 240 grammes, coupées en petits dés.
1 petite pincée de paprika doux.
persil ou basilic, sel à ajuster à la fin.",294,"Aujourd’hui, nous préparons boulgour cru aubergine pois chiches tomate et paprika doux façon ThermoChef.

Cette recette est prévue pour 2 personnes.

RÈGLE IMPORTANTE POUR LE BOULGOUR

Le boulgour doit être utilisé cru.
Rincez-le rapidement si votre paquet le conseille.
Il ne faut pas partir d’un boulgour cuit à l’avance.
Le boulgour cuit directement dans le ThermoChef avec l’eau indiquée.
Pour le boulgour seul, la base est 1 mesurette ThermoChef de boulgour cru, environ 103 grammes, avec 1 mesurette et demie d’eau, 240 millilitres, environ 240 grammes.
Le menu de référence est Pâtes, 5 à 6 minutes.
Quand le boulgour est mélangé à une base plus longue, comme l’orge perlée, le riz noir ou les pois cassés, on choisit le menu adapté à la base la plus longue.
Sur les menus Riz, Pâtes, Soupe et Légumes secs, on ne règle pas de puissance.

RÈGLE DE CUISSON DE LA BASE

Boulgour : 1 mesurette ThermoChef de boulgour cru, environ 103 grammes, avec 1 mesurette et demie d’eau, 240 millilitres, environ 240 grammes. Menu Pâtes 5 à 6 minutes.","Rincez rapidement le boulgour si nécessaire.
Mesurez le boulgour et l’eau.
Coupez l’aubergine et les tomates en petits dés.
Égouttez les pois chiches et préparez le paprika.

MISE EN PLACE DANS LA CUVE

Mettez le boulgour cru et l’eau dans la cuve. Ajoutez l’aubergine, les pois chiches, les tomates et le paprika. Mélangez. Les pois chiches sont en conserve et simplement réchauffés dans la préparation.
Vérifiez que rien ne dépasse trop haut dans la cuve.
Vérifiez aussi qu’aucun morceau d’aliment ne risque de bloquer le petit piston de sécurité sous le couvercle.

PROGRAMMATION THERMOCHEF

Fermez le couvercle.
Sélectionnez le menu Pâtes.
Choisissez 5 à 6 minutes.
Appuyez sur Cuisiner.
Laissez le programme aller jusqu’à la fin.
Attendez que la sécurité autorise l’ouverture.
N’essayez jamais de forcer le couvercle.
Ouvrez avec prudence.

FINITION

À la fin du programme, attendez que la sécurité autorise l’ouverture. Ouvrez avec prudence. L’aubergine doit être fondante et le boulgour tendre. Ajoutez l’herbe choisie.

SERVICE

Servez chaud. Les pois chiches rendent le plat plus nourrissant.

POINT DE CONTRÔLE AVANT SERVICE

Le boulgour doit être tendre sous la dent.
Il ne doit pas rester sec au fond de la cuve.
La garniture doit être tendre.
La préparation doit rester moelleuse.
Si elle paraît trop sèche, ajoutez 1 cuillère à soupe d’eau chaude, environ 15 millilitres, soit 15 grammes, puis mélangez doucement.
Goûtez toujours avant d’ajouter du sel.

RÉSUMÉ SIMPLE

On mesure le boulgour cru.
On ajoute l’eau indiquée.
On ajoute la garniture.
On vérifie le petit piston de sécurité si le menu ferme la cuve.
On lance le menu ThermoChef adapté.
On ne règle pas de puissance sur Riz, Pâtes, Soupe ou Légumes secs.
On ouvre avec prudence.
On vérifie que le boulgour est tendre.
On ajuste seulement à la fin.
Le plat est prêt à être servi chaud."
Boulgour cru poireaux champignons et crème moutardée façon ThermoChef,https://30minutesparjour.com/recettes-audio/fr/boulgour%20excellence/boulgour%20cru%20poireaux%20champignons%20et%20creme%20moutardee%20facon%20ThermoChef.mp3,Boulgour excellence,"1 mesurette ThermoChef de boulgour cru, environ 103 grammes.
1 mesurette et demie ThermoChef d’eau, 240 millilitres, environ 240 grammes.
2 poireaux moyens, environ 300 grammes préparés, émincés finement.
180 grammes de champignons émincés.
2 cuillères à soupe de crème liquide ou végétale, environ 30 grammes.
1 petite cuillère à café de moutarde douce, environ 5 grammes.
persil, poivre, sel à ajuster à la fin.",295,"Aujourd’hui, nous préparons boulgour cru poireaux champignons et crème moutardée façon ThermoChef.

Cette recette est prévue pour 2 personnes.

RÈGLE IMPORTANTE POUR LE BOULGOUR

Le boulgour doit être utilisé cru.
Rincez-le rapidement si votre paquet le conseille.
Il ne faut pas partir d’un boulgour cuit à l’avance.
Le boulgour cuit directement dans le ThermoChef avec l’eau indiquée.
Pour le boulgour seul, la base est 1 mesurette ThermoChef de boulgour cru, environ 103 grammes, avec 1 mesurette et demie d’eau, 240 millilitres, environ 240 grammes.
Le menu de référence est Pâtes, 5 à 6 minutes.
Quand le boulgour est mélangé à une base plus longue, comme l’orge perlée, le riz noir ou les pois cassés, on choisit le menu adapté à la base la plus longue.
Sur les menus Riz, Pâtes, Soupe et Légumes secs, on ne règle pas de puissance.

RÈGLE DE CUISSON DE LA BASE

Boulgour : 1 mesurette ThermoChef de boulgour cru, environ 103 grammes, avec 1 mesurette et demie d’eau, 240 millilitres, environ 240 grammes. Menu Pâtes 5 à 6 minutes.","Rincez rapidement le boulgour si votre paquet le conseille.
Mesurez le boulgour et l’eau.
Émincez les poireaux et les champignons.
Préparez la crème et la moutarde.

MISE EN PLACE DANS LA CUVE

Mettez le boulgour cru et l’eau dans la cuve. Ajoutez les poireaux, les champignons, la crème et la moutarde. Mélangez. Le boulgour doit cuire dans le ThermoChef avec les légumes.
Vérifiez que rien ne dépasse trop haut dans la cuve.
Vérifiez aussi qu’aucun morceau d’aliment ne risque de bloquer le petit piston de sécurité sous le couvercle.

PROGRAMMATION THERMOCHEF

Fermez le couvercle.
Sélectionnez le menu Pâtes.
Choisissez 5 à 6 minutes.
Appuyez sur Cuisiner.
Laissez le programme aller jusqu’à la fin.
Attendez que la sécurité autorise l’ouverture.
N’essayez jamais de forcer le couvercle.
Ouvrez avec prudence.

FINITION

À la fin du programme, attendez que la sécurité autorise l’ouverture. Ouvrez avec prudence. Les poireaux doivent être fondants. Ajoutez le persil.

SERVICE

Servez chaud. La moutarde doit rester douce et ne pas dominer.

POINT DE CONTRÔLE AVANT SERVICE

Le boulgour doit être tendre sous la dent.
Il ne doit pas rester sec au fond de la cuve.
La garniture doit être tendre.
La préparation doit rester moelleuse.
Si elle paraît trop sèche, ajoutez 1 cuillère à soupe d’eau chaude, environ 15 millilitres, soit 15 grammes, puis mélangez doucement.
Goûtez toujours avant d’ajouter du sel.

RÉSUMÉ SIMPLE

On mesure le boulgour cru.
On ajoute l’eau indiquée.
On ajoute la garniture.
On vérifie le petit piston de sécurité si le menu ferme la cuve.
On lance le menu ThermoChef adapté.
On ne règle pas de puissance sur Riz, Pâtes, Soupe ou Légumes secs.
On ouvre avec prudence.
On vérifie que le boulgour est tendre.
On ajuste seulement à la fin.
Le plat est prêt à être servi chaud."
Boulgour cru chou-fleur râpé brocoli carotte crème coco et curry doux façon ThermoChef,https://30minutesparjour.com/recettes-audio/fr/boulgour%20excellence/boulgour%20cru%20chou-fleur%20rape%20brocoli%20carotte%20creme%20coco%20et%20curry%20doux%20facon%20ThermoChef.mp3,Boulgour excellence,"1 mesurette ThermoChef de boulgour cru, environ 103 grammes.
1 mesurette et demie ThermoChef d’eau, 240 millilitres, environ 240 grammes.
220 grammes de chou-fleur râpé comme une semoule grossière.
140 grammes de brocoli en très petits bouquets.
1 carotte, environ 100 grammes, râpée.
2 cuillères à soupe de crème de coco, environ 30 grammes.
1 petite pincée de curry doux, coriandre ou persil.",296,"Aujourd’hui, nous préparons boulgour cru chou-fleur râpé brocoli carotte crème coco et curry doux façon ThermoChef.

Cette recette est prévue pour 2 personnes.

RÈGLE IMPORTANTE POUR LE BOULGOUR

Le boulgour doit être utilisé cru.
Rincez-le rapidement si votre paquet le conseille.
Il ne faut pas partir d’un boulgour cuit à l’avance.
Le boulgour cuit directement dans le ThermoChef avec l’eau indiquée.
Pour le boulgour seul, la base est 1 mesurette ThermoChef de boulgour cru, environ 103 grammes, avec 1 mesurette et demie d’eau, 240 millilitres, environ 240 grammes.
Le menu de référence est Pâtes, 5 à 6 minutes.
Quand le boulgour est mélangé à une base plus longue, comme l’orge perlée, le riz noir ou les pois cassés, on choisit le menu adapté à la base la plus longue.
Sur les menus Riz, Pâtes, Soupe et Légumes secs, on ne règle pas de puissance.

RÈGLE DE CUISSON DE LA BASE

Boulgour : 1 mesurette ThermoChef de boulgour cru, environ 103 grammes, avec 1 mesurette et demie d’eau, 240 millilitres, environ 240 grammes. Menu Pâtes 5 à 6 minutes.","Rincez rapidement le boulgour si nécessaire.
Mesurez le boulgour et l’eau.
Râpez le chou-fleur et la carotte.
Coupez le brocoli en très petits bouquets.

MISE EN PLACE DANS LA CUVE

Mettez le boulgour cru et l’eau dans la cuve. Ajoutez le chou-fleur, le brocoli, la carotte, la crème de coco et le curry. Mélangez.
Vérifiez que rien ne dépasse trop haut dans la cuve.
Vérifiez aussi qu’aucun morceau d’aliment ne risque de bloquer le petit piston de sécurité sous le couvercle.

PROGRAMMATION THERMOCHEF

Fermez le couvercle.
Sélectionnez le menu Pâtes.
Choisissez 5 à 6 minutes.
Appuyez sur Cuisiner.
Laissez le programme aller jusqu’à la fin.
Attendez que la sécurité autorise l’ouverture.
N’essayez jamais de forcer le couvercle.
Ouvrez avec prudence.

FINITION

À la fin du programme, attendez que la sécurité autorise l’ouverture. Ouvrez avec prudence. Le boulgour doit être tendre et les légumes cuits. Ajoutez l’herbe choisie.

SERVICE

Servez chaud. La crème de coco apporte du moelleux.

POINT DE CONTRÔLE AVANT SERVICE

Le boulgour doit être tendre sous la dent.
Il ne doit pas rester sec au fond de la cuve.
La garniture doit être tendre.
La préparation doit rester moelleuse.
Si elle paraît trop sèche, ajoutez 1 cuillère à soupe d’eau chaude, environ 15 millilitres, soit 15 grammes, puis mélangez doucement.
Goûtez toujours avant d’ajouter du sel.

RÉSUMÉ SIMPLE

On mesure le boulgour cru.
On ajoute l’eau indiquée.
On ajoute la garniture.
On vérifie le petit piston de sécurité si le menu ferme la cuve.
On lance le menu ThermoChef adapté.
On ne règle pas de puissance sur Riz, Pâtes, Soupe ou Légumes secs.
On ouvre avec prudence.
On vérifie que le boulgour est tendre.
On ajuste seulement à la fin.
Le plat est prêt à être servi chaud."
Boulgour cru endives pomme noix et crème douce façon ThermoChef,https://30minutesparjour.com/recettes-audio/fr/boulgour%20excellence/boulgour%20cru%20endives%20pomme%20noix%20et%20creme%20douce%20facon%20ThermoChef.mp3,Boulgour excellence,"1 mesurette ThermoChef de boulgour cru, environ 103 grammes.
1 mesurette et demie ThermoChef d’eau, 240 millilitres, environ 240 grammes.
3 endives émincées finement.
1 pomme, environ 140 grammes, coupée en petits dés.
2 cuillères à soupe de crème liquide ou végétale, environ 30 grammes.
15 grammes de noix concassées ajoutées à la fin.
persil ou ciboulette, sel à ajuster à la fin.",297,"Aujourd’hui, nous préparons boulgour cru endives pomme noix et crème douce façon ThermoChef.

Cette recette est prévue pour 2 personnes.

RÈGLE IMPORTANTE POUR LE BOULGOUR

Le boulgour doit être utilisé cru.
Rincez-le rapidement si votre paquet le conseille.
Il ne faut pas partir d’un boulgour cuit à l’avance.
Le boulgour cuit directement dans le ThermoChef avec l’eau indiquée.
Pour le boulgour seul, la base est 1 mesurette ThermoChef de boulgour cru, environ 103 grammes, avec 1 mesurette et demie d’eau, 240 millilitres, environ 240 grammes.
Le menu de référence est Pâtes, 5 à 6 minutes.
Quand le boulgour est mélangé à une base plus longue, comme l’orge perlée, le riz noir ou les pois cassés, on choisit le menu adapté à la base la plus longue.
Sur les menus Riz, Pâtes, Soupe et Légumes secs, on ne règle pas de puissance.

RÈGLE DE CUISSON DE LA BASE

Boulgour : 1 mesurette ThermoChef de boulgour cru, environ 103 grammes, avec 1 mesurette et demie d’eau, 240 millilitres, environ 240 grammes. Menu Pâtes 5 à 6 minutes.","Rincez rapidement le boulgour si votre paquet le conseille.
Mesurez le boulgour et l’eau.
Émincez les endives et coupez la pomme en petits dés.
Concassez les noix et gardez-les pour la finition.

MISE EN PLACE DANS LA CUVE

Mettez le boulgour cru et l’eau dans la cuve. Ajoutez les endives, la pomme et la crème. Mélangez. Gardez les noix pour la fin.
Vérifiez que rien ne dépasse trop haut dans la cuve.
Vérifiez aussi qu’aucun morceau d’aliment ne risque de bloquer le petit piston de sécurité sous le couvercle.

PROGRAMMATION THERMOCHEF

Fermez le couvercle.
Sélectionnez le menu Pâtes.
Choisissez 5 à 6 minutes.
Appuyez sur Cuisiner.
Laissez le programme aller jusqu’à la fin.
Attendez que la sécurité autorise l’ouverture.
N’essayez jamais de forcer le couvercle.
Ouvrez avec prudence.

FINITION

À la fin du programme, attendez que la sécurité autorise l’ouverture. Ouvrez avec prudence. Ajoutez les noix et l’herbe choisie. Mélangez doucement.

SERVICE

Servez chaud. La pomme adoucit l’endive et les noix apportent du croquant.

POINT DE CONTRÔLE AVANT SERVICE

Le boulgour doit être tendre sous la dent.
Il ne doit pas rester sec au fond de la cuve.
La garniture doit être tendre.
La préparation doit rester moelleuse.
Si elle paraît trop sèche, ajoutez 1 cuillère à soupe d’eau chaude, environ 15 millilitres, soit 15 grammes, puis mélangez doucement.
Goûtez toujours avant d’ajouter du sel.

RÉSUMÉ SIMPLE

On mesure le boulgour cru.
On ajoute l’eau indiquée.
On ajoute la garniture.
On vérifie le petit piston de sécurité si le menu ferme la cuve.
On lance le menu ThermoChef adapté.
On ne règle pas de puissance sur Riz, Pâtes, Soupe ou Légumes secs.
On ouvre avec prudence.
On vérifie que le boulgour est tendre.
On ajuste seulement à la fin.
Le plat est prêt à être servi chaud."
Boulgour cru haricots verts tomates cerises maïs et basilic façon ThermoChef,https://30minutesparjour.com/recettes-audio/fr/boulgour%20excellence/boulgour%20cru%20haricots%20verts%20tomates%20cerises%20mais%20et%20basilic%20facon%20ThermoChef.mp3,Boulgour excellence,"1 mesurette ThermoChef de boulgour cru, environ 103 grammes.
1 mesurette et demie ThermoChef d’eau, 240 millilitres, environ 240 grammes.
180 grammes de haricots verts fins coupés en deux.
140 grammes de tomates cerises coupées en deux.
100 grammes de maïs en conserve, égoutté.
1 cuillère à soupe de crème liquide ou végétale, environ 15 grammes.
basilic ou persil, sel à ajuster à la fin.",298,"Aujourd’hui, nous préparons boulgour cru haricots verts tomates cerises maïs et basilic façon ThermoChef.

Cette recette est prévue pour 2 personnes.

RÈGLE IMPORTANTE POUR LE BOULGOUR

Le boulgour doit être utilisé cru.
Rincez-le rapidement si votre paquet le conseille.
Il ne faut pas partir d’un boulgour cuit à l’avance.
Le boulgour cuit directement dans le ThermoChef avec l’eau indiquée.
Pour le boulgour seul, la base est 1 mesurette ThermoChef de boulgour cru, environ 103 grammes, avec 1 mesurette et demie d’eau, 240 millilitres, environ 240 grammes.
Le menu de référence est Pâtes, 5 à 6 minutes.
Quand le boulgour est mélangé à une base plus longue, comme l’orge perlée, le riz noir ou les pois cassés, on choisit le menu adapté à la base la plus longue.
Sur les menus Riz, Pâtes, Soupe et Légumes secs, on ne règle pas de puissance.

RÈGLE DE CUISSON DE LA BASE

Boulgour : 1 mesurette ThermoChef de boulgour cru, environ 103 grammes, avec 1 mesurette et demie d’eau, 240 millilitres, environ 240 grammes. Menu Pâtes 5 à 6 minutes.","Rincez rapidement le boulgour si nécessaire.
Mesurez le boulgour et l’eau.
Coupez les haricots verts et les tomates cerises.
Égouttez le maïs.

MISE EN PLACE DANS LA CUVE

Mettez le boulgour cru et l’eau dans la cuve. Ajoutez les haricots verts, les tomates cerises, le maïs et la crème. Mélangez. Le maïs en conserve sera simplement réchauffé.
Vérifiez que rien ne dépasse trop haut dans la cuve.
Vérifiez aussi qu’aucun morceau d’aliment ne risque de bloquer le petit piston de sécurité sous le couvercle.

PROGRAMMATION THERMOCHEF

Fermez le couvercle.
Sélectionnez le menu Pâtes.
Choisissez 5 à 6 minutes.
Appuyez sur Cuisiner.
Laissez le programme aller jusqu’à la fin.
Attendez que la sécurité autorise l’ouverture.
N’essayez jamais de forcer le couvercle.
Ouvrez avec prudence.

FINITION

À la fin du programme, attendez que la sécurité autorise l’ouverture. Ouvrez avec prudence. Ajoutez le basilic ou le persil. Mélangez doucement.

SERVICE

Servez chaud. Les tomates cerises apportent du jus et le maïs adoucit l’ensemble.

POINT DE CONTRÔLE AVANT SERVICE

Le boulgour doit être tendre sous la dent.
Il ne doit pas rester sec au fond de la cuve.
La garniture doit être tendre.
La préparation doit rester moelleuse.
Si elle paraît trop sèche, ajoutez 1 cuillère à soupe d’eau chaude, environ 15 millilitres, soit 15 grammes, puis mélangez doucement.
Goûtez toujours avant d’ajouter du sel.

RÉSUMÉ SIMPLE

On mesure le boulgour cru.
On ajoute l’eau indiquée.
On ajoute la garniture.
On vérifie le petit piston de sécurité si le menu ferme la cuve.
On lance le menu ThermoChef adapté.
On ne règle pas de puissance sur Riz, Pâtes, Soupe ou Légumes secs.
On ouvre avec prudence.
On vérifie que le boulgour est tendre.
On ajuste seulement à la fin.
Le plat est prêt à être servi chaud."
Boulgour cru lentilles corail carotte épinards et curry doux façon ThermoChef,https://30minutesparjour.com/recettes-audio/fr/boulgour%20excellence/boulgour%20cru%2C%20lentilles%20corail%2C%20carotte%2C%20epinards%20et%20curry%20doux%20facon%20ThermoChef.mp3,Boulgour excellence,"Une demi-mesurette ThermoChef de boulgour cru, environ 52 grammes.
Une demi-mesurette ThermoChef de lentilles corail, environ 60 grammes.
1 mesurette et demie ThermoChef d’eau, 240 millilitres, environ 240 grammes.
1 carotte, environ 100 grammes, râpée.
160 grammes d’épinards frais ou surgelés bien égouttés.
2 cuillères à soupe de crème de coco ou de crème liquide, environ 30 grammes, ajoutée en finition.
1 petite pincée de curry doux.
Coriandre ou persil.
Sel à ajuster seulement à la fin si nécessaire.",299,"Aujourd’hui, nous préparons boulgour cru, lentilles corail, carotte, épinards et curry doux façon ThermoChef.

Cette recette est prévue pour 2 personnes.

RÈGLE IMPORTANTE POUR LE BOULGOUR ET LES LENTILLES CORAIL

Le boulgour doit être utilisé sec au départ.
Les lentilles corail doivent être utilisées sèches au départ.
Il ne faut pas partir d’un boulgour cuit à l’avance.
Il ne faut pas partir de lentilles corail cuites à l’avance.
Les lentilles corail ne tiennent pas comme des lentilles vertes ou blondes.
Elles deviennent naturellement fondantes, presque façon purée légère.
Après test réel, l’eau doit rester limitée.
Pour cette base mixte, utilisez 1 mesurette et demie d’eau, soit 240 millilitres, environ 240 grammes.
N’utilisez pas 2 mesurettes d’eau, car le résultat serait trop humide.
Sur le menu Pâtes, on ne règle pas de puissance.

RÈGLE DE CUISSON DE LA BASE

Base boulgour et lentilles corail : une demi-mesurette ThermoChef de boulgour cru, environ 52 grammes, et une demi-mesurette ThermoChef de lentilles corail, environ 60 grammes. Ajoutez 1 mesurette et demie d’eau, soit 240 millilitres, environ 240 grammes. Utilisez le menu Pâtes, mode 5, environ 14 à 16 minutes.","Rincez rapidement le boulgour si votre paquet le conseille.
Rincez les lentilles corail.
Égouttez-les bien.
Râpez la carotte.
Préparez les épinards.
Gardez la crème et les herbes pour la finition.

MISE EN PLACE DANS LA CUVE

Mettez le boulgour cru dans la cuve.
Ajoutez les lentilles corail.
Ajoutez l’eau.
Ajoutez la carotte, les épinards et le curry doux.
Mélangez pour répartir l’eau.
Ne salez pas au départ.
Vérifiez que le petit piston de sécurité reste libre.

PROGRAMMATION THERMOCHEF

Fermez le couvercle.
Sélectionnez le menu Pâtes.
Choisissez mode 5, environ 14 à 16 minutes.
Appuyez sur Cuisiner.
Laissez le programme aller jusqu’à la fin.
Attendez que la sécurité autorise l’ouverture.
N’essayez jamais de forcer le couvercle.
Ouvrez avec prudence.

FINITION

Les lentilles corail doivent être fondantes.
Le boulgour doit être tendre.
Ajoutez la crème.
Ajoutez la coriandre ou le persil.
Mélangez doucement.
Goûtez avant d’ajouter du sel.

SERVICE

Servez chaud.
La texture doit être liée et fondante.
C’est normal que les lentilles corail ne restent pas entières.

POINT DE CONTRÔLE AVANT SERVICE

La préparation ne doit pas être noyée.
Les lentilles corail doivent être fondantes.
Le boulgour doit rester présent sous la dent.
Si la préparation paraît trop sèche, ajoutez 1 cuillère à soupe d’eau chaude, environ 15 millilitres, soit 15 grammes, puis mélangez doucement.

RÉSUMÉ SIMPLE

On met une demi-mesurette de boulgour.
On met une demi-mesurette de lentilles corail.
On ajoute 1 mesurette et demie d’eau, 240 millilitres.
On ajoute carotte, épinards et curry.
On lance menu Pâtes, mode 5, environ 14 à 16 minutes.
On ajoute la crème et les herbes à la fin.
Le plat est prêt."
Boulgour cru artichauts asperges crème citronnée et aneth façon ThermoChef,https://30minutesparjour.com/recettes-audio/fr/boulgour%20excellence/boulgour%20cru%2C%20artichauts%2C%20asperges%2C%20creme%20citronnee%20et%20aneth%20facon%20ThermoChef.mp3,Boulgour excellence,"1 mesurette ThermoChef de boulgour cru, environ 103 grammes.
1 mesurette et demie ThermoChef d’eau, 240 millilitres, environ 240 grammes.
140 grammes de fonds d’artichauts coupés en morceaux.
120 grammes d’asperges vertes coupées en petits tronçons.
2 cuillères à soupe de crème liquide ou végétale, environ 30 grammes, ajoutée en finition.
Quelques gouttes de citron.
Aneth ou persil.
Sel à ajuster seulement à la fin si nécessaire.",300,"Aujourd’hui, nous préparons boulgour cru, artichauts, asperges, crème citronnée et aneth façon ThermoChef.

Cette recette est prévue pour 2 personnes.

RÈGLE IMPORTANTE POUR LE BOULGOUR

Le boulgour doit être utilisé sec au départ.
Il ne faut pas partir d’un boulgour cuit à l’avance.
Le boulgour cuit directement dans le ThermoChef avec l’eau indiquée.
La base de référence est 1 mesurette ThermoChef de boulgour cru, environ 103 grammes.
L’eau de référence est 1 mesurette et demie ThermoChef, soit 240 millilitres, environ 240 grammes.
Le menu de référence est Pâtes, 5 à 6 minutes.
Sur le menu Pâtes, on ne règle pas de puissance.
Cette version remplace l’ancienne recette avec orge perlée, car l’orge demande une cuisson plus longue et rendait le boulgour secondaire.

RÈGLE DE CUISSON DE LA BASE

Boulgour cru : 1 mesurette ThermoChef, environ 103 grammes, avec 1 mesurette et demie d’eau, 240 millilitres, environ 240 grammes. Utilisez le menu Pâtes, 5 à 6 minutes.","Rincez rapidement le boulgour si votre paquet le conseille.
Coupez les fonds d’artichauts en morceaux.
Coupez les asperges en petits tronçons.
Préparez l’eau avec précision.
Gardez la crème, le citron et les herbes pour la finition.

MISE EN PLACE DANS LA CUVE

Mettez le boulgour cru dans la cuve.
Ajoutez l’eau.
Ajoutez les artichauts et les asperges.
Mélangez pour répartir l’eau.
Ne salez pas au départ.
Vérifiez que le petit piston de sécurité reste libre.

PROGRAMMATION THERMOCHEF

Fermez le couvercle.
Sélectionnez le menu Pâtes.
Réglez le temps sur 5 à 6 minutes.
Appuyez sur Cuisiner.
Laissez le programme aller jusqu’à la fin.
Attendez que la sécurité autorise l’ouverture.
N’essayez jamais de forcer le couvercle.
Ouvrez avec prudence.

FINITION

Le boulgour doit être tendre sous la dent.
Les asperges doivent rester agréables et non écrasées.
Ajoutez la crème.
Ajoutez le citron et l’aneth.
Mélangez doucement.
Goûtez avant d’ajouter du sel.

SERVICE

Servez chaud ou tiède.
La crème citronnée doit enrober le boulgour sans le noyer.
Les artichauts apportent du fondant et les asperges une note végétale.

POINT DE CONTRÔLE AVANT SERVICE

Le boulgour doit être tendre.
La préparation ne doit pas être compacte.
La préparation ne doit pas être noyée.
Si elle paraît trop sèche, ajoutez 1 cuillère à soupe d’eau chaude, environ 15 millilitres, soit 15 grammes, puis mélangez doucement.

RÉSUMÉ SIMPLE

On met 1 mesurette de boulgour cru.
On ajoute 1 mesurette et demie d’eau, 240 millilitres.
On ajoute artichauts et asperges.
On lance menu Pâtes, 5 à 6 minutes.
On ouvre avec prudence.
On ajoute crème, citron et aneth.
Le plat est prêt."
Boulgour cru gnocchis chou romanesco tomates cerises et roquette façon ThermoChef,https://30minutesparjour.com/recettes-audio/fr/boulgour%20excellence/boulgour%20cru%20gnocchis%20chou%20romanesco%20tomates%20cerises%20et%20roquette%20facon%20ThermoChef.mp3,Boulgour excellence,"une demi-mesurette ThermoChef de boulgour cru, environ 52 grammes.
120 millilitres d’eau, environ 120 grammes.
200 grammes de gnocchis frais à poêler.
160 grammes de chou romanesco en très petits bouquets.
120 grammes de tomates cerises coupées en deux.
30 grammes de roquette ajoutée à la fin.
2 cuillères à soupe de crème liquide ou végétale, environ 30 grammes.",301,"Aujourd’hui, nous préparons boulgour cru gnocchis chou romanesco tomates cerises et roquette façon ThermoChef.

Cette recette est prévue pour 2 personnes.

RÈGLE IMPORTANTE POUR LE BOULGOUR

Le boulgour doit être utilisé cru.
Rincez-le rapidement si votre paquet le conseille.
Il ne faut pas partir d’un boulgour cuit à l’avance.
Le boulgour cuit directement dans le ThermoChef avec l’eau indiquée.
Pour le boulgour seul, la base est 1 mesurette ThermoChef de boulgour cru, environ 103 grammes, avec 1 mesurette et demie d’eau, 240 millilitres, environ 240 grammes.
Le menu de référence est Pâtes, 5 à 6 minutes.
Quand le boulgour est mélangé à une base plus longue, comme l’orge perlée, le riz noir ou les pois cassés, on choisit le menu adapté à la base la plus longue.
Sur les menus Riz, Pâtes, Soupe et Légumes secs, on ne règle pas de puissance.

RÈGLE DE CUISSON DE LA BASE

Boulgour avec gnocchis : une demi-mesurette ThermoChef de boulgour cru, environ 52 grammes, avec 120 millilitres d’eau, environ 120 grammes. Ajouter 200 grammes de gnocchis frais à poêler pour une base mixte. Cuisson Thermogrill 12 minutes, puissance 2.","Rincez rapidement le boulgour si nécessaire.
Mesurez le boulgour et l’eau.
Préparez les gnocchis.
Coupez le chou romanesco et les tomates cerises.

MISE EN PLACE DANS LA CUVE

Mettez le boulgour cru, l’eau, les gnocchis, le chou romanesco, les tomates cerises et la crème dans la cuve. Mélangez. Le boulgour cuit dans le ThermoChef avec les gnocchis.

PROGRAMMATION THERMOCHEF

Fermez le couvercle.
Sélectionnez le menu Thermogrill.
Réglez le minuteur sur 12 minutes.
Appuyez sur Cuisiner.
Réglez la puissance sur 2.
Laissez le programme aller jusqu’à la fin.
Ouvrez avec prudence.

FINITION

À la fin, ouvrez avec prudence. Le boulgour doit être tendre et les gnocchis moelleux. Ajoutez la roquette et mélangez doucement avec la chaleur du plat.

SERVICE

Servez chaud. La roquette tombe légèrement et garde une note fraîche.

POINT DE CONTRÔLE AVANT SERVICE

Le boulgour doit être tendre sous la dent.
Il ne doit pas rester sec au fond de la cuve.
La garniture doit être tendre.
La préparation doit rester moelleuse.
Si elle paraît trop sèche, ajoutez 1 cuillère à soupe d’eau chaude, environ 15 millilitres, soit 15 grammes, puis mélangez doucement.
Goûtez toujours avant d’ajouter du sel.

RÉSUMÉ SIMPLE

On mesure le boulgour cru.
On ajoute l’eau indiquée.
On ajoute la garniture.
On vérifie le petit piston de sécurité si le menu ferme la cuve.
On lance le menu ThermoChef adapté.
On ne règle pas de puissance sur Riz, Pâtes, Soupe ou Légumes secs.
On ouvre avec prudence.
On vérifie que le boulgour est tendre.
On ajuste seulement à la fin.
Le plat est prêt à être servi chaud."
Boulgour cru chou-rave fèves crème citronnée et ciboulette façon ThermoChef,https://30minutesparjour.com/recettes-audio/fr/boulgour%20excellence/boulgour%20cru%2C%20chou-rave%2C%20feves%2C%20creme%20citronnee%20et%20ciboulette%20facon%20ThermoChef.mp3,Boulgour excellence,"1 mesurette ThermoChef de boulgour cru, environ 103 grammes.
1 mesurette et demie ThermoChef d’eau, 240 millilitres, environ 240 grammes.
180 grammes de chou-rave râpé ou coupé en très petits dés.
140 grammes de fèves pelées.
2 cuillères à soupe de crème liquide ou végétale, environ 30 grammes, ajoutée en finition.
Quelques gouttes de citron.
Ciboulette ou persil.
Sel à ajuster seulement à la fin si nécessaire.",302,"Aujourd’hui, nous préparons boulgour cru, chou-rave, fèves, crème citronnée et ciboulette façon ThermoChef.

Cette recette est prévue pour 2 personnes.

RÈGLE IMPORTANTE POUR LE BOULGOUR

Le boulgour doit être utilisé sec au départ.
Il ne faut pas partir d’un boulgour cuit à l’avance.
Le boulgour cuit directement dans le ThermoChef avec l’eau indiquée.
La base de référence est 1 mesurette ThermoChef de boulgour cru, environ 103 grammes.
L’eau de référence est 1 mesurette et demie ThermoChef, soit 240 millilitres, environ 240 grammes.
Le menu de référence est Pâtes, 5 à 6 minutes.
Sur le menu Pâtes, on ne règle pas de puissance.
Cette version remplace l’ancienne recette avec riz noir, car le riz noir demande une cuisson longue et ne convient pas à une vraie recette boulgour rapide.

RÈGLE DE CUISSON DE LA BASE

Boulgour cru : 1 mesurette ThermoChef, environ 103 grammes, avec 1 mesurette et demie d’eau, 240 millilitres, environ 240 grammes. Utilisez le menu Pâtes, 5 à 6 minutes.","Rincez rapidement le boulgour si votre paquet le conseille.
Préparez le chou-rave.
Préparez les fèves.
Mesurez l’eau avec précision.
Gardez la crème, le citron et les herbes pour la finition.

MISE EN PLACE DANS LA CUVE

Mettez le boulgour cru dans la cuve.
Ajoutez l’eau.
Ajoutez le chou-rave et les fèves.
Mélangez pour répartir l’eau.
Ne salez pas au départ.
Vérifiez que le petit piston de sécurité reste libre.

PROGRAMMATION THERMOCHEF

Fermez le couvercle.
Sélectionnez le menu Pâtes.
Réglez le temps sur 5 à 6 minutes.
Appuyez sur Cuisiner.
Laissez le programme aller jusqu’à la fin.
Attendez que la sécurité autorise l’ouverture.
N’essayez jamais de forcer le couvercle.
Ouvrez avec prudence.

FINITION

Le boulgour doit être tendre sous la dent.
Ajoutez la crème.
Ajoutez le citron et la ciboulette.
Mélangez doucement.
Goûtez avant d’ajouter du sel.

SERVICE

Servez chaud ou tiède.
Le chou-rave donne une texture douce.
Les fèves apportent une note verte et plus ronde.

POINT DE CONTRÔLE AVANT SERVICE

Le boulgour doit être tendre.
Les fèves doivent être chaudes.
La préparation ne doit pas être noyée.
Si elle paraît trop sèche, ajoutez 1 cuillère à soupe d’eau chaude, environ 15 millilitres, soit 15 grammes, puis mélangez doucement.

RÉSUMÉ SIMPLE

On met 1 mesurette de boulgour cru.
On ajoute 1 mesurette et demie d’eau, 240 millilitres.
On ajoute chou-rave et fèves.
On lance menu Pâtes, 5 à 6 minutes.
On ouvre avec prudence.
On ajoute crème, citron et ciboulette.
Le plat est prêt."
Boulgour cru polenta crémeuse maïs haricots plats et estragon façon ThermoChef,https://30minutesparjour.com/recettes-audio/fr/boulgour%20excellence/boulgour%20cru%20polenta%20cremeuse%20mais%20haricots%20plats%20et%20estragon%20facon%20ThermoChef.mp3,Boulgour excellence,"une demi-mesurette ThermoChef de boulgour cru, environ 52 grammes.
45 grammes de polenta instantanée.
200 millilitres d’eau, environ 200 grammes.
100 grammes de maïs en conserve, égoutté.
160 grammes de haricots plats coupés en petits tronçons.
1 cuillère à soupe de crème liquide ou végétale, environ 15 grammes.
estragon ou persil, sel à ajuster à la fin.",303,"Aujourd’hui, nous préparons boulgour cru polenta crémeuse maïs haricots plats et estragon façon ThermoChef.

Cette recette est prévue pour 2 personnes.

RÈGLE IMPORTANTE POUR LE BOULGOUR

Le boulgour doit être utilisé cru.
Rincez-le rapidement si votre paquet le conseille.
Il ne faut pas partir d’un boulgour cuit à l’avance.
Le boulgour cuit directement dans le ThermoChef avec l’eau indiquée.
Pour le boulgour seul, la base est 1 mesurette ThermoChef de boulgour cru, environ 103 grammes, avec 1 mesurette et demie d’eau, 240 millilitres, environ 240 grammes.
Le menu de référence est Pâtes, 5 à 6 minutes.
Quand le boulgour est mélangé à une base plus longue, comme l’orge perlée, le riz noir ou les pois cassés, on choisit le menu adapté à la base la plus longue.
Sur les menus Riz, Pâtes, Soupe et Légumes secs, on ne règle pas de puissance.

RÈGLE DE CUISSON DE LA BASE

Base boulgour et polenta : une demi-mesurette ThermoChef de boulgour cru, environ 52 grammes, avec 200 millilitres d’eau, environ 200 grammes, et 45 grammes de polenta instantanée. Mélanger très soigneusement pour éviter les paquets secs. Cuisson Thermogrill 12 minutes, puissance 2.","Rincez rapidement le boulgour si nécessaire.
Pesez la polenta et mesurez l’eau.
Égouttez le maïs.
Coupez les haricots plats.

MISE EN PLACE DANS LA CUVE

Mettez l’eau, le boulgour cru, la polenta, le maïs, les haricots plats et la crème dans la cuve. Mélangez très soigneusement pour éviter les paquets secs. Le boulgour et la polenta cuisent ensemble dans le ThermoChef.

PROGRAMMATION THERMOCHEF

Fermez le couvercle.
Sélectionnez le menu Thermogrill.
Réglez le minuteur sur 12 minutes.
Appuyez sur Cuisiner.
Réglez la puissance sur 2.
Laissez le programme aller jusqu’à la fin.
Ouvrez avec prudence.

FINITION

À la fin, ouvrez avec prudence. La texture doit être crémeuse et les grains de boulgour tendres. Ajoutez l’estragon ou le persil.

SERVICE

Servez chaud. Cette version donne une base très moelleuse.

POINT DE CONTRÔLE AVANT SERVICE

Le boulgour doit être tendre sous la dent.
Il ne doit pas rester sec au fond de la cuve.
La garniture doit être tendre.
La préparation doit rester moelleuse.
Si elle paraît trop sèche, ajoutez 1 cuillère à soupe d’eau chaude, environ 15 millilitres, soit 15 grammes, puis mélangez doucement.
Goûtez toujours avant d’ajouter du sel.

RÉSUMÉ SIMPLE

On mesure le boulgour cru.
On ajoute l’eau indiquée.
On ajoute la garniture.
On vérifie le petit piston de sécurité si le menu ferme la cuve.
On lance le menu ThermoChef adapté.
On ne règle pas de puissance sur Riz, Pâtes, Soupe ou Légumes secs.
On ouvre avec prudence.
On vérifie que le boulgour est tendre.
On ajuste seulement à la fin.
Le plat est prêt à être servi chaud."
Boulgour cru endives orange crème douce et ciboulette façon ThermoChef,https://30minutesparjour.com/recettes-audio/fr/boulgour%20excellence/boulgour%20cru%2C%20endives%2C%20orange%2C%20creme%20douce%20et%20ciboulette%20facon%20ThermoChef.mp3,Boulgour excellence,"1 mesurette ThermoChef de boulgour cru, environ 103 grammes.
1 mesurette et demie ThermoChef d’eau, 240 millilitres, environ 240 grammes.
2 endives émincées finement.
80 grammes d’orange coupée en petits morceaux, ajoutée en finition.
2 cuillères à soupe de crème liquide ou végétale, environ 30 grammes.
Ciboulette ou persil.
Poivre à ajuster à la fin.
Sel à ajuster seulement à la fin si nécessaire.",304,"Aujourd’hui, nous préparons boulgour cru, endives, orange, crème douce et ciboulette façon ThermoChef.

Cette recette est prévue pour 2 personnes.

RÈGLE IMPORTANTE POUR LE BOULGOUR

Le boulgour doit être utilisé sec au départ.
Il ne faut pas partir d’un boulgour cuit à l’avance.
Le boulgour cuit directement dans le ThermoChef avec l’eau indiquée.
La base de référence est 1 mesurette ThermoChef de boulgour cru, environ 103 grammes.
L’eau de référence est 1 mesurette et demie ThermoChef, soit 240 millilitres, environ 240 grammes.
Le menu de référence est Pâtes, 5 à 6 minutes.
Sur le menu Pâtes, on ne règle pas de puissance.
Cette version remplace l’ancienne recette avec pois cassés, car les pois cassés demandent une règle d’eau différente et ne conviennent pas à une recette boulgour rapide.

RÈGLE DE CUISSON DE LA BASE

Boulgour cru : 1 mesurette ThermoChef, environ 103 grammes, avec 1 mesurette et demie d’eau, 240 millilitres, environ 240 grammes. Utilisez le menu Pâtes, 5 à 6 minutes.","Rincez rapidement le boulgour si votre paquet le conseille.
Émincez les endives finement.
Préparez l’eau avec précision.
Gardez l’orange et les herbes pour la finition.

MISE EN PLACE DANS LA CUVE

Mettez le boulgour cru dans la cuve.
Ajoutez l’eau.
Ajoutez les endives.
Ajoutez la crème.
Mélangez pour répartir l’eau.
Ne salez pas au départ.
Vérifiez que le petit piston de sécurité reste libre.

PROGRAMMATION THERMOCHEF

Fermez le couvercle.
Sélectionnez le menu Pâtes.
Réglez le temps sur 5 à 6 minutes.
Appuyez sur Cuisiner.
Laissez le programme aller jusqu’à la fin.
Attendez que la sécurité autorise l’ouverture.
N’essayez jamais de forcer le couvercle.
Ouvrez avec prudence.

FINITION

Le boulgour doit être tendre sous la dent.
Les endives doivent être souples.
Ajoutez l’orange et les herbes.
Mélangez doucement.
Goûtez avant d’ajouter du sel ou du poivre.

SERVICE

Servez chaud ou tiède.
L’orange apporte une finition fraîche.
La crème adoucit l’amertume des endives.

POINT DE CONTRÔLE AVANT SERVICE

Le boulgour doit être tendre.
La préparation ne doit pas être noyée.
Les endives doivent rester présentes.
Si la préparation paraît trop sèche, ajoutez 1 cuillère à soupe d’eau chaude, environ 15 millilitres, soit 15 grammes, puis mélangez doucement.

RÉSUMÉ SIMPLE

On met 1 mesurette de boulgour cru.
On ajoute 1 mesurette et demie d’eau, 240 millilitres.
On ajoute les endives et la crème.
On lance menu Pâtes, 5 à 6 minutes.
On ouvre avec prudence.
On ajoute l’orange et les herbes à la fin.
Le plat est prêt."
Crevettes congelées riz coco curry doux et petits pois façon ThermoChef,https://30minutesparjour.com/recettes-audio/fr/crevettes%20congelees/crevettes%20congelees%20riz%20coco%20curry%20doux%20et%20petits%20pois%20facon%20ThermoChef.mp3,Crevettes congelées,"250 grammes de crevettes congelées décortiquées.
1 mesurette ThermoChef de riz cru, environ 150 grammes.
1 mesurette et demie ThermoChef d’eau, 240 millilitres, environ 240 grammes.
120 grammes de petits pois.
3 cuillères à soupe de crème de coco, environ 45 grammes.
1 petite pincée de curry doux.
Coriandre ou persil.
Sel et poivre à ajuster à la fin.",305,"Aujourd’hui, nous préparons crevettes congelées riz coco curry doux et petits pois façon ThermoChef.

Cette recette est prévue pour 2 personnes.

RÈGLE IMPORTANTE POUR LES CREVETTES CONGELÉES

Les crevettes congelées sont délicates.
Si elles portent du givre, rincez-les rapidement sous l’eau froide, puis égouttez-les bien.
Gardez-les à part pendant la cuisson de la base.
Ne les mettez pas dans une cuisson longue.
Si les crevettes étaient crues au départ, elles doivent devenir roses, opaques et fermes.
Si les crevettes étaient vendues cuites, elles doivent seulement être chaudes à cœur.
Ne les mélangez jamais fortement pour ne pas les casser.

RÈGLE DE CUISSON DE LA BASE

Le riz est utilisé cru.
Il cuit directement dans le ThermoChef avec l’eau indiquée.
Utilisez 1 mesurette ThermoChef de riz, environ 150 grammes.
Ajoutez 1 mesurette et demie d’eau, soit 240 millilitres, environ 240 grammes.
Le menu utilisé est Riz mode 3, environ 13 à 14 minutes.
Sur le menu Riz, on ne règle pas de puissance.
Dans cette version, les crevettes sont cuites à part après le riz, afin de ne pas relancer un programme sur le riz terminé.","Rincez les crevettes si elles portent du givre, puis égouttez-les bien.
Mesurez le riz et l’eau.
Préparez les petits pois, la crème de coco et le curry.
Gardez les crevettes à part au froid.

CUISSON DU RIZ

Mettez le riz cru dans la cuve.
Ajoutez l’eau.
Ajoutez les petits pois, la crème de coco et le curry.
Mélangez.
Fermez le couvercle.
Sélectionnez le menu Riz.
Choisissez mode 3, environ 13 à 14 minutes.
Appuyez sur Cuisiner.
Laissez le programme aller jusqu’à la fin.
Attendez que la sécurité autorise l’ouverture.
Ouvrez avec prudence.
Aérez le riz avec une spatule souple.

CUISSON DES CREVETTES

Quand la base est prête, versez-la dans un plat de service et gardez-la au chaud.
Mettez 2 cuillères à soupe d’eau ou de crème de coco, environ 30 millilitres, soit 30 grammes dans la cuve.
Ajoutez les crevettes congelées égouttées.
Fermez le couvercle.
Sélectionnez le menu Ragoût.
Réglez le temps sur 5 minutes.
Appuyez sur Cuisiner.
Quand l’appareil le permet, réglez la puissance sur 2.
Laissez le programme aller jusqu’à la fin.
Attendez que la sécurité autorise l’ouverture.
N’essayez jamais de forcer le couvercle.
Ouvrez avec prudence.

FINITION

Les crevettes doivent être chaudes à cœur.
Si elles étaient crues au départ, elles doivent être roses, opaques et fermes.
Ajoutez les crevettes sur la base.
Mélangez doucement, sans les écraser.
Goûtez avant d’ajouter du sel ou du poivre.

SERVICE

Servez chaud.
Le riz coco reste moelleux.
Les crevettes restent posées sur la base et ne sont pas surcuites.

POINT DE CONTRÔLE AVANT SERVICE

Les crevettes doivent être chaudes à cœur.
Si elles étaient crues au départ, elles doivent être roses, opaques et fermes.
La base doit être cuite sans être écrasée.
La préparation ne doit pas être noyée.
Si la base paraît trop sèche, ajoutez 1 cuillère à soupe d’eau chaude, environ 15 millilitres, soit 15 grammes, puis mélangez doucement la base avant d’ajouter les crevettes.

RÉSUMÉ SIMPLE

On cuit le riz coco au menu Riz mode 3.
On verse le riz dans un plat.
On cuit les crevettes à part au menu Ragoût, 5 minutes, puissance 2 si l’appareil le permet.
On ajoute les crevettes sur le riz.
On mélange doucement.
Le plat est prêt."
Crevettes congelées pâtes courtes tomate courgette et basilic façon ThermoChef,https://30minutesparjour.com/recettes-audio/fr/crevettes%20congelees/crevettes%20congelees%20pates%20courtes%20tomate%20courgette%20et%20basilic%20facon%20ThermoChef.mp3,Crevettes congelées,"250 grammes de crevettes congelées décortiquées.
2 mugs de pâtes courtes, environ 180 à 200 grammes.
2 mesurettes ThermoChef d’eau, 320 millilitres, environ 320 grammes.
2 tomates moyennes, environ 240 grammes, coupées en petits dés.
1 courgette, environ 180 grammes, coupée en petits dés.
1 cuillère à soupe de crème liquide ou végétale, environ 15 grammes.
Basilic ou persil.
Sel et poivre à ajuster à la fin.",306,"Aujourd’hui, nous préparons crevettes congelées pâtes courtes tomate courgette et basilic façon ThermoChef.

Cette recette est prévue pour 2 personnes.

RÈGLE IMPORTANTE POUR LES CREVETTES CONGELÉES

Les crevettes congelées sont délicates.
Si elles portent du givre, rincez-les rapidement sous l’eau froide, puis égouttez-les bien.
Gardez-les à part pendant la cuisson de la base.
Ne les mettez pas dans une cuisson longue.
Si les crevettes étaient crues au départ, elles doivent devenir roses, opaques et fermes.
Si les crevettes étaient vendues cuites, elles doivent seulement être chaudes à cœur.
Ne les mélangez jamais fortement pour ne pas les casser.

RÈGLE DE CUISSON DE LA BASE

Les pâtes courtes sont utilisées sèches au départ.
Elles cuisent directement dans le ThermoChef avec l’eau indiquée.
Utilisez 2 mugs de pâtes courtes, environ 180 à 200 grammes.
Ajoutez 2 mesurettes ThermoChef d’eau, soit 320 millilitres, environ 320 grammes.
Choisissez le mode Pâtes adapté au temps indiqué sur le paquet.
Sur le menu Pâtes, on ne règle pas de puissance.
Dans cette version, les crevettes sont cuites à part pour éviter de relancer une cuisson sur les pâtes.","Rincez les crevettes si elles portent du givre, puis égouttez-les bien.
Préparez les pâtes et l’eau.
Coupez les tomates et la courgette.
Gardez les crevettes à part au froid.

CUISSON DES PÂTES

Mettez les pâtes sèches dans la cuve.
Ajoutez l’eau.
Ajoutez les tomates, la courgette et la crème.
Mélangez.
Fermez le couvercle.
Sélectionnez le menu Pâtes.
Choisissez le mode adapté au temps indiqué sur le paquet.
Appuyez sur Cuisiner.
Laissez le programme aller jusqu’à la fin.
Attendez que la sécurité autorise l’ouverture.
Ouvrez avec prudence.
Mélangez les pâtes.

CUISSON DES CREVETTES

Quand la base est prête, versez-la dans un plat de service et gardez-la au chaud.
Mettez 2 cuillères à soupe d’eau, environ 30 millilitres, soit 30 grammes dans la cuve.
Ajoutez les crevettes congelées égouttées.
Fermez le couvercle.
Sélectionnez le menu Ragoût.
Réglez le temps sur 5 minutes.
Appuyez sur Cuisiner.
Quand l’appareil le permet, réglez la puissance sur 2.
Laissez le programme aller jusqu’à la fin.
Attendez que la sécurité autorise l’ouverture.
N’essayez jamais de forcer le couvercle.
Ouvrez avec prudence.

FINITION

Les crevettes doivent être chaudes à cœur.
Si elles étaient crues au départ, elles doivent être roses, opaques et fermes.
Ajoutez les crevettes sur la base.
Mélangez doucement, sans les écraser.
Goûtez avant d’ajouter du sel ou du poivre.

SERVICE

Servez chaud.
Les pâtes restent moelleuses.
Les crevettes restent fermes et ne sont pas mélangées fortement.

POINT DE CONTRÔLE AVANT SERVICE

Les crevettes doivent être chaudes à cœur.
Si elles étaient crues au départ, elles doivent être roses, opaques et fermes.
La base doit être cuite sans être écrasée.
La préparation ne doit pas être noyée.
Si la base paraît trop sèche, ajoutez 1 cuillère à soupe d’eau chaude, environ 15 millilitres, soit 15 grammes, puis mélangez doucement la base avant d’ajouter les crevettes.

RÉSUMÉ SIMPLE

On cuit les pâtes au menu Pâtes.
On verse les pâtes dans un plat.
On cuit les crevettes à part au menu Ragoût, 5 minutes, puissance 2 si l’appareil le permet.
On ajoute les crevettes sur les pâtes.
On ajoute le basilic.
Le plat est prêt."
Crevettes congelées lentilles corail tomate épinards et curry façon ThermoChef,https://30minutesparjour.com/recettes-audio/fr/crevettes%20congelees/crevettes%20congelees%20lentilles%20corail%20tomate%20epinards%20et%20curry%20facon%20ThermoChef.mp3,Crevettes congelées,"250 grammes de crevettes congelées décortiquées.
1 mesurette ThermoChef de lentilles corail sèches, environ 120 grammes.
1 mesurette et demie ThermoChef d’eau, 240 millilitres, environ 240 grammes.
2 tomates moyennes, environ 240 grammes, coupées en petits dés.
160 grammes d’épinards frais ou surgelés bien égouttés.
1 petite pincée de curry doux.
2 cuillères à soupe de crème de coco ou de crème liquide, environ 30 grammes, ajoutée en finition.
Coriandre ou persil.
Sel et poivre à ajuster à la fin.",307,"Aujourd’hui, nous préparons crevettes congelées lentilles corail tomate épinards et curry façon ThermoChef.

Cette recette est prévue pour 2 personnes.

RÈGLE IMPORTANTE POUR LES CREVETTES CONGELÉES

Les crevettes congelées sont délicates.
Si elles portent du givre, rincez-les rapidement sous l’eau froide, puis égouttez-les bien.
Gardez-les à part pendant la cuisson de la base.
Ne les mettez pas dans une cuisson longue.
Si les crevettes étaient crues au départ, elles doivent devenir roses, opaques et fermes.
Si les crevettes étaient vendues cuites, elles doivent seulement être chaudes à cœur.
Ne les mélangez jamais fortement pour ne pas les casser.

RÈGLE DE CUISSON DE LA BASE

Les lentilles corail sont utilisées sèches au départ.
Elles deviennent naturellement fondantes, presque façon purée légère.
Après test réel, la bonne base est 1 mesurette ThermoChef de lentilles corail, environ 120 grammes, avec 1 mesurette et demie d’eau, soit 240 millilitres, environ 240 grammes.
N’utilisez pas 2 mesurettes d’eau dans cette recette, car le résultat serait trop humide.
Le menu utilisé est Pâtes mode 5, environ 14 à 16 minutes.
Sur le menu Pâtes, on ne règle pas de puissance.
Les crevettes sont cuites à part après la base.","Rincez les crevettes si elles portent du givre, puis égouttez-les bien.
Rincez les lentilles corail.
Mesurez l’eau.
Préparez les tomates, les épinards et le curry.
Gardez les crevettes à part au froid.

CUISSON DES LENTILLES CORAIL

Mettez les lentilles corail dans la cuve.
Ajoutez l’eau.
Ajoutez les tomates, les épinards et le curry.
Mélangez.
Fermez le couvercle.
Sélectionnez le menu Pâtes.
Choisissez mode 5, environ 14 à 16 minutes.
Appuyez sur Cuisiner.
Laissez le programme aller jusqu’à la fin.
Attendez que la sécurité autorise l’ouverture.
Ouvrez avec prudence.
Ajoutez la crème et mélangez la base.

CUISSON DES CREVETTES

Quand la base est prête, versez-la dans un plat de service et gardez-la au chaud.
Mettez 2 cuillères à soupe d’eau, environ 30 millilitres, soit 30 grammes dans la cuve.
Ajoutez les crevettes congelées égouttées.
Fermez le couvercle.
Sélectionnez le menu Ragoût.
Réglez le temps sur 5 minutes.
Appuyez sur Cuisiner.
Quand l’appareil le permet, réglez la puissance sur 2.
Laissez le programme aller jusqu’à la fin.
Attendez que la sécurité autorise l’ouverture.
N’essayez jamais de forcer le couvercle.
Ouvrez avec prudence.

FINITION

Les crevettes doivent être chaudes à cœur.
Si elles étaient crues au départ, elles doivent être roses, opaques et fermes.
Ajoutez les crevettes sur la base.
Mélangez doucement, sans les écraser.
Goûtez avant d’ajouter du sel ou du poivre.

SERVICE

Servez chaud.
Les lentilles corail doivent être fondantes.
Les crevettes doivent rester fermes.

POINT DE CONTRÔLE AVANT SERVICE

Les crevettes doivent être chaudes à cœur.
Si elles étaient crues au départ, elles doivent être roses, opaques et fermes.
La base doit être cuite sans être écrasée.
La préparation ne doit pas être noyée.
Si la base paraît trop sèche, ajoutez 1 cuillère à soupe d’eau chaude, environ 15 millilitres, soit 15 grammes, puis mélangez doucement la base avant d’ajouter les crevettes.

RÉSUMÉ SIMPLE

On cuit les lentilles corail avec 240 millilitres d’eau.
On lance menu Pâtes mode 5, environ 14 à 16 minutes.
On verse la base dans un plat.
On cuit les crevettes à part au menu Ragoût, 5 minutes.
On assemble doucement.
Le plat est prêt."
Crevettes congelées semoule courgette carotte et citron façon ThermoChef,https://30minutesparjour.com/recettes-audio/fr/crevettes%20congelees/crevettes%20congelees%20semoule%20courgette%20carotte%20et%20citron%20facon%20ThermoChef.mp3,Crevettes congelées,"250 grammes de crevettes congelées décortiquées.
100 grammes de semoule de couscous fine.
140 millilitres d’eau chaude, environ 140 grammes.
1 courgette, environ 180 grammes, coupée en petits dés.
1 carotte, environ 100 grammes, râpée.
Quelques gouttes de citron.
Persil ou coriandre.
Sel et poivre à ajuster à la fin.",308,"Aujourd’hui, nous préparons crevettes congelées semoule courgette carotte et citron façon ThermoChef.

Cette recette est prévue pour 2 personnes.

RÈGLE IMPORTANTE POUR LES CREVETTES CONGELÉES

Les crevettes congelées sont délicates.
Si elles portent du givre, rincez-les rapidement sous l’eau froide, puis égouttez-les bien.
Gardez-les à part pendant la cuisson de la base.
Ne les mettez pas dans une cuisson longue.
Si les crevettes étaient crues au départ, elles doivent devenir roses, opaques et fermes.
Si les crevettes étaient vendues cuites, elles doivent seulement être chaudes à cœur.
Ne les mélangez jamais fortement pour ne pas les casser.

RÈGLE DE CUISSON DE LA BASE

La semoule fine ne doit pas être recuite dans un second programme.
Dans cette version, les légumes et les crevettes sont cuits d’abord.
La semoule est ajoutée ensuite dans le jus chaud, hors programme, pour gonfler doucement.
Utilisez 100 grammes de semoule fine avec 140 millilitres d’eau chaude, environ 140 grammes.
Après ajout de la semoule, laissez reposer 5 minutes couvercle fermé, sans relancer de menu.","Rincez les crevettes si elles portent du givre, puis égouttez-les bien.
Pesez la semoule.
Mesurez l’eau chaude.
Préparez la courgette, la carotte, le citron et les herbes.

CUISSON DES LÉGUMES ET DES CREVETTES

Mettez la courgette et la carotte dans la cuve.
Ajoutez 2 cuillères à soupe d’eau, environ 30 millilitres, soit 30 grammes.
Posez les crevettes congelées égouttées sur le dessus.
Fermez le couvercle.
Sélectionnez le menu Ragoût.
Réglez le temps sur 5 minutes.
Appuyez sur Cuisiner.
Quand l’appareil le permet, réglez la puissance sur 2.
Laissez le programme aller jusqu’à la fin.
Ouvrez avec prudence.

FINITION DE LA SEMOULE

Retirez les crevettes et gardez-les au chaud.
Ajoutez la semoule dans la cuve avec l’eau chaude.
Mélangez la semoule avec les légumes.
Fermez le couvercle.
Laissez gonfler 5 minutes sans relancer de programme.
Aérez la semoule avec une spatule souple.
Ajoutez les crevettes, le citron et les herbes.
Mélangez doucement.
Goûtez avant d’ajouter du sel ou du poivre.

SERVICE

Servez chaud ou tiède.
La semoule doit être souple.
Les crevettes doivent rester entières.

POINT DE CONTRÔLE AVANT SERVICE

Les crevettes doivent être chaudes à cœur.
Si elles étaient crues au départ, elles doivent être roses, opaques et fermes.
La base doit être cuite sans être écrasée.
La préparation ne doit pas être noyée.
Si la base paraît trop sèche, ajoutez 1 cuillère à soupe d’eau chaude, environ 15 millilitres, soit 15 grammes, puis mélangez doucement la base avant d’ajouter les crevettes.

RÉSUMÉ SIMPLE

On cuit légumes et crevettes au menu Ragoût, 5 minutes.
On retire les crevettes.
On ajoute semoule et eau chaude.
On laisse gonfler 5 minutes sans relancer de programme.
On remet les crevettes et on ajoute citron et herbes.
Le plat est prêt."
Crevettes congelées boulgour tomate poivron et paprika façon ThermoChef,https://30minutesparjour.com/recettes-audio/fr/crevettes%20congelees/crevettes%20congelees%20boulgour%20tomate%20poivron%20et%20paprika%20facon%20ThermoChef.mp3,Crevettes congelées,"250 grammes de crevettes congelées décortiquées.
1 mesurette ThermoChef de boulgour cru, environ 103 grammes.
1 mesurette et demie ThermoChef d’eau, 240 millilitres, environ 240 grammes.
2 tomates moyennes, environ 240 grammes, coupées en petits dés.
1 poivron, environ 120 grammes, coupé en petits dés.
1 petite pincée de paprika doux.
Persil ou coriandre.
Sel et poivre à ajuster à la fin.",309,"Aujourd’hui, nous préparons crevettes congelées boulgour tomate poivron et paprika façon ThermoChef.

Cette recette est prévue pour 2 personnes.

RÈGLE IMPORTANTE POUR LES CREVETTES CONGELÉES

Les crevettes congelées sont délicates.
Si elles portent du givre, rincez-les rapidement sous l’eau froide, puis égouttez-les bien.
Gardez-les à part pendant la cuisson de la base.
Ne les mettez pas dans une cuisson longue.
Si les crevettes étaient crues au départ, elles doivent devenir roses, opaques et fermes.
Si les crevettes étaient vendues cuites, elles doivent seulement être chaudes à cœur.
Ne les mélangez jamais fortement pour ne pas les casser.

RÈGLE DE CUISSON DE LA BASE

Le boulgour est utilisé sec au départ.
Il ne faut pas partir d’un boulgour cuit à l’avance.
Utilisez 1 mesurette ThermoChef de boulgour, environ 103 grammes.
Ajoutez 1 mesurette et demie d’eau, soit 240 millilitres, environ 240 grammes.
Le menu utilisé est Pâtes, 5 à 6 minutes.
Sur le menu Pâtes, on ne règle pas de puissance.
Les crevettes sont cuites à part après le boulgour, afin de ne pas relancer une cuisson sur la base.","Rincez les crevettes si elles portent du givre, puis égouttez-les bien.
Mesurez le boulgour et l’eau.
Coupez les tomates et le poivron.
Préparez le paprika.
Gardez les crevettes à part au froid.

CUISSON DU BOULGOUR

Mettez le boulgour cru dans la cuve.
Ajoutez l’eau.
Ajoutez les tomates, le poivron et le paprika.
Mélangez.
Fermez le couvercle.
Sélectionnez le menu Pâtes.
Réglez le temps sur 5 à 6 minutes.
Appuyez sur Cuisiner.
Laissez le programme aller jusqu’à la fin.
Ouvrez avec prudence.
Mélangez le boulgour.

CUISSON DES CREVETTES

Quand la base est prête, versez-la dans un plat de service et gardez-la au chaud.
Mettez 2 cuillères à soupe d’eau, environ 30 millilitres, soit 30 grammes dans la cuve.
Ajoutez les crevettes congelées égouttées.
Fermez le couvercle.
Sélectionnez le menu Ragoût.
Réglez le temps sur 5 minutes.
Appuyez sur Cuisiner.
Quand l’appareil le permet, réglez la puissance sur 2.
Laissez le programme aller jusqu’à la fin.
Attendez que la sécurité autorise l’ouverture.
N’essayez jamais de forcer le couvercle.
Ouvrez avec prudence.

FINITION

Les crevettes doivent être chaudes à cœur.
Si elles étaient crues au départ, elles doivent être roses, opaques et fermes.
Ajoutez les crevettes sur la base.
Mélangez doucement, sans les écraser.
Goûtez avant d’ajouter du sel ou du poivre.

SERVICE

Servez chaud ou tiède.
Le boulgour doit rester tendre sous la dent.
Les crevettes doivent rester fermes.

POINT DE CONTRÔLE AVANT SERVICE

Les crevettes doivent être chaudes à cœur.
Si elles étaient crues au départ, elles doivent être roses, opaques et fermes.
La base doit être cuite sans être écrasée.
La préparation ne doit pas être noyée.
Si la base paraît trop sèche, ajoutez 1 cuillère à soupe d’eau chaude, environ 15 millilitres, soit 15 grammes, puis mélangez doucement la base avant d’ajouter les crevettes.

RÉSUMÉ SIMPLE

On cuit le boulgour au menu Pâtes, 5 à 6 minutes.
On verse le boulgour dans un plat.
On cuit les crevettes à part au menu Ragoût, 5 minutes.
On ajoute les crevettes sur le boulgour.
On mélange doucement.
Le plat est prêt."
Crevettes congelées nouilles de riz carotte courgette et citron façon ThermoChef,https://30minutesparjour.com/recettes-audio/fr/crevettes%20congelees/crevettes%20congelees%20nouilles%20de%20riz%20carotte%20courgette%20et%20citron%20facon%20ThermoChef.mp3,Crevettes congelées,"250 grammes de crevettes congelées décortiquées.
160 grammes de nouilles de riz.
1 carotte, environ 100 grammes, râpée.
1 courgette, environ 180 grammes, coupée en petits dés.
2 mesurettes ThermoChef d’eau chaude, 320 millilitres, environ 320 grammes, pour assouplir les nouilles.
Quelques gouttes de citron.
Coriandre ou persil.
Sel et poivre à ajuster à la fin.",310,"Aujourd’hui, nous préparons crevettes congelées nouilles de riz carotte courgette et citron façon ThermoChef.

Cette recette est prévue pour 2 personnes.

RÈGLE IMPORTANTE POUR LES CREVETTES CONGELÉES

Les crevettes congelées sont délicates.
Si elles portent du givre, rincez-les rapidement sous l’eau froide, puis égouttez-les bien.
Gardez-les à part pendant la cuisson de la base.
Ne les mettez pas dans une cuisson longue.
Si les crevettes étaient crues au départ, elles doivent devenir roses, opaques et fermes.
Si les crevettes étaient vendues cuites, elles doivent seulement être chaudes à cœur.
Ne les mélangez jamais fortement pour ne pas les casser.

RÈGLE DE CUISSON DE LA BASE

Les nouilles de riz sont fragiles.
Elles ne doivent pas être recuites dans un second programme.
Dans cette version, les légumes et les crevettes sont cuits d’abord.
Les nouilles de riz sont ensuite ajoutées hors programme pour s’assouplir dans le jus chaud.
Suivez le temps indiqué sur votre paquet, puis contrôlez la texture.","Rincez les crevettes si elles portent du givre, puis égouttez-les bien.
Préparez les nouilles de riz.
Râpez la carotte.
Coupez la courgette.
Préparez l’eau chaude, le citron et les herbes.

CUISSON DES LÉGUMES ET DES CREVETTES

Mettez la carotte et la courgette dans la cuve.
Ajoutez 2 cuillères à soupe d’eau, environ 30 millilitres, soit 30 grammes.
Posez les crevettes congelées égouttées sur le dessus.
Fermez le couvercle.
Sélectionnez le menu Ragoût.
Réglez le temps sur 5 minutes.
Appuyez sur Cuisiner.
Quand l’appareil le permet, réglez la puissance sur 2.
Laissez le programme aller jusqu’à la fin.
Ouvrez avec prudence.

FINITION DES NOUILLES

Retirez les crevettes et gardez-les au chaud.
Ajoutez les nouilles de riz et l’eau chaude dans la cuve.
Mélangez avec les légumes.
Fermez le couvercle.
Laissez les nouilles s’assouplir selon le temps indiqué sur le paquet, sans relancer de programme.
Égouttez si nécessaire.
Ajoutez les crevettes, le citron et les herbes.
Mélangez doucement.
Goûtez avant d’ajouter du sel ou du poivre.

SERVICE

Servez chaud ou tiède.
Les nouilles doivent rester souples.
Les crevettes doivent rester entières.

POINT DE CONTRÔLE AVANT SERVICE

Les crevettes doivent être chaudes à cœur.
Si elles étaient crues au départ, elles doivent être roses, opaques et fermes.
La base doit être cuite sans être écrasée.
La préparation ne doit pas être noyée.
Si la base paraît trop sèche, ajoutez 1 cuillère à soupe d’eau chaude, environ 15 millilitres, soit 15 grammes, puis mélangez doucement la base avant d’ajouter les crevettes.

RÉSUMÉ SIMPLE

On cuit légumes et crevettes au menu Ragoût, 5 minutes.
On retire les crevettes.
On ajoute les nouilles de riz et l’eau chaude.
On laisse assouplir sans relancer de programme.
On remet les crevettes et on ajoute citron et herbes.
Le plat est prêt."
Crevettes congelées poireaux champignons et crème citronnée façon ThermoChef,https://30minutesparjour.com/recettes-audio/fr/crevettes%20congelees/crevettes%20congelees%20poireaux%20champignons%20et%20creme%20citronnee%20facon%20ThermoChef.mp3,Crevettes congelées,"250 grammes de crevettes congelées décortiquées.
2 poireaux moyens, environ 300 grammes préparés, émincés finement.
180 grammes de champignons émincés.
3 cuillères à soupe de crème liquide ou végétale, environ 45 grammes.
2 cuillères à soupe d’eau, 30 millilitres, environ 30 grammes.
quelques gouttes de citron à la fin.
persil ou ciboulette, sel et poivre à ajuster à la fin.",311,"Aujourd’hui, nous préparons crevettes congelées poireaux champignons et crème citronnée façon ThermoChef.

Cette recette est prévue pour 2 personnes.

RÈGLE IMPORTANTE POUR LES CREVETTES CONGELÉES

Les crevettes congelées sont délicates.
Si elles portent du givre, rincez-les rapidement sous l’eau froide puis égouttez-les bien.
On ne les met pas au départ avec une base longue.
La garniture ou la base sèche cuit d’abord.
Les crevettes sont posées sur le dessus pour une cuisson douce de finition.
Si les crevettes étaient crues au départ, elles doivent devenir roses, opaques et fermes.
Si les crevettes étaient vendues cuites, elles doivent seulement être chaudes à cœur.
On évite de les mélanger fortement pour ne pas les casser.","Rincez les crevettes si elles portent du givre, puis égouttez-les.
Émincez les poireaux et rincez-les bien.
Émincez les champignons.
Préparez la crème, l’eau et le citron.

PREMIÈRE MISE EN PLACE DANS LA CUVE

Mettez les poireaux, les champignons, la crème et l’eau dans la cuve. Mélangez. Les légumes cuisent avant l’ajout des crevettes.

PREMIÈRE PROGRAMMATION THERMOCHEF

Fermez le couvercle.
Sélectionnez le menu Thermogrill.
Réglez le minuteur sur 10 minutes.
Appuyez sur Cuisiner.
Réglez la puissance sur 2.
Laissez le programme aller jusqu’à la fin.
Ouvrez avec prudence.

DEUXIÈME MISE EN PLACE

Ouvrez avec prudence. Les poireaux doivent être fondants. Posez les crevettes sur le dessus de la garniture.
Vérifiez que les crevettes ne touchent pas le petit piston de sécurité sous le couvercle.
Vérifiez que le couvercle peut se fermer sans écraser les crevettes.

DEUXIÈME PROGRAMMATION THERMOCHEF

Fermez le couvercle.
Sélectionnez le menu Ragoût.
Réglez le temps sur 5 minutes.
Appuyez sur Cuisiner.
Quand l’appareil le permet, réglez la puissance sur 2.
Laissez le programme aller jusqu’à la fin.
Attendez que la sécurité autorise l’ouverture.
N’essayez jamais de forcer le couvercle.
Ouvrez avec prudence.

FINITION

À la fin de la deuxième cuisson, ouvrez avec prudence. Les crevettes doivent être chaudes à cœur. Ajoutez le citron et l’herbe choisie.

SERVICE

Servez chaud. La crème citronnée respecte la douceur des crevettes.

POINT DE CONTRÔLE AVANT SERVICE

Les crevettes doivent être chaudes à cœur.
Si elles étaient crues au départ, elles doivent être roses, opaques et fermes.
La base sèche, quand il y en a une, doit être tendre sous la dent.
La garniture doit être tendre.
La sauce doit rester moelleuse.
Si la préparation paraît trop sèche, ajoutez 1 cuillère à soupe d’eau chaude, environ 15 millilitres, soit 15 grammes, puis mélangez seulement la garniture autour des crevettes.
Ne mélangez pas fortement les crevettes.
Goûtez toujours avant d’ajouter du sel.

RÉSUMÉ SIMPLE

On rince les crevettes si elles portent du givre.
On les égoutte bien.
On prépare la garniture ou la base sèche.
On lance la première cuisson.
On ouvre avec prudence.
On pose les crevettes sur le dessus.
On lance une cuisson douce de finition.
On vérifie que les crevettes sont chaudes à cœur.
On mélange doucement.
Le plat est prêt à être servi chaud."
Crevettes congelées pommes de terre râpées épinards crème paprika façon ThermoChef,https://30minutesparjour.com/recettes-audio/fr/crevettes%20congelees/crevettes%20congelees%20pommes%20de%20terre%20rapees%20epinards%20creme%20paprika%20facon%20ThermoChef.mp3,Crevettes congelées,"250 grammes de crevettes congelées décortiquées.
280 grammes de pommes de terre râpées.
160 grammes d’épinards frais ou surgelés bien égouttés.
3 cuillères à soupe de crème liquide ou végétale, environ 45 grammes.
2 cuillères à soupe d’eau, 30 millilitres, environ 30 grammes.
1 petite pincée de paprika doux.
persil, sel et poivre à ajuster à la fin.",312,"Aujourd’hui, nous préparons crevettes congelées pommes de terre râpées épinards crème paprika façon ThermoChef.

Cette recette est prévue pour 2 personnes.

RÈGLE IMPORTANTE POUR LES CREVETTES CONGELÉES

Les crevettes congelées sont délicates.
Si elles portent du givre, rincez-les rapidement sous l’eau froide puis égouttez-les bien.
On ne les met pas au départ avec une base longue.
La garniture ou la base sèche cuit d’abord.
Les crevettes sont posées sur le dessus pour une cuisson douce de finition.
Si les crevettes étaient crues au départ, elles doivent devenir roses, opaques et fermes.
Si les crevettes étaient vendues cuites, elles doivent seulement être chaudes à cœur.
On évite de les mélanger fortement pour ne pas les casser.","Rincez les crevettes si elles portent du givre, puis égouttez-les.
Râpez les pommes de terre.
Préparez les épinards.
Préparez la crème, l’eau et le paprika.

PREMIÈRE MISE EN PLACE DANS LA CUVE

Mettez les pommes de terre râpées, les épinards, la crème, l’eau et le paprika dans la cuve. Mélangez. Gardez les crevettes pour la finition.

PREMIÈRE PROGRAMMATION THERMOCHEF

Fermez le couvercle.
Sélectionnez le menu Thermogrill.
Réglez le minuteur sur 13 minutes.
Appuyez sur Cuisiner.
Réglez la puissance sur 3.
Laissez le programme aller jusqu’à la fin.
Ouvrez avec prudence.

DEUXIÈME MISE EN PLACE

Ouvrez avec prudence. Les pommes de terre doivent être tendres. Posez les crevettes sur le dessus.
Vérifiez que les crevettes ne touchent pas le petit piston de sécurité sous le couvercle.
Vérifiez que le couvercle peut se fermer sans écraser les crevettes.

DEUXIÈME PROGRAMMATION THERMOCHEF

Fermez le couvercle.
Sélectionnez le menu Ragoût.
Réglez le temps sur 5 minutes.
Appuyez sur Cuisiner.
Quand l’appareil le permet, réglez la puissance sur 2.
Laissez le programme aller jusqu’à la fin.
Attendez que la sécurité autorise l’ouverture.
N’essayez jamais de forcer le couvercle.
Ouvrez avec prudence.

FINITION

À la fin de la deuxième cuisson, ouvrez avec prudence. Les crevettes doivent être chaudes à cœur et la garniture moelleuse. Ajoutez le persil.

SERVICE

Servez chaud. Les pommes de terre râpées donnent une base douce et la crème paprika apporte du parfum.

POINT DE CONTRÔLE AVANT SERVICE

Les crevettes doivent être chaudes à cœur.
Si elles étaient crues au départ, elles doivent être roses, opaques et fermes.
La base sèche, quand il y en a une, doit être tendre sous la dent.
La garniture doit être tendre.
La sauce doit rester moelleuse.
Si la préparation paraît trop sèche, ajoutez 1 cuillère à soupe d’eau chaude, environ 15 millilitres, soit 15 grammes, puis mélangez seulement la garniture autour des crevettes.
Ne mélangez pas fortement les crevettes.
Goûtez toujours avant d’ajouter du sel.

RÉSUMÉ SIMPLE

On rince les crevettes si elles portent du givre.
On les égoutte bien.
On prépare la garniture ou la base sèche.
On lance la première cuisson.
On ouvre avec prudence.
On pose les crevettes sur le dessus.
On lance une cuisson douce de finition.
On vérifie que les crevettes sont chaudes à cœur.
On mélange doucement.
Le plat est prêt à être servi chaud."
Crevettes congelées chou-fleur râpé petits pois carotte et crème citronnée façon ThermoChef,https://30minutesparjour.com/recettes-audio/fr/crevettes%20congelees/crevettes%20congelees%20chou-fleur%20rape%20petits%20pois%20carotte%20et%20creme%20citronnee%20facon%20ThermoChef.mp3,Crevettes congelées,"250 grammes de crevettes congelées décortiquées.
220 grammes de chou-fleur râpé comme une semoule grossière.
120 grammes de petits pois.
1 carotte, environ 100 grammes, râpée.
3 cuillères à soupe de crème liquide ou végétale, environ 45 grammes.
2 cuillères à soupe d’eau, 30 millilitres, environ 30 grammes.
quelques gouttes de citron à la fin.
persil, sel et poivre à ajuster à la fin.",313,"Aujourd’hui, nous préparons crevettes congelées chou-fleur râpé petits pois carotte et crème citronnée façon ThermoChef.

Cette recette est prévue pour 2 personnes.

RÈGLE IMPORTANTE POUR LES CREVETTES CONGELÉES

Les crevettes congelées sont délicates.
Si elles portent du givre, rincez-les rapidement sous l’eau froide puis égouttez-les bien.
On ne les met pas au départ avec une base longue.
La garniture ou la base sèche cuit d’abord.
Les crevettes sont posées sur le dessus pour une cuisson douce de finition.
Si les crevettes étaient crues au départ, elles doivent devenir roses, opaques et fermes.
Si les crevettes étaient vendues cuites, elles doivent seulement être chaudes à cœur.
On évite de les mélanger fortement pour ne pas les casser.","Rincez les crevettes si elles portent du givre, puis égouttez-les.
Râpez le chou-fleur et la carotte.
Préparez les petits pois.
Préparez la crème, l’eau et le citron.

PREMIÈRE MISE EN PLACE DANS LA CUVE

Mettez le chou-fleur, les petits pois, la carotte, la crème et l’eau dans la cuve. Mélangez. Gardez les crevettes pour la finition.

PREMIÈRE PROGRAMMATION THERMOCHEF

Fermez le couvercle.
Sélectionnez le menu Thermogrill.
Réglez le minuteur sur 11 minutes.
Appuyez sur Cuisiner.
Réglez la puissance sur 3.
Laissez le programme aller jusqu’à la fin.
Ouvrez avec prudence.

DEUXIÈME MISE EN PLACE

Ouvrez avec prudence. Mélangez la garniture. Posez les crevettes sur le dessus.
Vérifiez que les crevettes ne touchent pas le petit piston de sécurité sous le couvercle.
Vérifiez que le couvercle peut se fermer sans écraser les crevettes.

DEUXIÈME PROGRAMMATION THERMOCHEF

Fermez le couvercle.
Sélectionnez le menu Ragoût.
Réglez le temps sur 5 minutes.
Appuyez sur Cuisiner.
Quand l’appareil le permet, réglez la puissance sur 2.
Laissez le programme aller jusqu’à la fin.
Attendez que la sécurité autorise l’ouverture.
N’essayez jamais de forcer le couvercle.
Ouvrez avec prudence.

FINITION

À la fin de la deuxième cuisson, ouvrez avec prudence. Les crevettes doivent être chaudes à cœur. Ajoutez le citron et le persil.

SERVICE

Servez chaud. Le chou-fleur râpé donne une base légère et rapide.

POINT DE CONTRÔLE AVANT SERVICE

Les crevettes doivent être chaudes à cœur.
Si elles étaient crues au départ, elles doivent être roses, opaques et fermes.
La base sèche, quand il y en a une, doit être tendre sous la dent.
La garniture doit être tendre.
La sauce doit rester moelleuse.
Si la préparation paraît trop sèche, ajoutez 1 cuillère à soupe d’eau chaude, environ 15 millilitres, soit 15 grammes, puis mélangez seulement la garniture autour des crevettes.
Ne mélangez pas fortement les crevettes.
Goûtez toujours avant d’ajouter du sel.

RÉSUMÉ SIMPLE

On rince les crevettes si elles portent du givre.
On les égoutte bien.
On prépare la garniture ou la base sèche.
On lance la première cuisson.
On ouvre avec prudence.
On pose les crevettes sur le dessus.
On lance une cuisson douce de finition.
On vérifie que les crevettes sont chaudes à cœur.
On mélange doucement.
Le plat est prêt à être servi chaud."
Crevettes congelées patate douce courgette coco curry façon ThermoChef,https://30minutesparjour.com/recettes-audio/fr/crevettes%20congelees/crevettes%20congelees%20patate%20douce%20courgette%20coco%20curry%20facon%20ThermoChef.mp3,Crevettes congelées,"250 grammes de crevettes congelées décortiquées.
260 grammes de patate douce râpée.
1 courgette, environ 180 grammes, coupée en petits dés.
3 cuillères à soupe de crème de coco, environ 45 grammes.
2 cuillères à soupe d’eau, 30 millilitres, environ 30 grammes.
1 petite pincée de curry doux.
coriandre ou persil, sel et poivre à ajuster à la fin.",314,"Aujourd’hui, nous préparons crevettes congelées patate douce courgette coco curry façon ThermoChef.

Cette recette est prévue pour 2 personnes.

RÈGLE IMPORTANTE POUR LES CREVETTES CONGELÉES

Les crevettes congelées sont délicates.
Si elles portent du givre, rincez-les rapidement sous l’eau froide puis égouttez-les bien.
On ne les met pas au départ avec une base longue.
La garniture ou la base sèche cuit d’abord.
Les crevettes sont posées sur le dessus pour une cuisson douce de finition.
Si les crevettes étaient crues au départ, elles doivent devenir roses, opaques et fermes.
Si les crevettes étaient vendues cuites, elles doivent seulement être chaudes à cœur.
On évite de les mélanger fortement pour ne pas les casser.","Rincez les crevettes si elles portent du givre, puis égouttez-les.
Râpez la patate douce.
Coupez la courgette en petits dés.
Préparez la crème de coco, l’eau et le curry.

PREMIÈRE MISE EN PLACE DANS LA CUVE

Mettez la patate douce, la courgette, la crème de coco, l’eau et le curry dans la cuve. Mélangez. Gardez les crevettes pour la finition.

PREMIÈRE PROGRAMMATION THERMOCHEF

Fermez le couvercle.
Sélectionnez le menu Thermogrill.
Réglez le minuteur sur 12 minutes.
Appuyez sur Cuisiner.
Réglez la puissance sur 3.
Laissez le programme aller jusqu’à la fin.
Ouvrez avec prudence.

DEUXIÈME MISE EN PLACE

Ouvrez avec prudence. La patate douce doit être fondante. Posez les crevettes sur le dessus, sans les enfouir complètement.
Vérifiez que les crevettes ne touchent pas le petit piston de sécurité sous le couvercle.
Vérifiez que le couvercle peut se fermer sans écraser les crevettes.

DEUXIÈME PROGRAMMATION THERMOCHEF

Fermez le couvercle.
Sélectionnez le menu Ragoût.
Réglez le temps sur 5 minutes.
Appuyez sur Cuisiner.
Quand l’appareil le permet, réglez la puissance sur 2.
Laissez le programme aller jusqu’à la fin.
Attendez que la sécurité autorise l’ouverture.
N’essayez jamais de forcer le couvercle.
Ouvrez avec prudence.

FINITION

À la fin de la deuxième cuisson, ouvrez avec prudence. Les crevettes doivent être chaudes à cœur, roses et opaques si elles étaient crues au départ. Ajoutez l’herbe choisie.

SERVICE

Servez chaud. La patate douce et la crème coco donnent une base douce.

POINT DE CONTRÔLE AVANT SERVICE

Les crevettes doivent être chaudes à cœur.
Si elles étaient crues au départ, elles doivent être roses, opaques et fermes.
La base sèche, quand il y en a une, doit être tendre sous la dent.
La garniture doit être tendre.
La sauce doit rester moelleuse.
Si la préparation paraît trop sèche, ajoutez 1 cuillère à soupe d’eau chaude, environ 15 millilitres, soit 15 grammes, puis mélangez seulement la garniture autour des crevettes.
Ne mélangez pas fortement les crevettes.
Goûtez toujours avant d’ajouter du sel.

RÉSUMÉ SIMPLE

On rince les crevettes si elles portent du givre.
On les égoutte bien.
On prépare la garniture ou la base sèche.
On lance la première cuisson.
On ouvre avec prudence.
On pose les crevettes sur le dessus.
On lance une cuisson douce de finition.
On vérifie que les crevettes sont chaudes à cœur.
On mélange doucement.
Le plat est prêt à être servi chaud."
Crevettes congelées orge perlée artichauts asperges et citron façon ThermoChef,https://30minutesparjour.com/recettes-audio/fr/crevettes%20congelees/crevettes%20congelees%20orge%20perlee%20artichauts%20asperges%20et%20citron%20facon%20ThermoChef.mp3,Crevettes congelées,"250 grammes de crevettes congelées décortiquées.
1 mesurette ThermoChef d’orge perlée crue, environ 120 grammes.
1 mesurette et demie ThermoChef d’eau, 240 millilitres, environ 240 grammes.
140 grammes de fonds d’artichauts coupés en morceaux.
120 grammes d’asperges vertes coupées en petits tronçons.
Quelques gouttes de citron.
Persil ou aneth.
Sel et poivre à ajuster à la fin.",315,"Aujourd’hui, nous préparons crevettes congelées orge perlée artichauts asperges et citron façon ThermoChef.

Cette recette est prévue pour 2 personnes.

RÈGLE IMPORTANTE POUR LES CREVETTES CONGELÉES

Les crevettes congelées sont délicates.
Si elles portent du givre, rincez-les rapidement sous l’eau froide, puis égouttez-les bien.
Gardez-les à part pendant la cuisson de la base.
Ne les mettez pas dans une cuisson longue.
Si les crevettes étaient crues au départ, elles doivent devenir roses, opaques et fermes.
Si les crevettes étaient vendues cuites, elles doivent seulement être chaudes à cœur.
Ne les mélangez jamais fortement pour ne pas les casser.

RÈGLE DE CUISSON DE LA BASE

L’orge perlée est utilisée crue.
Elle cuit directement dans le ThermoChef avec l’eau indiquée.
Utilisez 1 mesurette ThermoChef d’orge perlée, environ 120 grammes.
Ajoutez 1 mesurette et demie d’eau, soit 240 millilitres, environ 240 grammes.
Si le paquet indique 30 à 35 minutes, utilisez le menu Légumes secs 10 à 12 minutes selon le paquet.
Les crevettes sont cuites à part après l’orge, afin de ne pas relancer de programme sur la base terminée.","Rincez les crevettes si elles portent du givre, puis égouttez-les bien.
Rincez l’orge perlée si votre paquet le conseille.
Mesurez l’orge et l’eau.
Préparez les artichauts et les asperges.
Gardez les crevettes à part au froid.

CUISSON DE L’ORGE

Mettez l’orge perlée crue dans la cuve.
Ajoutez l’eau.
Ajoutez les artichauts et les asperges.
Mélangez.
Fermez le couvercle.
Sélectionnez le menu Légumes secs.
Réglez le temps sur 10 à 12 minutes selon le paquet.
Appuyez sur Cuisiner.
Laissez le programme aller jusqu’à la fin.
Attendez que la sécurité autorise l’ouverture.
Ouvrez avec prudence.
Mélangez l’orge.

CUISSON DES CREVETTES

Quand la base est prête, versez-la dans un plat de service et gardez-la au chaud.
Mettez 2 cuillères à soupe d’eau, environ 30 millilitres, soit 30 grammes dans la cuve.
Ajoutez les crevettes congelées égouttées.
Fermez le couvercle.
Sélectionnez le menu Ragoût.
Réglez le temps sur 5 minutes.
Appuyez sur Cuisiner.
Quand l’appareil le permet, réglez la puissance sur 2.
Laissez le programme aller jusqu’à la fin.
Attendez que la sécurité autorise l’ouverture.
N’essayez jamais de forcer le couvercle.
Ouvrez avec prudence.

FINITION

Les crevettes doivent être chaudes à cœur.
Si elles étaient crues au départ, elles doivent être roses, opaques et fermes.
Ajoutez les crevettes sur la base.
Mélangez doucement, sans les écraser.
Goûtez avant d’ajouter du sel ou du poivre.

SERVICE

Servez chaud.
L’orge doit être tendre sous la dent.
Les crevettes doivent rester fermes.

POINT DE CONTRÔLE AVANT SERVICE

Les crevettes doivent être chaudes à cœur.
Si elles étaient crues au départ, elles doivent être roses, opaques et fermes.
La base doit être cuite sans être écrasée.
La préparation ne doit pas être noyée.
Si la base paraît trop sèche, ajoutez 1 cuillère à soupe d’eau chaude, environ 15 millilitres, soit 15 grammes, puis mélangez doucement la base avant d’ajouter les crevettes.

RÉSUMÉ SIMPLE

On cuit l’orge au menu Légumes secs, 10 à 12 minutes.
On verse l’orge dans un plat.
On cuit les crevettes à part au menu Ragoût, 5 minutes.
On ajoute les crevettes sur l’orge.
On ajoute citron et herbes.
Le plat est prêt."
Crevettes congelées gnocchis tomates cerises roquette et crème basilic façon ThermoChef,https://30minutesparjour.com/recettes-audio/fr/crevettes%20congelees/crevettes%20congelees%20gnocchis%20tomates%20cerises%20roquette%20et%20creme%20basilic%20facon%20ThermoChef.mp3,Crevettes congelées,"250 grammes de crevettes congelées décortiquées.
250 grammes de gnocchis frais à poêler.
160 grammes de tomates cerises coupées en deux.
30 grammes de roquette ajoutée en finition.
2 cuillères à soupe de crème liquide ou végétale, environ 30 grammes.
2 cuillères à soupe d’eau, 30 millilitres, environ 30 grammes.
Basilic.
Sel et poivre à ajuster à la fin.",316,"Aujourd’hui, nous préparons crevettes congelées gnocchis tomates cerises roquette et crème basilic façon ThermoChef.

Cette recette est prévue pour 2 personnes.

RÈGLE IMPORTANTE POUR LES CREVETTES CONGELÉES

Les crevettes congelées sont délicates.
Si elles portent du givre, rincez-les rapidement sous l’eau froide, puis égouttez-les bien.
Gardez-les à part pendant la cuisson de la base.
Ne les mettez pas dans une cuisson longue.
Si les crevettes étaient crues au départ, elles doivent devenir roses, opaques et fermes.
Si les crevettes étaient vendues cuites, elles doivent seulement être chaudes à cœur.
Ne les mélangez jamais fortement pour ne pas les casser.

RÈGLE DE CUISSON DE LA BASE

Les gnocchis frais à poêler supportent une cuisson courte.
Ils ne doivent pas être recuits dans un second programme.
Dans cette version, les gnocchis sont cuits d’abord.
Les crevettes sont ensuite cuites à part, puis ajoutées à la fin.","Rincez les crevettes si elles portent du givre, puis égouttez-les bien.
Préparez les gnocchis.
Coupez les tomates cerises.
Gardez la roquette et le basilic pour la finition.

CUISSON DES GNOCCHIS

Mettez les gnocchis dans la cuve.
Ajoutez les tomates cerises, la crème et l’eau.
Mélangez.
Sélectionnez le menu Thermogrill.
Réglez le minuteur sur 10 minutes.
Appuyez sur Cuisiner.
Réglez la puissance sur 2.
Laissez le programme aller jusqu’à la fin.
Ouvrez avec prudence.
Versez les gnocchis dans un plat de service.

CUISSON DES CREVETTES

Quand la base est prête, versez-la dans un plat de service et gardez-la au chaud.
Mettez 2 cuillères à soupe d’eau, environ 30 millilitres, soit 30 grammes dans la cuve.
Ajoutez les crevettes congelées égouttées.
Fermez le couvercle.
Sélectionnez le menu Ragoût.
Réglez le temps sur 5 minutes.
Appuyez sur Cuisiner.
Quand l’appareil le permet, réglez la puissance sur 2.
Laissez le programme aller jusqu’à la fin.
Attendez que la sécurité autorise l’ouverture.
N’essayez jamais de forcer le couvercle.
Ouvrez avec prudence.

FINITION

Les crevettes doivent être chaudes à cœur.
Si elles étaient crues au départ, elles doivent être roses, opaques et fermes.
Ajoutez les crevettes sur la base.
Mélangez doucement, sans les écraser.
Goûtez avant d’ajouter du sel ou du poivre.

SERVICE

Ajoutez la roquette et le basilic.
Servez chaud ou tiède.
Les gnocchis doivent rester moelleux.
Les crevettes doivent rester entières.

POINT DE CONTRÔLE AVANT SERVICE

Les crevettes doivent être chaudes à cœur.
Si elles étaient crues au départ, elles doivent être roses, opaques et fermes.
La base doit être cuite sans être écrasée.
La préparation ne doit pas être noyée.
Si la base paraît trop sèche, ajoutez 1 cuillère à soupe d’eau chaude, environ 15 millilitres, soit 15 grammes, puis mélangez doucement la base avant d’ajouter les crevettes.

RÉSUMÉ SIMPLE

On cuit les gnocchis au Thermogrill, 10 minutes, puissance 2.
On verse les gnocchis dans un plat.
On cuit les crevettes à part au menu Ragoût, 5 minutes.
On ajoute roquette et basilic.
On mélange doucement.
Le plat est prêt."
Crevettes congelées millet décortiqué chou-rave fèves et crème citronnée façon ThermoChef,https://30minutesparjour.com/recettes-audio/fr/crevettes%20congelees/crevettes%20congelees%20millet%20decortique%20chou-rave%20feves%20et%20creme%20citronnee%20facon%20ThermoChef.mp3,Crevettes congelées,"250 grammes de crevettes congelées décortiquées.
1 mesurette ThermoChef de millet décortiqué cru, environ 110 grammes.
1 mesurette et demie ThermoChef d’eau, 240 millilitres, environ 240 grammes.
180 grammes de chou-rave râpé ou coupé en très petits dés.
140 grammes de fèves pelées.
2 cuillères à soupe de crème liquide ou végétale, environ 30 grammes, ajoutée en finition.
Quelques gouttes de citron.
Persil ou aneth.
Sel et poivre à ajuster à la fin.",317,"Aujourd’hui, nous préparons crevettes congelées millet décortiqué chou-rave fèves et crème citronnée façon ThermoChef.

Cette recette est prévue pour 2 personnes.

RÈGLE IMPORTANTE POUR LES CREVETTES CONGELÉES

Les crevettes congelées sont délicates.
Si elles portent du givre, rincez-les rapidement sous l’eau froide, puis égouttez-les bien.
Gardez-les à part pendant la cuisson de la base.
Ne les mettez pas dans une cuisson longue.
Si les crevettes étaient crues au départ, elles doivent devenir roses, opaques et fermes.
Si les crevettes étaient vendues cuites, elles doivent seulement être chaudes à cœur.
Ne les mélangez jamais fortement pour ne pas les casser.

RÈGLE DE CUISSON DE LA BASE

Le millet décortiqué est utilisé cru.
Il cuit directement dans le ThermoChef avec l’eau indiquée.
Utilisez 1 mesurette ThermoChef de millet décortiqué, environ 110 grammes.
Ajoutez 1 mesurette et demie d’eau, soit 240 millilitres, environ 240 grammes.
Le menu utilisé est Riz mode 3, environ 13 à 15 minutes.
Sur le menu Riz, on ne règle pas de puissance.
Les crevettes sont cuites à part après le millet, afin de ne pas relancer une cuisson sur la base.","Rincez les crevettes si elles portent du givre, puis égouttez-les bien.
Rincez le millet si votre paquet le conseille.
Mesurez le millet et l’eau.
Préparez le chou-rave et les fèves.
Gardez les crevettes à part au froid.

CUISSON DU MILLET

Mettez le millet cru dans la cuve.
Ajoutez l’eau.
Ajoutez le chou-rave et les fèves.
Mélangez.
Fermez le couvercle.
Sélectionnez le menu Riz.
Choisissez mode 3, environ 13 à 15 minutes.
Appuyez sur Cuisiner.
Laissez le programme aller jusqu’à la fin.
Attendez que la sécurité autorise l’ouverture.
Ouvrez avec prudence.
Aérez le millet.
Ajoutez la crème et mélangez la base.

CUISSON DES CREVETTES

Quand la base est prête, versez-la dans un plat de service et gardez-la au chaud.
Mettez 2 cuillères à soupe d’eau, environ 30 millilitres, soit 30 grammes dans la cuve.
Ajoutez les crevettes congelées égouttées.
Fermez le couvercle.
Sélectionnez le menu Ragoût.
Réglez le temps sur 5 minutes.
Appuyez sur Cuisiner.
Quand l’appareil le permet, réglez la puissance sur 2.
Laissez le programme aller jusqu’à la fin.
Attendez que la sécurité autorise l’ouverture.
N’essayez jamais de forcer le couvercle.
Ouvrez avec prudence.

FINITION

Les crevettes doivent être chaudes à cœur.
Si elles étaient crues au départ, elles doivent être roses, opaques et fermes.
Ajoutez les crevettes sur la base.
Mélangez doucement, sans les écraser.
Goûtez avant d’ajouter du sel ou du poivre.

SERVICE

Servez chaud.
Le millet doit être tendre.
Les crevettes doivent rester fermes.

POINT DE CONTRÔLE AVANT SERVICE

Les crevettes doivent être chaudes à cœur.
Si elles étaient crues au départ, elles doivent être roses, opaques et fermes.
La base doit être cuite sans être écrasée.
La préparation ne doit pas être noyée.
Si la base paraît trop sèche, ajoutez 1 cuillère à soupe d’eau chaude, environ 15 millilitres, soit 15 grammes, puis mélangez doucement la base avant d’ajouter les crevettes.

RÉSUMÉ SIMPLE

On cuit le millet au menu Riz mode 3.
On verse le millet dans un plat.
On cuit les crevettes à part au menu Ragoût, 5 minutes.
On ajoute les crevettes sur le millet.
On ajoute citron et herbes.
Le plat est prêt."
Crevettes congelées sarrasin décortiqué chou kale poire et noix façon ThermoChef,https://30minutesparjour.com/recettes-audio/fr/crevettes%20congelees/crevettes%20congelees%20sarrasin%20decortique%20chou%20kale%20poire%20et%20noix%20facon%20ThermoChef.mp3,Crevettes congelées,"250 grammes de crevettes congelées décortiquées.
1 mesurette ThermoChef de sarrasin décortiqué cru, environ 110 à 115 grammes.
1 mesurette et demie ThermoChef d’eau, 240 millilitres, environ 240 grammes.
120 grammes de chou kale émincé finement.
1 poire ferme, environ 140 grammes, coupée en petits dés, ajoutée en finition.
15 grammes de noix concassées.
2 cuillères à soupe de crème liquide ou végétale, environ 30 grammes, ajoutée en finition.
Persil ou ciboulette.
Sel et poivre à ajuster à la fin.",318,"Aujourd’hui, nous préparons crevettes congelées sarrasin décortiqué chou kale poire et noix façon ThermoChef.

Cette recette est prévue pour 2 personnes.

RÈGLE IMPORTANTE POUR LES CREVETTES CONGELÉES

Les crevettes congelées sont délicates.
Si elles portent du givre, rincez-les rapidement sous l’eau froide, puis égouttez-les bien.
Gardez-les à part pendant la cuisson de la base.
Ne les mettez pas dans une cuisson longue.
Si les crevettes étaient crues au départ, elles doivent devenir roses, opaques et fermes.
Si les crevettes étaient vendues cuites, elles doivent seulement être chaudes à cœur.
Ne les mélangez jamais fortement pour ne pas les casser.

RÈGLE DE CUISSON DE LA BASE

Le sarrasin décortiqué est utilisé cru.
Il cuit directement dans le ThermoChef avec l’eau indiquée.
Utilisez 1 mesurette ThermoChef de sarrasin décortiqué, environ 110 à 115 grammes.
Ajoutez 1 mesurette et demie d’eau, soit 240 millilitres, environ 240 grammes.
Le menu utilisé est Riz mode 3, environ 13 à 15 minutes.
Sur le menu Riz, on ne règle pas de puissance.
Les crevettes sont cuites à part après le sarrasin, afin de ne pas relancer une cuisson sur la base.","Rincez les crevettes si elles portent du givre, puis égouttez-les bien.
Rincez le sarrasin si votre paquet le conseille.
Mesurez le sarrasin et l’eau.
Émincez le chou kale.
Coupez la poire et gardez-la pour la finition.
Gardez les noix, la crème et les herbes pour la finition.

CUISSON DU SARRASIN

Mettez le sarrasin cru dans la cuve.
Ajoutez l’eau.
Ajoutez le chou kale.
Mélangez.
Fermez le couvercle.
Sélectionnez le menu Riz.
Choisissez mode 3, environ 13 à 15 minutes.
Appuyez sur Cuisiner.
Laissez le programme aller jusqu’à la fin.
Attendez que la sécurité autorise l’ouverture.
Ouvrez avec prudence.
Aérez le sarrasin.
Ajoutez la crème, la poire et les noix.
Mélangez doucement.

CUISSON DES CREVETTES

Quand la base est prête, versez-la dans un plat de service et gardez-la au chaud.
Mettez 2 cuillères à soupe d’eau, environ 30 millilitres, soit 30 grammes dans la cuve.
Ajoutez les crevettes congelées égouttées.
Fermez le couvercle.
Sélectionnez le menu Ragoût.
Réglez le temps sur 5 minutes.
Appuyez sur Cuisiner.
Quand l’appareil le permet, réglez la puissance sur 2.
Laissez le programme aller jusqu’à la fin.
Attendez que la sécurité autorise l’ouverture.
N’essayez jamais de forcer le couvercle.
Ouvrez avec prudence.

FINITION

Les crevettes doivent être chaudes à cœur.
Si elles étaient crues au départ, elles doivent être roses, opaques et fermes.
Ajoutez les crevettes sur la base.
Mélangez doucement, sans les écraser.
Goûtez avant d’ajouter du sel ou du poivre.

SERVICE

Servez chaud ou tiède.
Le sarrasin doit être tendre.
La poire doit rester visible.
Les crevettes doivent rester entières.

POINT DE CONTRÔLE AVANT SERVICE

Les crevettes doivent être chaudes à cœur.
Si elles étaient crues au départ, elles doivent être roses, opaques et fermes.
La base doit être cuite sans être écrasée.
La préparation ne doit pas être noyée.
Si la base paraît trop sèche, ajoutez 1 cuillère à soupe d’eau chaude, environ 15 millilitres, soit 15 grammes, puis mélangez doucement la base avant d’ajouter les crevettes.

RÉSUMÉ SIMPLE

On cuit le sarrasin au menu Riz mode 3.
On ajoute crème, poire et noix à la base.
On verse la base dans un plat.
On cuit les crevettes à part au menu Ragoût, 5 minutes.
On ajoute les crevettes sur le sarrasin.
Le plat est prêt."
Crevettes congelées polenta crémeuse maïs haricots verts et estragon façon ThermoChef,https://30minutesparjour.com/recettes-audio/fr/crevettes%20congelees/crevettes%20congelees%20polenta%20cremeuse%20mais%20haricots%20verts%20et%20estragon%20facon%20ThermoChef.mp3,Crevettes congelées,"250 grammes de crevettes congelées décortiquées.
90 grammes de polenta instantanée.
420 millilitres d’eau, environ 420 grammes, pour la polenta.
100 grammes de maïs en conserve, égoutté.
160 grammes de haricots verts coupés en petits tronçons.
1 cuillère à soupe de crème liquide ou végétale, environ 15 grammes.
2 cuillères à soupe d’eau, 30 millilitres, environ 30 grammes, pour cuire les crevettes.
Estragon ou persil.
Sel et poivre à ajuster à la fin.",319,"Aujourd’hui, nous préparons crevettes congelées polenta crémeuse maïs haricots verts et estragon façon ThermoChef.

Cette recette est prévue pour 2 personnes.

RÈGLE IMPORTANTE POUR LES CREVETTES CONGELÉES

Les crevettes congelées sont délicates.
Si elles portent du givre, rincez-les rapidement sous l’eau froide, puis égouttez-les bien.
Gardez-les à part pendant la cuisson de la base.
Ne les mettez pas dans une cuisson longue.
Si les crevettes étaient crues au départ, elles doivent devenir roses, opaques et fermes.
Si les crevettes étaient vendues cuites, elles doivent seulement être chaudes à cœur.
Ne les mélangez jamais fortement pour ne pas les casser.

RÈGLE DE CUISSON DE LA BASE

La polenta instantanée demande une cuisson remuée et crémeuse.
Les crevettes congelées ne doivent pas être mélangées dans la polenta pendant une cuisson prolongée.
Dans cette version, on prépare d’abord la polenta et les légumes.
Ensuite, on retire la base de la cuve et on cuit seulement les crevettes.
Ainsi, on ne relance pas un programme sur une polenta prête.","Rincez les crevettes si elles portent du givre, puis égouttez-les bien.
Pesez la polenta.
Mesurez l’eau.
Préparez le maïs et les haricots verts.
Gardez les crevettes à part au froid.

CUISSON DE LA POLENTA

Mettez l’eau dans la cuve.
Ajoutez la polenta en pluie.
Ajoutez le maïs, les haricots verts et la crème.
Mélangez très soigneusement pour éviter les paquets secs.
Sélectionnez le menu Thermogrill.
Réglez le minuteur sur 12 minutes.
Appuyez sur Cuisiner.
Réglez la puissance sur 2.
Pendant la cuisson, mélangez seulement si votre mode d’utilisation vous le permet en sécurité.
À la fin, ouvrez avec prudence.
La polenta doit être crémeuse.
Versez la polenta et les légumes dans un plat de service.

CUISSON DES CREVETTES

Quand la base est prête, versez-la dans un plat de service et gardez-la au chaud.
Mettez 2 cuillères à soupe d’eau, environ 30 millilitres, soit 30 grammes dans la cuve.
Ajoutez les crevettes congelées égouttées.
Fermez le couvercle.
Sélectionnez le menu Ragoût.
Réglez le temps sur 5 minutes.
Appuyez sur Cuisiner.
Quand l’appareil le permet, réglez la puissance sur 2.
Laissez le programme aller jusqu’à la fin.
Attendez que la sécurité autorise l’ouverture.
N’essayez jamais de forcer le couvercle.
Ouvrez avec prudence.

FINITION

Les crevettes doivent être chaudes à cœur.
Si elles étaient crues au départ, elles doivent être roses, opaques et fermes.
Ajoutez les crevettes sur la base.
Mélangez doucement, sans les écraser.
Goûtez avant d’ajouter du sel ou du poivre.

SERVICE

Posez les crevettes sur la polenta.
Ajoutez l’estragon ou le persil.
Servez chaud.

POINT DE CONTRÔLE AVANT SERVICE

Les crevettes doivent être chaudes à cœur.
Si elles étaient crues au départ, elles doivent être roses, opaques et fermes.
La base doit être cuite sans être écrasée.
La préparation ne doit pas être noyée.
Si la base paraît trop sèche, ajoutez 1 cuillère à soupe d’eau chaude, environ 15 millilitres, soit 15 grammes, puis mélangez doucement la base avant d’ajouter les crevettes.

RÉSUMÉ SIMPLE

On prépare la polenta au Thermogrill, 12 minutes, puissance 2.
On verse la polenta dans un plat.
On cuit les crevettes à part au menu Ragoût, 5 minutes.
On pose les crevettes sur la polenta.
On ajoute les herbes.
Le plat est prêt."
Diots de savoie crozets poireaux et crème moutardée façon ThermoChef,https://30minutesparjour.com/recettes-audio/fr/diots%20de%20savoie%20excellence/diots%20de%20savoie%20crozets%20poireaux%20et%20creme%20moutardee%20facon%20ThermoChef.mp3,Diots de savoie excellence,"3 diots de Savoie coupés en tronçons de 3 à 4 centimètres.
2 mugs de crozets, environ 180 à 200 grammes.
2 mesurettes ThermoChef d’eau, 320 millilitres, environ 320 grammes.
2 poireaux moyens, environ 300 grammes préparés, émincés finement.
3 cuillères à soupe de crème liquide ou végétale, environ 45 grammes.
1 petite cuillère à café de moutarde douce, environ 5 grammes.
persil, poivre, aucun sel au départ.",320,"Aujourd’hui, nous préparons diots de savoie crozets poireaux et crème moutardée façon ThermoChef.

Cette recette est prévue pour 2 personnes.

RÈGLE IMPORTANTE POUR LES DIOTS DE SAVOIE

Les diots de Savoie sont des saucisses assaisonnées.
Ils apportent l’assaisonnement principal.
On ne sale jamais au départ.
On les coupe en tronçons réguliers de 3 à 4 centimètres.
Si vos diots sont crus, ils doivent être cuits à cœur.
Si vos diots sont vendus cuits, ils doivent être chauds à cœur.
Les bases sèches ne sont pas utilisées cuites à l’avance.
Elles cuisent dans le ThermoChef avec l’eau indiquée.

RÈGLE DE CUISSON DE LA BASE

Crozets : 2 mugs de crozets, environ 180 à 200 grammes, avec 2 mesurettes ThermoChef d’eau, 320 millilitres, environ 320 grammes. Choisir le menu Pâtes selon le temps indiqué sur le paquet. Si le paquet dépasse le temps du menu Pâtes, utiliser le mode le plus long et prolonger seulement si nécessaire après contrôle.","Coupez les diots en tronçons de 3 à 4 centimètres.
Émincez les poireaux finement et rincez-les bien.
Mesurez les crozets et l’eau.
Préparez la crème et la moutarde.

PREMIÈRE MISE EN PLACE DANS LA CUVE

Mettez les tronçons de diots dans la cuve pour une courte première cuisson. Cette étape donne du goût avant l’ajout des crozets.

PREMIÈRE PROGRAMMATION THERMOCHEF

Fermez le couvercle.
Sélectionnez le menu Thermogrill.
Réglez le minuteur sur 5 minutes.
Appuyez sur Cuisiner.
Réglez la puissance sur 3.
Laissez le programme aller jusqu’à la fin.
Ouvrez avec prudence.

DEUXIÈME MISE EN PLACE

Ouvrez avec prudence. Ajoutez les crozets, l’eau, les poireaux, la crème et la moutarde. Mélangez bien pour que les crozets soient au contact du liquide. Ne salez pas.
Vérifiez que rien ne dépasse trop haut dans la cuve.
Vérifiez aussi qu’aucun morceau d’aliment ne risque de bloquer le petit piston de sécurité sous le couvercle.

DEUXIÈME PROGRAMMATION THERMOCHEF

Fermez le couvercle.
Sélectionnez le menu Pâtes.
Choisissez mode adapté au temps indiqué sur le paquet.
Appuyez sur Cuisiner.
Laissez le programme aller jusqu’à la fin.
Attendez que la sécurité autorise l’ouverture.
N’essayez jamais de forcer le couvercle.
Ouvrez avec prudence.

FINITION

À la fin du menu Pâtes, attendez que la sécurité autorise l’ouverture. Ouvrez avec prudence. Les crozets doivent être tendres et les diots chauds à cœur. Goûtez avant toute correction d’assaisonnement.

SERVICE

Servez chaud. Les crozets absorbent la crème moutardée et les diots apportent l’assaisonnement principal.

POINT DE CONTRÔLE AVANT SERVICE

Les diots doivent être chauds à cœur.
Si vos diots sont crus, ils doivent être cuits à cœur.
La garniture doit être tendre.
La base sèche, quand il y en a une, doit être tendre sous la dent.
La sauce doit rester moelleuse.
Si la préparation paraît trop sèche, ajoutez 1 cuillère à soupe d’eau chaude, environ 15 millilitres, soit 15 grammes, puis mélangez doucement.
Goûtez toujours avant d’ajouter du sel.

RÉSUMÉ SIMPLE

On coupe les diots en tronçons de 3 à 4 centimètres.
On ne sale pas au départ.
On prépare la garniture ou la base sèche.
On ajoute l’eau indiquée dans la cuve.
On choisit le menu ThermoChef adapté.
On ne règle pas de puissance sur les menus Pâtes, Riz, Soupe ou Légumes secs.
On ouvre avec prudence.
On vérifie que les diots sont chauds à cœur.
On vérifie que la base est cuite.
Le plat est prêt à être servi chaud."
Diots de savoie chou vert carottes pomme et crème moutardée façon ThermoChef,https://30minutesparjour.com/recettes-audio/fr/diots%20de%20savoie%20excellence/diots%20de%20savoie%20chou%20vert%20carottes%20pomme%20et%20creme%20moutardee%20facon%20ThermoChef..mp3,Diots de savoie excellence,"3 diots de Savoie coupés en tronçons de 3 à 4 centimètres.
280 grammes de chou vert émincé très finement.
2 carottes, environ 200 grammes, râpées.
1 pomme, environ 140 grammes, coupée en petits dés.
3 cuillères à soupe de crème liquide ou végétale, environ 45 grammes.
1 petite cuillère à café de moutarde douce, environ 5 grammes.
3 cuillères à soupe d’eau, 45 millilitres, environ 45 grammes.
poivre, aucun sel au départ.",321,"Aujourd’hui, nous préparons diots de savoie chou vert carottes pomme et crème moutardée façon ThermoChef.

Cette recette est prévue pour 2 personnes.

RÈGLE IMPORTANTE POUR LES DIOTS DE SAVOIE

Les diots de Savoie sont des saucisses assaisonnées.
Ils apportent l’assaisonnement principal.
On ne sale jamais au départ.
On les coupe en tronçons réguliers de 3 à 4 centimètres.
Si vos diots sont crus, ils doivent être cuits à cœur.
Si vos diots sont vendus cuits, ils doivent être chauds à cœur.
Les bases sèches ne sont pas utilisées cuites à l’avance.
Elles cuisent dans le ThermoChef avec l’eau indiquée.","Coupez les diots en tronçons de 3 à 4 centimètres.
Émincez le chou vert très finement.
Râpez les carottes.
Coupez la pomme en petits dés.

MISE EN PLACE DANS LA CUVE

Mettez le chou, les carottes, la pomme, la crème, la moutarde et l’eau dans la cuve. Mélangez. Ajoutez les tronçons de diots et répartissez-les dans la garniture. Ne salez pas.

PROGRAMMATION THERMOCHEF

Fermez le couvercle.
Sélectionnez le menu Thermogrill.
Réglez le minuteur sur 16 minutes.
Appuyez sur Cuisiner.
Réglez la puissance sur 3.
Laissez le programme aller jusqu’à la fin.
Ouvrez avec prudence.

FINITION

À la fin, ouvrez avec prudence. Le chou doit être tendre et les diots chauds à cœur. Les tronçons doivent être bien réchauffés ou bien cuits selon le produit utilisé.

SERVICE

Servez chaud. La pomme adoucit le chou et la moutarde accompagne bien les diots.

POINT DE CONTRÔLE AVANT SERVICE

Les diots doivent être chauds à cœur.
Si vos diots sont crus, ils doivent être cuits à cœur.
La garniture doit être tendre.
La base sèche, quand il y en a une, doit être tendre sous la dent.
La sauce doit rester moelleuse.
Si la préparation paraît trop sèche, ajoutez 1 cuillère à soupe d’eau chaude, environ 15 millilitres, soit 15 grammes, puis mélangez doucement.
Goûtez toujours avant d’ajouter du sel.

RÉSUMÉ SIMPLE

On coupe les diots en tronçons de 3 à 4 centimètres.
On ne sale pas au départ.
On prépare la garniture ou la base sèche.
On ajoute l’eau indiquée dans la cuve.
On choisit le menu ThermoChef adapté.
On ne règle pas de puissance sur les menus Pâtes, Riz, Soupe ou Légumes secs.
On ouvre avec prudence.
On vérifie que les diots sont chauds à cœur.
On vérifie que la base est cuite.
Le plat est prêt à être servi chaud.

CONSEIL DIOTS

Les diots sont des saucisses riches en goût. La règle importante est de ne pas saler au départ et de contrôler la texture de la base avant le service. Les tronçons de 3 à 4 centimètres permettent une cuisson plus régulière dans la garniture."
Diots de savoie lentilles vertes carotte céleri et échalote façon ThermoChef,https://30minutesparjour.com/recettes-audio/fr/diots%20de%20savoie%20excellence/diots%20de%20savoie%20lentilles%20vertes%20carotte%20celeri%20et%20echalote%20facon%20ThermoChef..mp3,Diots de savoie excellence,"3 diots de Savoie coupés en tronçons de 3 à 4 centimètres.
1 mesurette ThermoChef de lentilles vertes sèches, environ 120 grammes.
1 mesurette et demie ThermoChef d’eau, 240 millilitres, environ 240 grammes.
1 carotte, environ 100 grammes, coupée en petits dés.
100 grammes de céleri branche ou céleri-rave coupé très finement.
1 échalote émincée.
laurier, poivre, aucun sel au départ.",322,"Aujourd’hui, nous préparons diots de savoie lentilles vertes carotte céleri et échalote façon ThermoChef.

Cette recette est prévue pour 2 personnes.

RÈGLE IMPORTANTE POUR LES DIOTS DE SAVOIE

Les diots de Savoie sont des saucisses assaisonnées.
Ils apportent l’assaisonnement principal.
On ne sale jamais au départ.
On les coupe en tronçons réguliers de 3 à 4 centimètres.
Si vos diots sont crus, ils doivent être cuits à cœur.
Si vos diots sont vendus cuits, ils doivent être chauds à cœur.
Les bases sèches ne sont pas utilisées cuites à l’avance.
Elles cuisent dans le ThermoChef avec l’eau indiquée.

RÈGLE DE CUISSON DE LA BASE

Lentilles vertes sèches : 1 mesurette ThermoChef, environ 120 grammes, avec 1 mesurette et demie d’eau, 240 millilitres, environ 240 grammes. Si le paquet indique environ 30 minutes, utiliser le menu Légumes secs environ 10 minutes.","Coupez les diots en tronçons de 3 à 4 centimètres.
Rincez les lentilles vertes.
Mesurez les lentilles et l’eau.
Préparez la carotte, le céleri, l’échalote et le laurier.

PREMIÈRE MISE EN PLACE DANS LA CUVE

Mettez les tronçons de diots dans la cuve. Cette courte première cuisson permet de parfumer la suite de la recette.

PREMIÈRE PROGRAMMATION THERMOCHEF

Fermez le couvercle.
Sélectionnez le menu Thermogrill.
Réglez le minuteur sur 5 minutes.
Appuyez sur Cuisiner.
Réglez la puissance sur 3.
Laissez le programme aller jusqu’à la fin.
Ouvrez avec prudence.

DEUXIÈME MISE EN PLACE

Ouvrez avec prudence. Ajoutez les lentilles vertes, l’eau, la carotte, le céleri, l’échalote et le laurier. Mélangez. Ne salez pas. Les lentilles doivent cuire dans le ThermoChef.
Vérifiez que rien ne dépasse trop haut dans la cuve.
Vérifiez aussi qu’aucun morceau d’aliment ne risque de bloquer le petit piston de sécurité sous le couvercle.

DEUXIÈME PROGRAMMATION THERMOCHEF

Fermez le couvercle.
Sélectionnez le menu Légumes secs.
Réglez le temps sur 10 minutes.
Appuyez sur Cuisiner.
Laissez le programme aller jusqu’à la fin.
Attendez que la sécurité autorise l’ouverture.
N’essayez jamais de forcer le couvercle.
Ouvrez avec prudence.

FINITION

À la fin du menu Légumes secs, attendez que la sécurité autorise l’ouverture. Ouvrez avec prudence. Les lentilles doivent être tendres et les diots chauds à cœur. Retirez le laurier avant service.

SERVICE

Servez chaud. Les lentilles prennent le goût des diots sans ajout de sel au départ.

POINT DE CONTRÔLE AVANT SERVICE

Les diots doivent être chauds à cœur.
Si vos diots sont crus, ils doivent être cuits à cœur.
La garniture doit être tendre.
La base sèche, quand il y en a une, doit être tendre sous la dent.
La sauce doit rester moelleuse.
Si la préparation paraît trop sèche, ajoutez 1 cuillère à soupe d’eau chaude, environ 15 millilitres, soit 15 grammes, puis mélangez doucement.
Goûtez toujours avant d’ajouter du sel.

RÉSUMÉ SIMPLE

On coupe les diots en tronçons de 3 à 4 centimètres.
On ne sale pas au départ.
On prépare la garniture ou la base sèche.
On ajoute l’eau indiquée dans la cuve.
On choisit le menu ThermoChef adapté.
On ne règle pas de puissance sur les menus Pâtes, Riz, Soupe ou Légumes secs.
On ouvre avec prudence.
On vérifie que les diots sont chauds à cœur.
On vérifie que la base est cuite.
Le plat est prêt à être servi chaud."
Diots de savoie endives champignons et crème douce façon ThermoChef,https://30minutesparjour.com/recettes-audio/fr/diots%20de%20savoie%20excellence/diots%20de%20savoie%20endives%20champignons%20et%20creme%20douce%20facon%20ThermoChef.mp3,Diots de savoie excellence,"3 diots de Savoie coupés en tronçons de 3 à 4 centimètres.
3 endives émincées finement.
200 grammes de champignons émincés.
3 cuillères à soupe de crème liquide ou végétale, environ 45 grammes.
2 cuillères à soupe d’eau, 30 millilitres, environ 30 grammes.
1 pomme, environ 140 grammes, coupée en petits dés.
persil, poivre, aucun sel au départ.",323,"Aujourd’hui, nous préparons diots de savoie endives champignons et crème douce façon ThermoChef.

Cette recette est prévue pour 2 personnes.

RÈGLE IMPORTANTE POUR LES DIOTS DE SAVOIE

Les diots de Savoie sont des saucisses assaisonnées.
Ils apportent l’assaisonnement principal.
On ne sale jamais au départ.
On les coupe en tronçons réguliers de 3 à 4 centimètres.
Si vos diots sont crus, ils doivent être cuits à cœur.
Si vos diots sont vendus cuits, ils doivent être chauds à cœur.
Les bases sèches ne sont pas utilisées cuites à l’avance.
Elles cuisent dans le ThermoChef avec l’eau indiquée.","Coupez les diots en tronçons réguliers.
Émincez les endives finement.
Émincez les champignons.
Coupez la pomme en petits dés.

MISE EN PLACE DANS LA CUVE

Mettez les endives, les champignons, la pomme, la crème et l’eau dans la cuve. Mélangez. Ajoutez les tronçons de diots. Ne salez pas au départ.

PROGRAMMATION THERMOCHEF

Fermez le couvercle.
Sélectionnez le menu Thermogrill.
Réglez le minuteur sur 14 minutes.
Appuyez sur Cuisiner.
Réglez la puissance sur 2.
Laissez le programme aller jusqu’à la fin.
Ouvrez avec prudence.

FINITION

À la fin, ouvrez avec prudence. Les endives doivent être tendres et les diots chauds à cœur. Ajoutez le persil. Goûtez avant d’ajouter du sel.

SERVICE

Servez chaud. Les endives et la pomme équilibrent le goût salé des diots.

POINT DE CONTRÔLE AVANT SERVICE

Les diots doivent être chauds à cœur.
Si vos diots sont crus, ils doivent être cuits à cœur.
La garniture doit être tendre.
La base sèche, quand il y en a une, doit être tendre sous la dent.
La sauce doit rester moelleuse.
Si la préparation paraît trop sèche, ajoutez 1 cuillère à soupe d’eau chaude, environ 15 millilitres, soit 15 grammes, puis mélangez doucement.
Goûtez toujours avant d’ajouter du sel.

RÉSUMÉ SIMPLE

On coupe les diots en tronçons de 3 à 4 centimètres.
On ne sale pas au départ.
On prépare la garniture ou la base sèche.
On ajoute l’eau indiquée dans la cuve.
On choisit le menu ThermoChef adapté.
On ne règle pas de puissance sur les menus Pâtes, Riz, Soupe ou Légumes secs.
On ouvre avec prudence.
On vérifie que les diots sont chauds à cœur.
On vérifie que la base est cuite.
Le plat est prêt à être servi chaud.

CONSEIL DIOTS

Les diots sont des saucisses riches en goût. La règle importante est de ne pas saler au départ et de contrôler la texture de la base avant le service. Les tronçons de 3 à 4 centimètres permettent une cuisson plus régulière dans la garniture.

CONSEIL DIOTS

Les diots sont des saucisses riches en goût. La règle importante est de ne pas saler au départ et de contrôler la texture de la base avant le service. Les tronçons de 3 à 4 centimètres permettent une cuisson plus régulière dans la garniture."
Diots de savoie haricots blancs carotte céleri-rave et laurier façon ThermoChef,https://30minutesparjour.com/recettes-audio/fr/diots%20de%20savoie%20excellence/diots%20de%20savoie%20haricots%20blancs%20carotte%20celeri-rave%20et%20laurier%20facon%20ThermoChef.mp3,Diots de savoie excellence,"3 diots de Savoie coupés en tronçons de 3 à 4 centimètres.
220 grammes de haricots blancs en conserve, égouttés.
1 carotte, environ 100 grammes, râpée.
180 grammes de céleri-rave râpé.
2 cuillères à soupe de crème liquide ou végétale, environ 30 grammes.
3 cuillères à soupe d’eau, 45 millilitres, environ 45 grammes.
1 feuille de laurier, poivre, aucun sel au départ.",324,"Aujourd’hui, nous préparons diots de savoie haricots blancs carotte céleri-rave et laurier façon ThermoChef.

Cette recette est prévue pour 2 personnes.

RÈGLE IMPORTANTE POUR LES DIOTS DE SAVOIE

Les diots de Savoie sont des saucisses assaisonnées.
Ils apportent l’assaisonnement principal.
On ne sale jamais au départ.
On les coupe en tronçons réguliers de 3 à 4 centimètres.
Si vos diots sont crus, ils doivent être cuits à cœur.
Si vos diots sont vendus cuits, ils doivent être chauds à cœur.
Les bases sèches ne sont pas utilisées cuites à l’avance.
Elles cuisent dans le ThermoChef avec l’eau indiquée.","Coupez les diots en tronçons de 3 à 4 centimètres.
Égouttez les haricots blancs.
Râpez la carotte et le céleri-rave.
Préparez la crème, l’eau et le laurier.

MISE EN PLACE DANS LA CUVE

Mettez les haricots blancs, la carotte, le céleri-rave, la crème, l’eau et le laurier dans la cuve. Mélangez. Ajoutez les diots. Ne salez pas.

PROGRAMMATION THERMOCHEF

Fermez le couvercle.
Sélectionnez le menu Thermogrill.
Réglez le minuteur sur 15 minutes.
Appuyez sur Cuisiner.
Réglez la puissance sur 3.
Laissez le programme aller jusqu’à la fin.
Ouvrez avec prudence.

FINITION

À la fin, ouvrez avec prudence. Les légumes doivent être tendres et les diots chauds à cœur. Retirez le laurier. Goûtez avant d’ajouter du sel.

SERVICE

Servez chaud. Les haricots blancs rendent le plat nourrissant.

POINT DE CONTRÔLE AVANT SERVICE

Les diots doivent être chauds à cœur.
Si vos diots sont crus, ils doivent être cuits à cœur.
La garniture doit être tendre.
La base sèche, quand il y en a une, doit être tendre sous la dent.
La sauce doit rester moelleuse.
Si la préparation paraît trop sèche, ajoutez 1 cuillère à soupe d’eau chaude, environ 15 millilitres, soit 15 grammes, puis mélangez doucement.
Goûtez toujours avant d’ajouter du sel.

RÉSUMÉ SIMPLE

On coupe les diots en tronçons de 3 à 4 centimètres.
On ne sale pas au départ.
On prépare la garniture ou la base sèche.
On ajoute l’eau indiquée dans la cuve.
On choisit le menu ThermoChef adapté.
On ne règle pas de puissance sur les menus Pâtes, Riz, Soupe ou Légumes secs.
On ouvre avec prudence.
On vérifie que les diots sont chauds à cœur.
On vérifie que la base est cuite.
Le plat est prêt à être servi chaud.

CONSEIL DIOTS

Les diots sont des saucisses riches en goût. La règle importante est de ne pas saler au départ et de contrôler la texture de la base avant le service. Les tronçons de 3 à 4 centimètres permettent une cuisson plus régulière dans la garniture.

CONSEIL DIOTS

Les diots sont des saucisses riches en goût. La règle importante est de ne pas saler au départ et de contrôler la texture de la base avant le service. Les tronçons de 3 à 4 centimètres permettent une cuisson plus régulière dans la garniture."
Diots de savoie sarrasin cru panais poireau et crème légère façon ThermoChef,https://30minutesparjour.com/recettes-audio/fr/diots%20de%20savoie%20excellence/diots%20de%20savoie%20sarrasin%20cru%20panais%20poireau%20et%20creme%20legere%20facon%20ThermoChef.mp3,Diots de savoie excellence,"3 diots de Savoie coupés en tronçons de 3 à 4 centimètres.
1 mesurette ThermoChef de sarrasin décortiqué cru, environ 110 à 115 grammes.
1 mesurette et demie ThermoChef d’eau, 240 millilitres, environ 240 grammes.
180 grammes de panais râpé.
1 poireau fin, environ 150 grammes préparés, émincé très finement.
2 cuillères à soupe de crème liquide ou végétale, environ 30 grammes.
persil, poivre, aucun sel au départ.",325,"Aujourd’hui, nous préparons diots de savoie sarrasin cru panais poireau et crème légère façon ThermoChef.

Cette recette est prévue pour 2 personnes.

RÈGLE IMPORTANTE POUR LES DIOTS DE SAVOIE

Les diots de Savoie sont des saucisses assaisonnées.
Ils apportent l’assaisonnement principal.
On ne sale jamais au départ.
On les coupe en tronçons réguliers de 3 à 4 centimètres.
Si vos diots sont crus, ils doivent être cuits à cœur.
Si vos diots sont vendus cuits, ils doivent être chauds à cœur.
Les bases sèches ne sont pas utilisées cuites à l’avance.
Elles cuisent dans le ThermoChef avec l’eau indiquée.

RÈGLE DE CUISSON DE LA BASE

Sarrasin décortiqué : 1 mesurette ThermoChef, environ 110 à 115 grammes, avec 1 mesurette et demie d’eau, 240 millilitres, environ 240 grammes. Temps paquet souvent 10 à 15 minutes ; menu Riz mode 3.","Coupez les diots en tronçons réguliers.
Rincez le sarrasin si votre paquet le conseille.
Mesurez le sarrasin et l’eau.
Préparez le panais et le poireau.

PREMIÈRE MISE EN PLACE DANS LA CUVE

Mettez les diots dans la cuve pour une courte première cuisson.

PREMIÈRE PROGRAMMATION THERMOCHEF

Fermez le couvercle.
Sélectionnez le menu Thermogrill.
Réglez le minuteur sur 5 minutes.
Appuyez sur Cuisiner.
Réglez la puissance sur 3.
Laissez le programme aller jusqu’à la fin.
Ouvrez avec prudence.

DEUXIÈME MISE EN PLACE

Ouvrez avec prudence. Ajoutez le sarrasin cru, l’eau, le panais, le poireau et la crème. Mélangez. Le sarrasin doit cuire dans le ThermoChef. Ne salez pas.
Vérifiez que rien ne dépasse trop haut dans la cuve.
Vérifiez aussi qu’aucun morceau d’aliment ne risque de bloquer le petit piston de sécurité sous le couvercle.

DEUXIÈME PROGRAMMATION THERMOCHEF

Fermez le couvercle.
Sélectionnez le menu Riz.
Choisissez mode 3, environ 13 à 15 minutes.
Appuyez sur Cuisiner.
Laissez le programme aller jusqu’à la fin.
Attendez que la sécurité autorise l’ouverture.
N’essayez jamais de forcer le couvercle.
Ouvrez avec prudence.

FINITION

À la fin du menu Riz, attendez que la sécurité autorise l’ouverture. Ouvrez avec prudence. Le sarrasin doit être tendre et les diots chauds à cœur. Ajoutez le persil.

SERVICE

Servez chaud. Le sarrasin apporte une saveur rustique qui convient bien aux diots.

POINT DE CONTRÔLE AVANT SERVICE

Les diots doivent être chauds à cœur.
Si vos diots sont crus, ils doivent être cuits à cœur.
La garniture doit être tendre.
La base sèche, quand il y en a une, doit être tendre sous la dent.
La sauce doit rester moelleuse.
Si la préparation paraît trop sèche, ajoutez 1 cuillère à soupe d’eau chaude, environ 15 millilitres, soit 15 grammes, puis mélangez doucement.
Goûtez toujours avant d’ajouter du sel.

RÉSUMÉ SIMPLE

On coupe les diots en tronçons de 3 à 4 centimètres.
On ne sale pas au départ.
On prépare la garniture ou la base sèche.
On ajoute l’eau indiquée dans la cuve.
On choisit le menu ThermoChef adapté.
On ne règle pas de puissance sur les menus Pâtes, Riz, Soupe ou Légumes secs.
On ouvre avec prudence.
On vérifie que les diots sont chauds à cœur.
On vérifie que la base est cuite.
Le plat est prêt à être servi chaud."
Diots de savoie topinambours carottes échalote et crème thym façon ThermoChef,https://30minutesparjour.com/recettes-audio/fr/diots%20de%20savoie%20excellence/diots%20de%20savoie%20topinambours%20carottes%20echalote%20et%20creme%20thym%20facon%20ThermoChef..mp3,Diots de savoie excellence,"3 diots de Savoie coupés en tronçons de 3 à 4 centimètres.
260 grammes de topinambours râpés ou coupés très finement.
2 carottes, environ 200 grammes, râpées.
1 échalote émincée finement.
3 cuillères à soupe de crème liquide ou végétale, environ 45 grammes.
3 cuillères à soupe d’eau, 45 millilitres, environ 45 grammes.
thym, poivre, aucun sel au départ.",326,"Aujourd’hui, nous préparons diots de savoie topinambours carottes échalote et crème thym façon ThermoChef.

Cette recette est prévue pour 2 personnes.

RÈGLE IMPORTANTE POUR LES DIOTS DE SAVOIE

Les diots de Savoie sont des saucisses assaisonnées.
Ils apportent l’assaisonnement principal.
On ne sale jamais au départ.
On les coupe en tronçons réguliers de 3 à 4 centimètres.
Si vos diots sont crus, ils doivent être cuits à cœur.
Si vos diots sont vendus cuits, ils doivent être chauds à cœur.
Les bases sèches ne sont pas utilisées cuites à l’avance.
Elles cuisent dans le ThermoChef avec l’eau indiquée.","Coupez les diots en tronçons réguliers.
Préparez les topinambours.
Râpez les carottes.
Émincez l’échalote.

MISE EN PLACE DANS LA CUVE

Mettez les topinambours, les carottes, l’échalote, la crème, l’eau et le thym dans la cuve. Mélangez. Ajoutez les diots. Ne salez pas.

PROGRAMMATION THERMOCHEF

Fermez le couvercle.
Sélectionnez le menu Thermogrill.
Réglez le minuteur sur 15 minutes.
Appuyez sur Cuisiner.
Réglez la puissance sur 3.
Laissez le programme aller jusqu’à la fin.
Ouvrez avec prudence.

FINITION

À la fin, ouvrez avec prudence. Les topinambours doivent être tendres. Les diots doivent être chauds à cœur. Goûtez avant d’ajouter du sel.

SERVICE

Servez chaud. Les topinambours apportent une douceur particulière.

POINT DE CONTRÔLE AVANT SERVICE

Les diots doivent être chauds à cœur.
Si vos diots sont crus, ils doivent être cuits à cœur.
La garniture doit être tendre.
La base sèche, quand il y en a une, doit être tendre sous la dent.
La sauce doit rester moelleuse.
Si la préparation paraît trop sèche, ajoutez 1 cuillère à soupe d’eau chaude, environ 15 millilitres, soit 15 grammes, puis mélangez doucement.
Goûtez toujours avant d’ajouter du sel.

RÉSUMÉ SIMPLE

On coupe les diots en tronçons de 3 à 4 centimètres.
On ne sale pas au départ.
On prépare la garniture ou la base sèche.
On ajoute l’eau indiquée dans la cuve.
On choisit le menu ThermoChef adapté.
On ne règle pas de puissance sur les menus Pâtes, Riz, Soupe ou Légumes secs.
On ouvre avec prudence.
On vérifie que les diots sont chauds à cœur.
On vérifie que la base est cuite.
Le plat est prêt à être servi chaud.

CONSEIL DIOTS

Les diots sont des saucisses riches en goût. La règle importante est de ne pas saler au départ et de contrôler la texture de la base avant le service. Les tronçons de 3 à 4 centimètres permettent une cuisson plus régulière dans la garniture.

CONSEIL DIOTS

Les diots sont des saucisses riches en goût. La règle importante est de ne pas saler au départ et de contrôler la texture de la base avant le service. Les tronçons de 3 à 4 centimètres permettent une cuisson plus régulière dans la garniture."
Diots de savoie choux de bruxelles potimarron et crème moutardée façon ThermoChef,https://30minutesparjour.com/recettes-audio/fr/diots%20de%20savoie%20excellence/diots%20de%20savoie%20choux%20de%20bruxelles%20potimarron%20et%20creme%20moutardee%20facon%20ThermoChef.mp3,Diots de savoie excellence,"3 diots de Savoie coupés en tronçons de 3 à 4 centimètres.
220 grammes de choux de Bruxelles coupés en deux.
240 grammes de potimarron râpé ou coupé en très petits dés.
3 cuillères à soupe de crème liquide ou végétale, environ 45 grammes.
1 petite cuillère à café de moutarde douce, environ 5 grammes.
3 cuillères à soupe d’eau, 45 millilitres, environ 45 grammes.
persil, poivre, aucun sel au départ.",327,"Aujourd’hui, nous préparons diots de savoie choux de bruxelles potimarron et crème moutardée façon ThermoChef.

Cette recette est prévue pour 2 personnes.

RÈGLE IMPORTANTE POUR LES DIOTS DE SAVOIE

Les diots de Savoie sont des saucisses assaisonnées.
Ils apportent l’assaisonnement principal.
On ne sale jamais au départ.
On les coupe en tronçons réguliers de 3 à 4 centimètres.
Si vos diots sont crus, ils doivent être cuits à cœur.
Si vos diots sont vendus cuits, ils doivent être chauds à cœur.
Les bases sèches ne sont pas utilisées cuites à l’avance.
Elles cuisent dans le ThermoChef avec l’eau indiquée.","Coupez les diots en tronçons réguliers.
Coupez les choux de Bruxelles en deux.
Préparez le potimarron.
Préparez la crème, la moutarde et l’eau.

MISE EN PLACE DANS LA CUVE

Mettez les choux de Bruxelles, le potimarron, la crème, la moutarde et l’eau dans la cuve. Mélangez. Ajoutez les diots. Ne salez pas.

PROGRAMMATION THERMOCHEF

Fermez le couvercle.
Sélectionnez le menu Thermogrill.
Réglez le minuteur sur 16 minutes.
Appuyez sur Cuisiner.
Réglez la puissance sur 3.
Laissez le programme aller jusqu’à la fin.
Ouvrez avec prudence.

FINITION

À la fin, ouvrez avec prudence. Les légumes doivent être tendres et les diots chauds à cœur. Ajoutez le persil.

SERVICE

Servez chaud. Le potimarron adoucit les choux de Bruxelles.

POINT DE CONTRÔLE AVANT SERVICE

Les diots doivent être chauds à cœur.
Si vos diots sont crus, ils doivent être cuits à cœur.
La garniture doit être tendre.
La base sèche, quand il y en a une, doit être tendre sous la dent.
La sauce doit rester moelleuse.
Si la préparation paraît trop sèche, ajoutez 1 cuillère à soupe d’eau chaude, environ 15 millilitres, soit 15 grammes, puis mélangez doucement.
Goûtez toujours avant d’ajouter du sel.

RÉSUMÉ SIMPLE

On coupe les diots en tronçons de 3 à 4 centimètres.
On ne sale pas au départ.
On prépare la garniture ou la base sèche.
On ajoute l’eau indiquée dans la cuve.
On choisit le menu ThermoChef adapté.
On ne règle pas de puissance sur les menus Pâtes, Riz, Soupe ou Légumes secs.
On ouvre avec prudence.
On vérifie que les diots sont chauds à cœur.
On vérifie que la base est cuite.
Le plat est prêt à être servi chaud.

CONSEIL DIOTS

Les diots sont des saucisses riches en goût. La règle importante est de ne pas saler au départ et de contrôler la texture de la base avant le service. Les tronçons de 3 à 4 centimètres permettent une cuisson plus régulière dans la garniture.

CONSEIL DIOTS

Les diots sont des saucisses riches en goût. La règle importante est de ne pas saler au départ et de contrôler la texture de la base avant le service. Les tronçons de 3 à 4 centimètres permettent une cuisson plus régulière dans la garniture."
Diots de savoie pois cassés carotte rutabaga et laurier façon ThermoChef,https://30minutesparjour.com/recettes-audio/fr/diots%20de%20savoie%20excellence/diots%20de%20savoie%20pois%20casses%20carotte%20rutabaga%20et%20laurier%20facon%20ThermoChef.mp3,Diots de savoie excellence,"3 diots de Savoie coupés en tronçons de 3 à 4 centimètres.
1 mesurette ThermoChef de pois cassés secs, environ 120 grammes.
2 mesurettes et demie ThermoChef d’eau, 400 millilitres, environ 400 grammes.
1 carotte, environ 100 grammes, coupée en petits dés.
160 grammes de rutabaga coupé en très petits dés.
1 feuille de laurier.
Poivre.
Aucun sel au départ.",328,"Aujourd’hui, nous préparons diots de savoie pois cassés carotte rutabaga et laurier façon ThermoChef.

Cette recette est prévue pour 2 personnes.

RÈGLE IMPORTANTE POUR LES DIOTS DE SAVOIE

Les diots de Savoie sont des saucisses assaisonnées.
Ils apportent l’assaisonnement principal.
Ne salez jamais au départ.
Coupez les diots en tronçons réguliers de 3 à 4 centimètres pour une cuisson régulière.
Si vos diots sont crus, ils doivent être cuits à cœur.
Si vos diots sont vendus cuits, ils doivent être chauds à cœur.
Les bases sèches sont utilisées sèches au départ.
Elles cuisent dans le ThermoChef avec l’eau indiquée.

RÈGLE IMPORTANTE POUR LES POIS CASSÉS

Les pois cassés sont utilisés secs.
Pour 1 mesurette ThermoChef de pois cassés secs, environ 120 grammes, utilisez 2 mesurettes et demie d’eau, soit 400 millilitres, environ 400 grammes.
Le temps de référence est 10 minutes sur le menu Légumes secs.
Si votre version du ThermoChef demande une puissance sur ce menu, réglez sur 3.
Après cuisson, laissez reposer 5 minutes couvercle fermé si vous souhaitez une texture plus fondante.
La correction principale est l’eau et le repos, pas l’allongement direct du temps.","Coupez les diots en tronçons réguliers de 3 à 4 centimètres.
Rincez les pois cassés si votre paquet le conseille.
Mesurez les pois cassés et l’eau avec précision.
Coupez la carotte et le rutabaga en très petits dés.
Préparez la feuille de laurier.

PREMIÈRE MISE EN PLACE DANS LA CUVE

Mettez les tronçons de diots dans la cuve.
Ne salez pas.

PREMIÈRE PROGRAMMATION THERMOCHEF

Sélectionnez le menu Thermogrill.
Réglez le minuteur sur 4 minutes.
Appuyez sur Cuisiner.
Réglez la puissance sur 3.
Laissez colorer légèrement les diots.
Ouvrez avec prudence.

DEUXIÈME MISE EN PLACE

Ajoutez les pois cassés secs.
Ajoutez l’eau.
Ajoutez la carotte, le rutabaga et le laurier.
Mélangez pour répartir les pois cassés dans l’eau.
Ne salez pas.
Vérifiez que le petit piston de sécurité reste libre.

DEUXIÈME PROGRAMMATION THERMOCHEF

Fermez le couvercle.
Sélectionnez le menu Légumes secs.
Réglez le temps sur 10 minutes.
Appuyez sur Cuisiner.
Si votre version du ThermoChef demande une puissance sur ce menu, réglez sur 3.
Laissez le programme aller jusqu’à la fin.
Attendez que la sécurité autorise l’ouverture.
N’essayez jamais de forcer le couvercle.
Laissez reposer 5 minutes couvercle fermé si vous souhaitez une texture plus fondante.
Ouvrez avec prudence.

FINITION

Retirez la feuille de laurier.
Vérifiez que les pois cassés sont tendres.
Vérifiez que les diots sont chauds à cœur.
Si vos diots sont crus, ils doivent être cuits à cœur.
Goûtez avant d’ajouter du sel.
Ajoutez du poivre si nécessaire.

SERVICE

Servez chaud.
Les pois cassés donnent une base nourrissante.
Les diots apportent le goût principal.

POINT DE CONTRÔLE AVANT SERVICE

Les diots doivent être chauds à cœur.
Si vos diots sont crus, ils doivent être cuits à cœur.
La base doit être tendre.
La préparation ne doit pas être sèche.
Si la préparation paraît trop sèche, ajoutez 1 cuillère à soupe d’eau chaude, environ 15 millilitres, soit 15 grammes, puis mélangez doucement.

RÉSUMÉ SIMPLE

On coupe les diots en tronçons de 3 à 4 centimètres.
On les colore 4 minutes au Thermogrill, puissance 3.
On ajoute les pois cassés, 400 millilitres d’eau, la carotte, le rutabaga et le laurier.
On lance menu Légumes secs, 10 minutes.
On règle la puissance sur 3 seulement si l’appareil la demande.
On laisse reposer 5 minutes si besoin.
On vérifie que les diots sont chauds à cœur.
Le plat est prêt."
Diots de savoie chou rouge châtaignes pomme et échalote façon ThermoChef,https://30minutesparjour.com/recettes-audio/fr/diots%20de%20savoie%20excellence/diots%20de%20savoie%20chou%20rouge%20chataignes%20pomme%20et%20echalote%20facon%20ThermoChef.mp3,Diots de savoie excellence,"3 diots de Savoie coupés en tronçons de 3 à 4 centimètres.
260 grammes de chou rouge émincé très finement.
120 grammes de châtaignes cuites sous vide ou en bocal, coupées en deux.
1 pomme, environ 140 grammes, coupée en petits dés.
1 échalote émincée finement.
3 cuillères à soupe d’eau, 45 millilitres, environ 45 grammes.
poivre, aucun sel au départ.",329,"Aujourd’hui, nous préparons diots de savoie chou rouge châtaignes pomme et échalote façon ThermoChef.

Cette recette est prévue pour 2 personnes.

RÈGLE IMPORTANTE POUR LES DIOTS DE SAVOIE

Les diots de Savoie sont des saucisses assaisonnées.
Ils apportent l’assaisonnement principal.
On ne sale jamais au départ.
On les coupe en tronçons réguliers de 3 à 4 centimètres.
Si vos diots sont crus, ils doivent être cuits à cœur.
Si vos diots sont vendus cuits, ils doivent être chauds à cœur.
Les bases sèches ne sont pas utilisées cuites à l’avance.
Elles cuisent dans le ThermoChef avec l’eau indiquée.","Coupez les diots en tronçons réguliers.
Émincez le chou rouge très finement.
Coupez la pomme en petits dés.
Préparez les châtaignes et l’échalote.

MISE EN PLACE DANS LA CUVE

Mettez le chou rouge, les châtaignes, la pomme, l’échalote et l’eau dans la cuve. Mélangez. Ajoutez les diots. Ne salez pas.

PROGRAMMATION THERMOCHEF

Fermez le couvercle.
Sélectionnez le menu Thermogrill.
Réglez le minuteur sur 15 minutes.
Appuyez sur Cuisiner.
Réglez la puissance sur 2.
Laissez le programme aller jusqu’à la fin.
Ouvrez avec prudence.

FINITION

À la fin, ouvrez avec prudence. Le chou rouge doit être tendre. Les diots doivent être chauds à cœur. Goûtez avant d’ajouter du sel.

SERVICE

Servez chaud. La pomme et les châtaignes adoucissent le chou rouge.

POINT DE CONTRÔLE AVANT SERVICE

Les diots doivent être chauds à cœur.
Si vos diots sont crus, ils doivent être cuits à cœur.
La garniture doit être tendre.
La base sèche, quand il y en a une, doit être tendre sous la dent.
La sauce doit rester moelleuse.
Si la préparation paraît trop sèche, ajoutez 1 cuillère à soupe d’eau chaude, environ 15 millilitres, soit 15 grammes, puis mélangez doucement.
Goûtez toujours avant d’ajouter du sel.

RÉSUMÉ SIMPLE

On coupe les diots en tronçons de 3 à 4 centimètres.
On ne sale pas au départ.
On prépare la garniture ou la base sèche.
On ajoute l’eau indiquée dans la cuve.
On choisit le menu ThermoChef adapté.
On ne règle pas de puissance sur les menus Pâtes, Riz, Soupe ou Légumes secs.
On ouvre avec prudence.
On vérifie que les diots sont chauds à cœur.
On vérifie que la base est cuite.
Le plat est prêt à être servi chaud.

CONSEIL DIOTS

Les diots sont des saucisses riches en goût. La règle importante est de ne pas saler au départ et de contrôler la texture de la base avant le service. Les tronçons de 3 à 4 centimètres permettent une cuisson plus régulière dans la garniture.

CONSEIL DIOTS

Les diots sont des saucisses riches en goût. La règle importante est de ne pas saler au départ et de contrôler la texture de la base avant le service. Les tronçons de 3 à 4 centimètres permettent une cuisson plus régulière dans la garniture."
Diots de savoie orge perlée crue artichauts tomates séchées et crème basilic façon ThermoChef,https://30minutesparjour.com/recettes-audio/fr/diots%20de%20savoie%20excellence/diots%20de%20savoie%20orge%20perlee%20crue%20artichauts%20tomates%20sechees%20et%20creme%20basilic%20facon%20ThermoChef.mp3,Diots de savoie excellence,"3 diots de Savoie coupés en tronçons de 3 à 4 centimètres.
1 mesurette ThermoChef d’orge perlée crue, environ 120 grammes.
1 mesurette et demie ThermoChef d’eau, 240 millilitres, environ 240 grammes.
140 grammes de fonds d’artichauts coupés en morceaux.
25 grammes de tomates séchées coupées finement.
2 cuillères à soupe de crème liquide ou végétale, environ 30 grammes.
basilic ou persil, poivre, aucun sel au départ.",330,"Aujourd’hui, nous préparons diots de savoie orge perlée crue artichauts tomates séchées et crème basilic façon ThermoChef.

Cette recette est prévue pour 2 personnes.

RÈGLE IMPORTANTE POUR LES DIOTS DE SAVOIE

Les diots de Savoie sont des saucisses assaisonnées.
Ils apportent l’assaisonnement principal.
On ne sale jamais au départ.
On les coupe en tronçons réguliers de 3 à 4 centimètres.
Si vos diots sont crus, ils doivent être cuits à cœur.
Si vos diots sont vendus cuits, ils doivent être chauds à cœur.
Les bases sèches ne sont pas utilisées cuites à l’avance.
Elles cuisent dans le ThermoChef avec l’eau indiquée.

RÈGLE DE CUISSON DE LA BASE

Orge perlée : 1 mesurette ThermoChef, environ 120 grammes, avec 1 mesurette et demie d’eau, 240 millilitres, environ 240 grammes. Temps paquet souvent 30 à 35 minutes ; menu Légumes secs 10 à 12 minutes selon paquet.","Coupez les diots en tronçons réguliers.
Rincez l’orge perlée si votre paquet le conseille.
Mesurez l’orge et l’eau.
Coupez les artichauts et les tomates séchées.

PREMIÈRE MISE EN PLACE DANS LA CUVE

Mettez les diots dans la cuve pour une courte première cuisson.

PREMIÈRE PROGRAMMATION THERMOCHEF

Fermez le couvercle.
Sélectionnez le menu Thermogrill.
Réglez le minuteur sur 5 minutes.
Appuyez sur Cuisiner.
Réglez la puissance sur 3.
Laissez le programme aller jusqu’à la fin.
Ouvrez avec prudence.

DEUXIÈME MISE EN PLACE

Ouvrez avec prudence. Ajoutez l’orge perlée crue, l’eau, les artichauts, les tomates séchées et la crème. Mélangez. L’orge doit cuire dans le ThermoChef. Ne salez pas.
Vérifiez que rien ne dépasse trop haut dans la cuve.
Vérifiez aussi qu’aucun morceau d’aliment ne risque de bloquer le petit piston de sécurité sous le couvercle.

DEUXIÈME PROGRAMMATION THERMOCHEF

Fermez le couvercle.
Sélectionnez le menu Légumes secs.
Réglez le temps sur 12 minutes.
Appuyez sur Cuisiner.
Laissez le programme aller jusqu’à la fin.
Attendez que la sécurité autorise l’ouverture.
N’essayez jamais de forcer le couvercle.
Ouvrez avec prudence.

FINITION

À la fin du menu Légumes secs, attendez que la sécurité autorise l’ouverture. Ouvrez avec prudence. L’orge doit être tendre et les diots chauds à cœur. Ajoutez l’herbe choisie.

SERVICE

Servez chaud. L’orge perlée apporte une base ferme et nourrissante.

POINT DE CONTRÔLE AVANT SERVICE

Les diots doivent être chauds à cœur.
Si vos diots sont crus, ils doivent être cuits à cœur.
La garniture doit être tendre.
La base sèche, quand il y en a une, doit être tendre sous la dent.
La sauce doit rester moelleuse.
Si la préparation paraît trop sèche, ajoutez 1 cuillère à soupe d’eau chaude, environ 15 millilitres, soit 15 grammes, puis mélangez doucement.
Goûtez toujours avant d’ajouter du sel.

RÉSUMÉ SIMPLE

On coupe les diots en tronçons de 3 à 4 centimètres.
On ne sale pas au départ.
On prépare la garniture ou la base sèche.
On ajoute l’eau indiquée dans la cuve.
On choisit le menu ThermoChef adapté.
On ne règle pas de puissance sur les menus Pâtes, Riz, Soupe ou Légumes secs.
On ouvre avec prudence.
On vérifie que les diots sont chauds à cœur.
On vérifie que la base est cuite.
Le plat est prêt à être servi chaud."
Diots de savoie gnocchis chou romanesco tomates cerises et sauge façon ThermoChef,https://30minutesparjour.com/recettes-audio/fr/diots%20de%20savoie%20excellence/diots%20de%20savoie%20gnocchis%20chou%20romanesco%20tomates%20cerises%20et%20sauge%20facon%20ThermoChef.mp3,Diots de savoie excellence,"3 diots de Savoie coupés en tronçons de 3 à 4 centimètres.
300 grammes de gnocchis frais à poêler.
160 grammes de chou romanesco en très petits bouquets.
120 grammes de tomates cerises coupées en deux.
2 cuillères à soupe de crème liquide ou végétale, environ 30 grammes.
2 cuillères à soupe d’eau, 30 millilitres, environ 30 grammes.
sauge ou persil, poivre, aucun sel au départ.",331,"Aujourd’hui, nous préparons diots de savoie gnocchis chou romanesco tomates cerises et sauge façon ThermoChef.

Cette recette est prévue pour 2 personnes.

RÈGLE IMPORTANTE POUR LES DIOTS DE SAVOIE

Les diots de Savoie sont des saucisses assaisonnées.
Ils apportent l’assaisonnement principal.
On ne sale jamais au départ.
On les coupe en tronçons réguliers de 3 à 4 centimètres.
Si vos diots sont crus, ils doivent être cuits à cœur.
Si vos diots sont vendus cuits, ils doivent être chauds à cœur.
Les bases sèches ne sont pas utilisées cuites à l’avance.
Elles cuisent dans le ThermoChef avec l’eau indiquée.

RÈGLE DE CUISSON DE LA BASE

Gnocchis frais à poêler : cuisson courte au Thermogrill avec un peu d’eau et de crème.","Coupez les diots en tronçons réguliers.
Préparez les gnocchis.
Coupez le chou romanesco en très petits bouquets.
Coupez les tomates cerises en deux.

MISE EN PLACE DANS LA CUVE

Mettez les gnocchis, le chou romanesco, les tomates cerises, la crème et l’eau dans la cuve. Mélangez. Ajoutez les tronçons de diots. Ne salez pas.

PROGRAMMATION THERMOCHEF

Fermez le couvercle.
Sélectionnez le menu Thermogrill.
Réglez le minuteur sur 14 minutes.
Appuyez sur Cuisiner.
Réglez la puissance sur 3.
Laissez le programme aller jusqu’à la fin.
Ouvrez avec prudence.

FINITION

À la fin, ouvrez avec prudence. Les gnocchis doivent être tendres et les diots chauds à cœur. Ajoutez la sauge ou le persil.

SERVICE

Servez chaud. Les gnocchis donnent une base moelleuse.

POINT DE CONTRÔLE AVANT SERVICE

Les diots doivent être chauds à cœur.
Si vos diots sont crus, ils doivent être cuits à cœur.
La garniture doit être tendre.
La base sèche, quand il y en a une, doit être tendre sous la dent.
La sauce doit rester moelleuse.
Si la préparation paraît trop sèche, ajoutez 1 cuillère à soupe d’eau chaude, environ 15 millilitres, soit 15 grammes, puis mélangez doucement.
Goûtez toujours avant d’ajouter du sel.

RÉSUMÉ SIMPLE

On coupe les diots en tronçons de 3 à 4 centimètres.
On ne sale pas au départ.
On prépare la garniture ou la base sèche.
On ajoute l’eau indiquée dans la cuve.
On choisit le menu ThermoChef adapté.
On ne règle pas de puissance sur les menus Pâtes, Riz, Soupe ou Légumes secs.
On ouvre avec prudence.
On vérifie que les diots sont chauds à cœur.
On vérifie que la base est cuite.
Le plat est prêt à être servi chaud.

CONSEIL DIOTS

Les diots sont des saucisses riches en goût. La règle importante est de ne pas saler au départ et de contrôler la texture de la base avant le service. Les tronçons de 3 à 4 centimètres permettent une cuisson plus régulière dans la garniture."
Diots de savoie polenta crémeuse maïs haricots verts et estragon façon ThermoChef,https://30minutesparjour.com/recettes-audio/fr/diots%20de%20savoie%20excellence/diots%20de%20savoie%20polenta%20cremeuse%20mais%20haricots%20verts%20et%20estragon%20facon%20ThermoChef.mp3,Diots de savoie excellence,"3 diots de Savoie coupés en tronçons de 3 à 4 centimètres.
90 grammes de polenta instantanée.
420 millilitres d’eau, environ 420 grammes.
100 grammes de maïs égoutté.
160 grammes de haricots verts fins coupés en deux.
1 cuillère à soupe de crème liquide ou végétale, environ 15 grammes.
estragon ou persil, poivre, aucun sel au départ.",332,"Aujourd’hui, nous préparons diots de savoie polenta crémeuse maïs haricots verts et estragon façon ThermoChef.

Cette recette est prévue pour 2 personnes.

RÈGLE IMPORTANTE POUR LES DIOTS DE SAVOIE

Les diots de Savoie sont des saucisses assaisonnées.
Ils apportent l’assaisonnement principal.
On ne sale jamais au départ.
On les coupe en tronçons réguliers de 3 à 4 centimètres.
Si vos diots sont crus, ils doivent être cuits à cœur.
Si vos diots sont vendus cuits, ils doivent être chauds à cœur.
Les bases sèches ne sont pas utilisées cuites à l’avance.
Elles cuisent dans le ThermoChef avec l’eau indiquée.

RÈGLE DE CUISSON DE LA BASE

Polenta instantanée : 90 grammes avec 420 millilitres d’eau, environ 420 grammes. Mélanger soigneusement avant cuisson pour éviter les paquets secs.","Coupez les diots en tronçons réguliers.
Pesez la polenta et mesurez l’eau.
Égouttez le maïs.
Coupez les haricots verts en deux.

MISE EN PLACE DANS LA CUVE

Mettez l’eau, la polenta, le maïs, les haricots verts et la crème dans la cuve. Mélangez très soigneusement pour éviter les paquets secs. Ajoutez les diots. Ne salez pas.

PROGRAMMATION THERMOCHEF

Fermez le couvercle.
Sélectionnez le menu Thermogrill.
Réglez le minuteur sur 15 minutes.
Appuyez sur Cuisiner.
Réglez la puissance sur 3.
Laissez le programme aller jusqu’à la fin.
Ouvrez avec prudence.

FINITION

À la fin, ouvrez avec prudence. La polenta doit être crémeuse et les diots chauds à cœur. Ajoutez l’estragon ou le persil.

SERVICE

Servez chaud. La polenta crémeuse adoucit les diots.

POINT DE CONTRÔLE AVANT SERVICE

Les diots doivent être chauds à cœur.
Si vos diots sont crus, ils doivent être cuits à cœur.
La garniture doit être tendre.
La base sèche, quand il y en a une, doit être tendre sous la dent.
La sauce doit rester moelleuse.
Si la préparation paraît trop sèche, ajoutez 1 cuillère à soupe d’eau chaude, environ 15 millilitres, soit 15 grammes, puis mélangez doucement.
Goûtez toujours avant d’ajouter du sel.

RÉSUMÉ SIMPLE

On coupe les diots en tronçons de 3 à 4 centimètres.
On ne sale pas au départ.
On prépare la garniture ou la base sèche.
On ajoute l’eau indiquée dans la cuve.
On choisit le menu ThermoChef adapté.
On ne règle pas de puissance sur les menus Pâtes, Riz, Soupe ou Légumes secs.
On ouvre avec prudence.
On vérifie que les diots sont chauds à cœur.
On vérifie que la base est cuite.
Le plat est prêt à être servi chaud.

CONSEIL DIOTS

Les diots sont des saucisses riches en goût. La règle importante est de ne pas saler au départ et de contrôler la texture de la base avant le service. Les tronçons de 3 à 4 centimètres permettent une cuisson plus régulière dans la garniture."
Diots de savoie millet décortiqué chou-rave fèves et crème citronnée façon ThermoChef,https://30minutesparjour.com/recettes-audio/fr/diots%20de%20savoie%20excellence/diots%20de%20savoie%20millet%20decortique%20chou-rave%20feves%20et%20creme%20citronnee%20facon%20ThermoChef.mp3,Diots de savoie excellence,"3 diots de Savoie coupés en tronçons de 3 à 4 centimètres.
1 mesurette ThermoChef de millet décortiqué cru, environ 110 grammes.
1 mesurette et demie ThermoChef d’eau, 240 millilitres, environ 240 grammes.
180 grammes de chou-rave râpé ou coupé en très petits dés.
140 grammes de fèves pelées.
2 cuillères à soupe de crème liquide ou végétale, environ 30 grammes.
Quelques gouttes de citron à la fin.
Persil ou aneth.
Poivre.
Aucun sel au départ.",333,"Aujourd’hui, nous préparons diots de savoie millet décortiqué chou-rave fèves et crème citronnée façon ThermoChef.

Cette recette est prévue pour 2 personnes.

RÈGLE IMPORTANTE POUR LES DIOTS DE SAVOIE

Les diots de Savoie sont des saucisses assaisonnées.
Ils apportent l’assaisonnement principal.
Ne salez jamais au départ.
Coupez les diots en tronçons réguliers de 3 à 4 centimètres pour une cuisson régulière.
Si vos diots sont crus, ils doivent être cuits à cœur.
Si vos diots sont vendus cuits, ils doivent être chauds à cœur.
Les bases sèches sont utilisées sèches au départ.
Elles cuisent dans le ThermoChef avec l’eau indiquée.

RÈGLE IMPORTANTE POUR LE MILLET DÉCORTIQUÉ

Le millet décortiqué est utilisé sec au départ.
Il cuit directement dans le ThermoChef avec l’eau indiquée.
Utilisez 1 mesurette ThermoChef de millet décortiqué, environ 110 grammes.
Ajoutez 1 mesurette et demie d’eau, soit 240 millilitres, environ 240 grammes.
Le menu utilisé est Riz mode 3, environ 13 à 15 minutes.
Sur le menu Riz, on ne règle pas de puissance.","Coupez les diots en tronçons réguliers de 3 à 4 centimètres.
Rincez le millet décortiqué si votre paquet le conseille.
Mesurez le millet et l’eau avec précision.
Préparez le chou-rave et les fèves.
Gardez le citron et l’herbe choisie pour la finition.

PREMIÈRE MISE EN PLACE DANS LA CUVE

Mettez les tronçons de diots dans la cuve.
Ne salez pas.

PREMIÈRE PROGRAMMATION THERMOCHEF

Sélectionnez le menu Thermogrill.
Réglez le minuteur sur 4 minutes.
Appuyez sur Cuisiner.
Réglez la puissance sur 3.
Laissez colorer légèrement les diots.
Ouvrez avec prudence.

DEUXIÈME MISE EN PLACE

Ajoutez le millet décortiqué cru.
Ajoutez l’eau.
Ajoutez le chou-rave, les fèves et la crème.
Mélangez.
Ne salez pas.
Vérifiez que le petit piston de sécurité reste libre.

DEUXIÈME PROGRAMMATION THERMOCHEF

Fermez le couvercle.
Sélectionnez le menu Riz.
Choisissez mode 3, environ 13 à 15 minutes.
Appuyez sur Cuisiner.
Laissez le programme aller jusqu’à la fin.
Attendez que la sécurité autorise l’ouverture.
N’essayez jamais de forcer le couvercle.
Ouvrez avec prudence.

FINITION

Le millet doit être tendre.
Les diots doivent être chauds à cœur.
Si vos diots sont crus, ils doivent être cuits à cœur.
Ajoutez le citron et l’herbe choisie.
Mélangez doucement.
Goûtez avant d’ajouter du sel.

SERVICE

Servez chaud.
Le millet donne une base douce.
La crème et le citron équilibrent le goût des diots.

POINT DE CONTRÔLE AVANT SERVICE

Les diots doivent être chauds à cœur.
Si vos diots sont crus, ils doivent être cuits à cœur.
La base doit être tendre.
La préparation ne doit pas être sèche.
Si la préparation paraît trop sèche, ajoutez 1 cuillère à soupe d’eau chaude, environ 15 millilitres, soit 15 grammes, puis mélangez doucement.

RÉSUMÉ SIMPLE

On coupe les diots en tronçons de 3 à 4 centimètres.
On les colore 4 minutes au Thermogrill, puissance 3.
On ajoute le millet décortiqué, 240 millilitres d’eau, le chou-rave, les fèves et la crème.
On lance menu Riz mode 3, environ 13 à 15 minutes.
On ouvre avec prudence.
On ajoute citron et herbes.
On vérifie que les diots sont chauds à cœur.
Le plat est prêt."
Diots de savoie riz noir cru navets chou kale et crème persillée façon ThermoChef,https://30minutesparjour.com/recettes-audio/fr/diots%20de%20savoie%20excellence/diots%20de%20savoie%20riz%20noir%20cru%20navets%20chou%20kale%20et%20creme%20persillee%20facon%20ThermoChef.mp3,Diots de savoie excellence,"3 diots de Savoie coupés en tronçons de 3 à 4 centimètres.
1 mesurette ThermoChef de riz noir cru, environ 140 à 150 grammes.
1 mesurette et demie ThermoChef d’eau, 240 millilitres, environ 240 grammes.
180 grammes de navets râpés ou coupés en très petits dés.
120 grammes de chou kale émincé très finement.
2 cuillères à soupe de crème liquide ou végétale, environ 30 grammes.
persil, poivre, aucun sel au départ.",334,"Aujourd’hui, nous préparons diots de savoie riz noir cru navets chou kale et crème persillée façon ThermoChef.

Cette recette est prévue pour 2 personnes.

RÈGLE IMPORTANTE POUR LES DIOTS DE SAVOIE

Les diots de Savoie sont des saucisses assaisonnées.
Ils apportent l’assaisonnement principal.
On ne sale jamais au départ.
On les coupe en tronçons réguliers de 3 à 4 centimètres.
Si vos diots sont crus, ils doivent être cuits à cœur.
Si vos diots sont vendus cuits, ils doivent être chauds à cœur.
Les bases sèches ne sont pas utilisées cuites à l’avance.
Elles cuisent dans le ThermoChef avec l’eau indiquée.

RÈGLE DE CUISSON DE LA BASE

Riz noir : 1 mesurette ThermoChef, environ 140 à 150 grammes, avec 1 mesurette et demie d’eau, 240 millilitres, environ 240 grammes. Si le paquet indique 40 à 45 minutes, utiliser le menu Légumes secs environ 15 minutes.","Coupez les diots en tronçons réguliers.
Rincez le riz noir si votre paquet le conseille.
Mesurez le riz noir et l’eau.
Préparez les navets et le chou kale.

PREMIÈRE MISE EN PLACE DANS LA CUVE

Mettez les diots dans la cuve pour une courte première cuisson.

PREMIÈRE PROGRAMMATION THERMOCHEF

Fermez le couvercle.
Sélectionnez le menu Thermogrill.
Réglez le minuteur sur 5 minutes.
Appuyez sur Cuisiner.
Réglez la puissance sur 3.
Laissez le programme aller jusqu’à la fin.
Ouvrez avec prudence.

DEUXIÈME MISE EN PLACE

Ouvrez avec prudence. Ajoutez le riz noir cru, l’eau, les navets, le chou kale et la crème. Mélangez. Le riz noir doit cuire dans le ThermoChef. Ne salez pas.
Vérifiez que rien ne dépasse trop haut dans la cuve.
Vérifiez aussi qu’aucun morceau d’aliment ne risque de bloquer le petit piston de sécurité sous le couvercle.

DEUXIÈME PROGRAMMATION THERMOCHEF

Fermez le couvercle.
Sélectionnez le menu Légumes secs.
Réglez le temps sur 15 minutes.
Appuyez sur Cuisiner.
Laissez le programme aller jusqu’à la fin.
Attendez que la sécurité autorise l’ouverture.
N’essayez jamais de forcer le couvercle.
Ouvrez avec prudence.

FINITION

À la fin du menu Légumes secs, attendez que la sécurité autorise l’ouverture. Ouvrez avec prudence. Le riz noir doit être tendre sous la dent et les diots chauds à cœur. Ajoutez le persil.

SERVICE

Servez chaud. Le riz noir donne une base parfumée et ferme.

POINT DE CONTRÔLE AVANT SERVICE

Les diots doivent être chauds à cœur.
Si vos diots sont crus, ils doivent être cuits à cœur.
La garniture doit être tendre.
La base sèche, quand il y en a une, doit être tendre sous la dent.
La sauce doit rester moelleuse.
Si la préparation paraît trop sèche, ajoutez 1 cuillère à soupe d’eau chaude, environ 15 millilitres, soit 15 grammes, puis mélangez doucement.
Goûtez toujours avant d’ajouter du sel.

RÉSUMÉ SIMPLE

On coupe les diots en tronçons de 3 à 4 centimètres.
On ne sale pas au départ.
On prépare la garniture ou la base sèche.
On ajoute l’eau indiquée dans la cuve.
On choisit le menu ThermoChef adapté.
On ne règle pas de puissance sur les menus Pâtes, Riz, Soupe ou Légumes secs.
On ouvre avec prudence.
On vérifie que les diots sont chauds à cœur.
On vérifie que la base est cuite.
Le plat est prêt à être servi chaud."
Filets de cabillaud congelés poireaux courgette carotte et crème citronnée façon ThermoChef,https://30minutesparjour.com/recettes-audio/fr/filet%20de%20cabillaud%20excellence/filets%20de%20cabillaud%20congeles%20poireaux%20courgette%20carotte%20et%20creme%20citronnee%20facon%20ThermoChef.mp3,Filet de cabillaud excellence,"2 filets de cabillaud congelés, environ 250 à 300 grammes au total.
2 poireaux moyens, environ 300 grammes préparés, émincés finement.
1 courgette, environ 180 grammes, coupée en petits dés.
1 carotte, environ 100 grammes, râpée.
3 cuillères à soupe de crème liquide ou végétale, environ 45 grammes.
2 cuillères à soupe d’eau, 30 millilitres, environ 30 grammes.
quelques gouttes de citron à la fin.
persil ou aneth, sel et poivre à ajuster à la fin.",335,"Aujourd’hui, nous préparons filets de cabillaud congelés poireaux courgette carotte et crème citronnée façon ThermoChef.

Cette recette est prévue pour 2 personnes.

RÈGLE IMPORTANTE POUR LE CABILLAUD CONGELÉ

Le cabillaud congelé est fragile.
S’il porte du givre, rincez-le rapidement sous l’eau froide, puis égouttez-le bien.
On garde les filets entiers autant que possible.
On ne les mélange pas fortement.
La garniture ou la base sèche cuit d’abord.
Les filets sont posés sur le dessus pour une cuisson douce de finition.
À la fin, le poisson doit être chaud à cœur, opaque, et se détacher facilement en lamelles.
Si le cœur du filet est encore froid ou translucide, prolongez la cuisson de 2 minutes et contrôlez de nouveau.","Rincez rapidement les filets de cabillaud sous l’eau froide s’ils portent du givre, puis égouttez-les bien.
Gardez les filets entiers et à part.
Émincez les poireaux, coupez la courgette et râpez la carotte.
Préparez la crème, l’eau, le citron et l’herbe choisie.

PREMIÈRE MISE EN PLACE DANS LA CUVE

Mettez les poireaux, la courgette, la carotte, la crème et l’eau dans la cuve. Mélangez. Cette première cuisson prépare une garniture chaude avant l’ajout du cabillaud.

PREMIÈRE PROGRAMMATION THERMOCHEF

Fermez le couvercle.
Sélectionnez le menu Thermogrill.
Réglez le minuteur sur 10 minutes.
Appuyez sur Cuisiner.
Réglez la puissance sur 2.
Laissez le programme aller jusqu’à la fin.
Ouvrez avec prudence.

DEUXIÈME MISE EN PLACE

Ouvrez avec prudence. Mélangez la garniture. Posez les filets de cabillaud congelés sur le dessus, sans les enfouir et sans les casser. Ne mélangez pas le poisson.
Vérifiez que les filets ne touchent pas le petit piston de sécurité sous le couvercle.
Vérifiez que le couvercle peut se fermer sans appuyer sur le poisson.

DEUXIÈME PROGRAMMATION THERMOCHEF

Fermez le couvercle.
Sélectionnez le menu Ragoût.
Réglez le temps sur 7 minutes.
Appuyez sur Cuisiner.
Quand l’appareil le permet, réglez la puissance sur 2.
Laissez le programme aller jusqu’à la fin.
Attendez que la sécurité autorise l’ouverture.
N’essayez jamais de forcer le couvercle.
Ouvrez avec prudence.

FINITION

À la fin de la deuxième cuisson, ouvrez avec prudence. Le cabillaud doit être chaud à cœur, opaque, et se détacher facilement en lamelles. Ajoutez le citron et l’herbe choisie.

SERVICE

Servez chaud avec une spatule large pour garder les filets en beaux morceaux.

POINT DE CONTRÔLE AVANT SERVICE

Le cabillaud doit être chaud à cœur.
Il doit être opaque.
Il doit se détacher facilement en lamelles.
La base sèche, quand il y en a une, doit être tendre sous la dent.
La garniture doit être tendre.
La sauce doit rester moelleuse.
Si la préparation paraît trop sèche, ajoutez 1 cuillère à soupe d’eau chaude, environ 15 millilitres, soit 15 grammes, puis mélangez seulement la garniture autour du poisson.
Ne mélangez pas fortement le cabillaud.
Goûtez toujours avant d’ajouter du sel.

RÉSUMÉ SIMPLE

On rince le cabillaud s’il porte du givre.
On l’égoutte bien.
On garde les filets entiers.
On prépare la garniture ou la base sèche.
On lance la première cuisson.
On ouvre avec prudence.
On pose le cabillaud sur le dessus.
On lance une cuisson douce de finition.
On vérifie que le poisson est opaque et chaud à cœur.
On sert avec une spatule large."
Filets de cabillaud congelés pommes de terre râpées épinards et champignons façon ThermoChef,https://30minutesparjour.com/recettes-audio/fr/filet%20de%20cabillaud%20excellence/filets%20de%20cabillaud%20congeles%20pommes%20de%20terre%20rapees%20epinards%20et%20champignons%20facon%20ThermoChef.mp3,Filet de cabillaud excellence,"2 filets de cabillaud congelés, environ 250 à 300 grammes au total.
280 grammes de pommes de terre râpées.
160 grammes d’épinards frais ou surgelés bien égouttés.
180 grammes de champignons émincés.
3 cuillères à soupe de crème liquide ou végétale, environ 45 grammes.
2 cuillères à soupe d’eau, 30 millilitres, environ 30 grammes.
persil, quelques gouttes de citron à la fin, sel et poivre à ajuster.",336,"Aujourd’hui, nous préparons filets de cabillaud congelés pommes de terre râpées épinards et champignons façon ThermoChef.

Cette recette est prévue pour 2 personnes.

RÈGLE IMPORTANTE POUR LE CABILLAUD CONGELÉ

Le cabillaud congelé est fragile.
S’il porte du givre, rincez-le rapidement sous l’eau froide, puis égouttez-le bien.
On garde les filets entiers autant que possible.
On ne les mélange pas fortement.
La garniture ou la base sèche cuit d’abord.
Les filets sont posés sur le dessus pour une cuisson douce de finition.
À la fin, le poisson doit être chaud à cœur, opaque, et se détacher facilement en lamelles.
Si le cœur du filet est encore froid ou translucide, prolongez la cuisson de 2 minutes et contrôlez de nouveau.","Rincez les filets de cabillaud s’ils portent du givre, puis égouttez-les bien.
Râpez les pommes de terre.
Préparez les épinards et émincez les champignons.
Préparez la crème, l’eau, le persil et le citron.

PREMIÈRE MISE EN PLACE DANS LA CUVE

Mettez les pommes de terre, les épinards, les champignons, la crème et l’eau dans la cuve. Mélangez. Gardez le cabillaud pour la deuxième étape.

PREMIÈRE PROGRAMMATION THERMOCHEF

Fermez le couvercle.
Sélectionnez le menu Thermogrill.
Réglez le minuteur sur 13 minutes.
Appuyez sur Cuisiner.
Réglez la puissance sur 3.
Laissez le programme aller jusqu’à la fin.
Ouvrez avec prudence.

DEUXIÈME MISE EN PLACE

Ouvrez avec prudence. Les pommes de terre doivent être presque tendres. Posez les filets de cabillaud sur le dessus, sans les remuer.
Vérifiez que les filets ne touchent pas le petit piston de sécurité sous le couvercle.
Vérifiez que le couvercle peut se fermer sans appuyer sur le poisson.

DEUXIÈME PROGRAMMATION THERMOCHEF

Fermez le couvercle.
Sélectionnez le menu Ragoût.
Réglez le temps sur 7 minutes.
Appuyez sur Cuisiner.
Quand l’appareil le permet, réglez la puissance sur 2.
Laissez le programme aller jusqu’à la fin.
Attendez que la sécurité autorise l’ouverture.
N’essayez jamais de forcer le couvercle.
Ouvrez avec prudence.

FINITION

À la fin de la deuxième cuisson, ouvrez avec prudence. Le cabillaud doit être opaque, chaud à cœur et se détacher facilement. Ajoutez le citron et le persil.

SERVICE

Servez chaud. La garniture crémeuse protège la texture délicate du cabillaud.

POINT DE CONTRÔLE AVANT SERVICE

Le cabillaud doit être chaud à cœur.
Il doit être opaque.
Il doit se détacher facilement en lamelles.
La base sèche, quand il y en a une, doit être tendre sous la dent.
La garniture doit être tendre.
La sauce doit rester moelleuse.
Si la préparation paraît trop sèche, ajoutez 1 cuillère à soupe d’eau chaude, environ 15 millilitres, soit 15 grammes, puis mélangez seulement la garniture autour du poisson.
Ne mélangez pas fortement le cabillaud.
Goûtez toujours avant d’ajouter du sel.

RÉSUMÉ SIMPLE

On rince le cabillaud s’il porte du givre.
On l’égoutte bien.
On garde les filets entiers.
On prépare la garniture ou la base sèche.
On lance la première cuisson.
On ouvre avec prudence.
On pose le cabillaud sur le dessus.
On lance une cuisson douce de finition.
On vérifie que le poisson est opaque et chaud à cœur.
On sert avec une spatule large."
Filets de cabillaud congelés riz poivrons tomates et paprika doux façon ThermoChef,https://30minutesparjour.com/recettes-audio/fr/filet%20de%20cabillaud%20excellence/filets%20de%20cabillaud%20congeles%20riz%20poivrons%20tomates%20et%20paprika%20doux%20facon%20ThermoChef.mp3,Filet de cabillaud excellence,"2 filets de cabillaud congelés, environ 250 à 300 grammes au total.
1 mesurette ThermoChef de riz cru, environ 150 grammes.
1 mesurette et demie ThermoChef d’eau, 240 millilitres, environ 240 grammes.
1 poivron rouge ou jaune, environ 120 grammes, coupé en petits dés.
2 tomates moyennes, environ 240 grammes, coupées en petits dés.
1 petite pincée de paprika doux.
Persil ou basilic.
Sel et poivre à ajuster à la fin.",337,"Aujourd’hui, nous préparons filets de cabillaud congelés riz poivrons tomates et paprika doux façon ThermoChef.

Cette recette est prévue pour 2 personnes.

RÈGLE IMPORTANTE POUR LE CABILLAUD CONGELÉ

Le cabillaud congelé est fragile.
S’il porte du givre, rincez-le rapidement sous l’eau froide, puis égouttez-le bien.
Gardez les filets entiers autant que possible.
Ne mélangez jamais fortement le poisson.
Posez les filets sur le dessus de la préparation.
Ne les enfouissez pas dans la base.
À la fin, le poisson doit être chaud à cœur, opaque, et se détacher facilement en lamelles.
Si le cœur du filet est encore froid ou translucide, prolongez uniquement le poisson, sans recuire toute la base.

RÈGLE DE CUISSON DE LA BASE

Le riz est utilisé cru.
Il cuit directement dans le ThermoChef avec l’eau indiquée.
Utilisez 1 mesurette ThermoChef de riz, environ 150 grammes.
Ajoutez 1 mesurette et demie d’eau, soit 240 millilitres, environ 240 grammes.
Le menu utilisé est Riz mode 3, environ 13 à 14 minutes.
Sur le menu Riz, on ne règle pas de puissance.
Dans cette version, le cabillaud est posé sur le dessus dès le départ pour éviter de recuire le riz dans un second programme.","Rincez le cabillaud s’il porte du givre, puis égouttez-le bien.
Mesurez le riz et l’eau.
Coupez le poivron et les tomates en petits dés.
Préparez le paprika et l’herbe choisie.

MISE EN PLACE DANS LA CUVE

Mettez le riz cru dans la cuve.
Ajoutez l’eau.
Ajoutez le poivron, les tomates et le paprika.
Mélangez la base.
Posez les filets de cabillaud congelés sur le dessus.
Ne les enfoncez pas.
Ne mélangez pas le poisson.
Vérifiez que les filets ne touchent pas le petit piston de sécurité sous le couvercle.

PROGRAMMATION THERMOCHEF

Fermez le couvercle.
Sélectionnez le menu Riz.
Choisissez mode 3, environ 13 à 14 minutes.
Appuyez sur Cuisiner.
Laissez le programme aller jusqu’à la fin.
Attendez que la sécurité autorise l’ouverture.
N’essayez jamais de forcer le couvercle.
Ouvrez avec prudence.

FINITION

Le riz doit être tendre.
Le cabillaud doit être opaque et chaud à cœur.
Ajoutez le persil ou le basilic.
Goûtez avant d’ajouter du sel ou du poivre.
Servez le poisson avec une spatule large pour garder les filets en morceaux.

POINT DE CONTRÔLE AVANT SERVICE

Le cabillaud doit être chaud à cœur.
Le cabillaud doit être opaque.
Il doit se détacher facilement en lamelles.
La base doit être cuite sans être écrasée.
Si le poisson manque de cuisson, retirez la base dans un plat, gardez seulement le poisson dans la cuve avec 1 cuillère à soupe d’eau chaude, environ 15 millilitres, soit 15 grammes, puis prolongez 2 minutes.

RÉSUMÉ SIMPLE

On rince le cabillaud s’il porte du givre.
On met le riz cru, l’eau, les légumes et le paprika dans la cuve.
On pose le cabillaud congelé sur le dessus dès le départ.
On lance menu Riz, mode 3, environ 13 à 14 minutes.
On ouvre avec prudence.
On vérifie que le poisson est opaque et chaud à cœur.
Le plat est prêt."
Filets de cabillaud congelés aubergine poivron vert tomates et pois chiches façon ThermoChef,https://30minutesparjour.com/recettes-audio/fr/filet%20de%20cabillaud%20excellence/filets%20de%20cabillaud%20congeles%20aubergine%20poivron%20vert%20tomates%20et%20pois%20chiches%20facon%20ThermoChef.mp3,Filet de cabillaud excellence,"2 filets de cabillaud congelés, environ 250 à 300 grammes au total.
1 petite aubergine, environ 220 grammes, coupée en petits dés.
1 poivron vert, environ 120 grammes, coupé en petits dés.
2 tomates moyennes, environ 240 grammes, coupées en petits dés.
150 grammes de pois chiches en conserve, égouttés.
2 cuillères à soupe d’eau, 30 millilitres, environ 30 grammes.
basilic ou persil, sel et poivre à ajuster à la fin.",338,"Aujourd’hui, nous préparons filets de cabillaud congelés aubergine poivron vert tomates et pois chiches façon ThermoChef.

Cette recette est prévue pour 2 personnes.

RÈGLE IMPORTANTE POUR LE CABILLAUD CONGELÉ

Le cabillaud congelé est fragile.
S’il porte du givre, rincez-le rapidement sous l’eau froide, puis égouttez-le bien.
On garde les filets entiers autant que possible.
On ne les mélange pas fortement.
La garniture ou la base sèche cuit d’abord.
Les filets sont posés sur le dessus pour une cuisson douce de finition.
À la fin, le poisson doit être chaud à cœur, opaque, et se détacher facilement en lamelles.
Si le cœur du filet est encore froid ou translucide, prolongez la cuisson de 2 minutes et contrôlez de nouveau.","Rincez les filets de cabillaud s’ils portent du givre, puis égouttez-les.
Coupez l’aubergine, le poivron et les tomates en petits dés.
Égouttez les pois chiches.
Préparez l’eau et l’herbe choisie.

PREMIÈRE MISE EN PLACE DANS LA CUVE

Mettez l’aubergine, le poivron, les tomates, les pois chiches et l’eau dans la cuve. Mélangez. La garniture doit devenir moelleuse avant l’ajout du poisson.

PREMIÈRE PROGRAMMATION THERMOCHEF

Fermez le couvercle.
Sélectionnez le menu Thermogrill.
Réglez le minuteur sur 13 minutes.
Appuyez sur Cuisiner.
Réglez la puissance sur 3.
Laissez le programme aller jusqu’à la fin.
Ouvrez avec prudence.

DEUXIÈME MISE EN PLACE

Ouvrez avec prudence. Mélangez la garniture. Posez les filets de cabillaud sur le dessus, sans les casser.
Vérifiez que les filets ne touchent pas le petit piston de sécurité sous le couvercle.
Vérifiez que le couvercle peut se fermer sans appuyer sur le poisson.

DEUXIÈME PROGRAMMATION THERMOCHEF

Fermez le couvercle.
Sélectionnez le menu Ragoût.
Réglez le temps sur 7 minutes.
Appuyez sur Cuisiner.
Quand l’appareil le permet, réglez la puissance sur 2.
Laissez le programme aller jusqu’à la fin.
Attendez que la sécurité autorise l’ouverture.
N’essayez jamais de forcer le couvercle.
Ouvrez avec prudence.

FINITION

À la fin de la deuxième cuisson, ouvrez avec prudence. Le cabillaud doit être opaque et chaud à cœur. Ajoutez l’herbe choisie. Goûtez et ajustez.

SERVICE

Servez chaud. Les pois chiches rendent la recette complète et la tomate garde le poisson moelleux.

POINT DE CONTRÔLE AVANT SERVICE

Le cabillaud doit être chaud à cœur.
Il doit être opaque.
Il doit se détacher facilement en lamelles.
La base sèche, quand il y en a une, doit être tendre sous la dent.
La garniture doit être tendre.
La sauce doit rester moelleuse.
Si la préparation paraît trop sèche, ajoutez 1 cuillère à soupe d’eau chaude, environ 15 millilitres, soit 15 grammes, puis mélangez seulement la garniture autour du poisson.
Ne mélangez pas fortement le cabillaud.
Goûtez toujours avant d’ajouter du sel.

RÉSUMÉ SIMPLE

On rince le cabillaud s’il porte du givre.
On l’égoutte bien.
On garde les filets entiers.
On prépare la garniture ou la base sèche.
On lance la première cuisson.
On ouvre avec prudence.
On pose le cabillaud sur le dessus.
On lance une cuisson douce de finition.
On vérifie que le poisson est opaque et chaud à cœur.
On sert avec une spatule large."
Filets de cabillaud congelés fenouil patate douce blettes et crème citronnée façon ThermoChef,https://30minutesparjour.com/recettes-audio/fr/filet%20de%20cabillaud%20excellence/filets%20de%20cabillaud%20congeles%20fenouil%20patate%20douce%20blettes%20et%20creme%20citronnee%20facon%20ThermoChef.mp3,Filet de cabillaud excellence,"2 filets de cabillaud congelés, environ 250 à 300 grammes au total.
1 fenouil moyen, environ 220 grammes, émincé très finement.
220 grammes de patate douce râpée.
160 grammes de blettes émincées finement.
3 cuillères à soupe de crème liquide ou végétale, environ 45 grammes.
2 cuillères à soupe d’eau, 30 millilitres, environ 30 grammes.
quelques gouttes de citron à la fin, aneth ou persil.",339,"Aujourd’hui, nous préparons filets de cabillaud congelés fenouil patate douce blettes et crème citronnée façon ThermoChef.

Cette recette est prévue pour 2 personnes.

RÈGLE IMPORTANTE POUR LE CABILLAUD CONGELÉ

Le cabillaud congelé est fragile.
S’il porte du givre, rincez-le rapidement sous l’eau froide, puis égouttez-le bien.
On garde les filets entiers autant que possible.
On ne les mélange pas fortement.
La garniture ou la base sèche cuit d’abord.
Les filets sont posés sur le dessus pour une cuisson douce de finition.
À la fin, le poisson doit être chaud à cœur, opaque, et se détacher facilement en lamelles.
Si le cœur du filet est encore froid ou translucide, prolongez la cuisson de 2 minutes et contrôlez de nouveau.","Rincez le cabillaud s’il porte du givre, puis égouttez-le bien.
Émincez le fenouil et les blettes.
Râpez la patate douce.
Préparez la crème, l’eau, le citron et l’herbe choisie.

PREMIÈRE MISE EN PLACE DANS LA CUVE

Mettez le fenouil, la patate douce, les blettes, la crème et l’eau dans la cuve. Mélangez. Gardez les filets de cabillaud pour la deuxième étape.

PREMIÈRE PROGRAMMATION THERMOCHEF

Fermez le couvercle.
Sélectionnez le menu Thermogrill.
Réglez le minuteur sur 12 minutes.
Appuyez sur Cuisiner.
Réglez la puissance sur 3.
Laissez le programme aller jusqu’à la fin.
Ouvrez avec prudence.

DEUXIÈME MISE EN PLACE

Ouvrez avec prudence. La garniture doit être tendre. Posez les filets de cabillaud sur le dessus. Ne mélangez pas.
Vérifiez que les filets ne touchent pas le petit piston de sécurité sous le couvercle.
Vérifiez que le couvercle peut se fermer sans appuyer sur le poisson.

DEUXIÈME PROGRAMMATION THERMOCHEF

Fermez le couvercle.
Sélectionnez le menu Ragoût.
Réglez le temps sur 7 minutes.
Appuyez sur Cuisiner.
Quand l’appareil le permet, réglez la puissance sur 2.
Laissez le programme aller jusqu’à la fin.
Attendez que la sécurité autorise l’ouverture.
N’essayez jamais de forcer le couvercle.
Ouvrez avec prudence.

FINITION

À la fin de la deuxième cuisson, ouvrez avec prudence. Le cabillaud doit être opaque, chaud à cœur, et se détacher facilement. Ajoutez le citron et l’herbe choisie.

SERVICE

Servez chaud. La patate douce et le fenouil donnent une garniture douce et parfumée.

POINT DE CONTRÔLE AVANT SERVICE

Le cabillaud doit être chaud à cœur.
Il doit être opaque.
Il doit se détacher facilement en lamelles.
La base sèche, quand il y en a une, doit être tendre sous la dent.
La garniture doit être tendre.
La sauce doit rester moelleuse.
Si la préparation paraît trop sèche, ajoutez 1 cuillère à soupe d’eau chaude, environ 15 millilitres, soit 15 grammes, puis mélangez seulement la garniture autour du poisson.
Ne mélangez pas fortement le cabillaud.
Goûtez toujours avant d’ajouter du sel.

RÉSUMÉ SIMPLE

On rince le cabillaud s’il porte du givre.
On l’égoutte bien.
On garde les filets entiers.
On prépare la garniture ou la base sèche.
On lance la première cuisson.
On ouvre avec prudence.
On pose le cabillaud sur le dessus.
On lance une cuisson douce de finition.
On vérifie que le poisson est opaque et chaud à cœur.
On sert avec une spatule large."
Filets de cabillaud congelés chou-fleur brocoli petits pois coco curry façon ThermoChef,https://30minutesparjour.com/recettes-audio/fr/filet%20de%20cabillaud%20excellence/filets%20de%20cabillaud%20congeles%20chou-fleur%20brocoli%20petits%20pois%20coco%20curry%20facon%20ThermoChef.mp3,Filet de cabillaud excellence,"2 filets de cabillaud congelés, environ 250 à 300 grammes au total.
220 grammes de chou-fleur râpé comme une semoule grossière.
140 grammes de brocoli en très petits bouquets.
100 grammes de petits pois.
3 cuillères à soupe de crème de coco, environ 45 grammes.
2 cuillères à soupe d’eau, 30 millilitres, environ 30 grammes.
1 petite pincée de curry doux, coriandre ou persil.",340,"Aujourd’hui, nous préparons filets de cabillaud congelés chou-fleur brocoli petits pois coco curry façon ThermoChef.

Cette recette est prévue pour 2 personnes.

RÈGLE IMPORTANTE POUR LE CABILLAUD CONGELÉ

Le cabillaud congelé est fragile.
S’il porte du givre, rincez-le rapidement sous l’eau froide, puis égouttez-le bien.
On garde les filets entiers autant que possible.
On ne les mélange pas fortement.
La garniture ou la base sèche cuit d’abord.
Les filets sont posés sur le dessus pour une cuisson douce de finition.
À la fin, le poisson doit être chaud à cœur, opaque, et se détacher facilement en lamelles.
Si le cœur du filet est encore froid ou translucide, prolongez la cuisson de 2 minutes et contrôlez de nouveau.","Rincez les filets de cabillaud s’ils portent du givre, puis égouttez-les bien.
Râpez le chou-fleur.
Coupez le brocoli en très petits bouquets.
Préparez les petits pois, la crème de coco et le curry.

PREMIÈRE MISE EN PLACE DANS LA CUVE

Mettez le chou-fleur, le brocoli, les petits pois, la crème de coco, l’eau et le curry dans la cuve. Mélangez. Gardez le cabillaud pour la finition.

PREMIÈRE PROGRAMMATION THERMOCHEF

Fermez le couvercle.
Sélectionnez le menu Thermogrill.
Réglez le minuteur sur 11 minutes.
Appuyez sur Cuisiner.
Réglez la puissance sur 3.
Laissez le programme aller jusqu’à la fin.
Ouvrez avec prudence.

DEUXIÈME MISE EN PLACE

Ouvrez avec prudence. Mélangez la garniture. Posez les filets de cabillaud sur le dessus, sans les enfouir.
Vérifiez que les filets ne touchent pas le petit piston de sécurité sous le couvercle.
Vérifiez que le couvercle peut se fermer sans appuyer sur le poisson.

DEUXIÈME PROGRAMMATION THERMOCHEF

Fermez le couvercle.
Sélectionnez le menu Ragoût.
Réglez le temps sur 7 minutes.
Appuyez sur Cuisiner.
Quand l’appareil le permet, réglez la puissance sur 2.
Laissez le programme aller jusqu’à la fin.
Attendez que la sécurité autorise l’ouverture.
N’essayez jamais de forcer le couvercle.
Ouvrez avec prudence.

FINITION

À la fin de la deuxième cuisson, ouvrez avec prudence. Le cabillaud doit être opaque et se détacher en lamelles. Ajoutez l’herbe choisie.

SERVICE

Servez chaud. La crème de coco et le curry doux parfument le poisson sans le masquer.

POINT DE CONTRÔLE AVANT SERVICE

Le cabillaud doit être chaud à cœur.
Il doit être opaque.
Il doit se détacher facilement en lamelles.
La base sèche, quand il y en a une, doit être tendre sous la dent.
La garniture doit être tendre.
La sauce doit rester moelleuse.
Si la préparation paraît trop sèche, ajoutez 1 cuillère à soupe d’eau chaude, environ 15 millilitres, soit 15 grammes, puis mélangez seulement la garniture autour du poisson.
Ne mélangez pas fortement le cabillaud.
Goûtez toujours avant d’ajouter du sel.

RÉSUMÉ SIMPLE

On rince le cabillaud s’il porte du givre.
On l’égoutte bien.
On garde les filets entiers.
On prépare la garniture ou la base sèche.
On lance la première cuisson.
On ouvre avec prudence.
On pose le cabillaud sur le dessus.
On lance une cuisson douce de finition.
On vérifie que le poisson est opaque et chaud à cœur.
On sert avec une spatule large."
Filets de cabillaud congelés endives chou rouge pomme haricots blancs façon ThermoChef,https://30minutesparjour.com/recettes-audio/fr/filet%20de%20cabillaud%20excellence/filets%20de%20cabillaud%20congeles%20endives%20chou%20rouge%20pomme%20haricots%20blancs%20facon%20ThermoChef.mp3,Filet de cabillaud excellence,"2 filets de cabillaud congelés, environ 250 à 300 grammes au total.
2 endives émincées finement.
180 grammes de chou rouge émincé très finement.
1 pomme, environ 140 grammes, coupée en petits dés.
160 grammes de haricots blancs en conserve, égouttés.
2 cuillères à soupe de crème liquide ou végétale, environ 30 grammes.
2 cuillères à soupe d’eau, 30 millilitres, environ 30 grammes.",341,"Aujourd’hui, nous préparons filets de cabillaud congelés endives chou rouge pomme haricots blancs façon ThermoChef.

Cette recette est prévue pour 2 personnes.

RÈGLE IMPORTANTE POUR LE CABILLAUD CONGELÉ

Le cabillaud congelé est fragile.
S’il porte du givre, rincez-le rapidement sous l’eau froide, puis égouttez-le bien.
On garde les filets entiers autant que possible.
On ne les mélange pas fortement.
La garniture ou la base sèche cuit d’abord.
Les filets sont posés sur le dessus pour une cuisson douce de finition.
À la fin, le poisson doit être chaud à cœur, opaque, et se détacher facilement en lamelles.
Si le cœur du filet est encore froid ou translucide, prolongez la cuisson de 2 minutes et contrôlez de nouveau.","Rincez le cabillaud s’il porte du givre, puis égouttez-le bien.
Émincez les endives et le chou rouge très finement.
Coupez la pomme en petits dés.
Égouttez les haricots blancs.

PREMIÈRE MISE EN PLACE DANS LA CUVE

Mettez les endives, le chou rouge, la pomme, les haricots blancs, la crème et l’eau dans la cuve. Mélangez. Gardez le cabillaud à part.

PREMIÈRE PROGRAMMATION THERMOCHEF

Fermez le couvercle.
Sélectionnez le menu Thermogrill.
Réglez le minuteur sur 12 minutes.
Appuyez sur Cuisiner.
Réglez la puissance sur 2.
Laissez le programme aller jusqu’à la fin.
Ouvrez avec prudence.

DEUXIÈME MISE EN PLACE

Ouvrez avec prudence. Mélangez la garniture. Posez les filets de cabillaud sur le dessus. Ne les cassez pas.
Vérifiez que les filets ne touchent pas le petit piston de sécurité sous le couvercle.
Vérifiez que le couvercle peut se fermer sans appuyer sur le poisson.

DEUXIÈME PROGRAMMATION THERMOCHEF

Fermez le couvercle.
Sélectionnez le menu Ragoût.
Réglez le temps sur 7 minutes.
Appuyez sur Cuisiner.
Quand l’appareil le permet, réglez la puissance sur 2.
Laissez le programme aller jusqu’à la fin.
Attendez que la sécurité autorise l’ouverture.
N’essayez jamais de forcer le couvercle.
Ouvrez avec prudence.

FINITION

À la fin de la deuxième cuisson, ouvrez avec prudence. Le cabillaud doit être chaud à cœur et opaque. La garniture doit être tendre. Ajustez l’assaisonnement.

SERVICE

Servez chaud. La pomme adoucit le chou rouge et les haricots blancs rendent le plat nourrissant.

POINT DE CONTRÔLE AVANT SERVICE

Le cabillaud doit être chaud à cœur.
Il doit être opaque.
Il doit se détacher facilement en lamelles.
La base sèche, quand il y en a une, doit être tendre sous la dent.
La garniture doit être tendre.
La sauce doit rester moelleuse.
Si la préparation paraît trop sèche, ajoutez 1 cuillère à soupe d’eau chaude, environ 15 millilitres, soit 15 grammes, puis mélangez seulement la garniture autour du poisson.
Ne mélangez pas fortement le cabillaud.
Goûtez toujours avant d’ajouter du sel.

RÉSUMÉ SIMPLE

On rince le cabillaud s’il porte du givre.
On l’égoutte bien.
On garde les filets entiers.
On prépare la garniture ou la base sèche.
On lance la première cuisson.
On ouvre avec prudence.
On pose le cabillaud sur le dessus.
On lance une cuisson douce de finition.
On vérifie que le poisson est opaque et chaud à cœur.
On sert avec une spatule large."
Filets de cabillaud congelés céleri-rave navets poivron rouge et crème paprika façon ThermoChef,https://30minutesparjour.com/recettes-audio/fr/filet%20de%20cabillaud%20excellence/filets%20de%20cabillaud%20congeles%20celeri-rave%20navets%20poivron%20rouge%20et%20creme%20paprika%20facon%20ThermoChef.mp3,Filet de cabillaud excellence,"2 filets de cabillaud congelés, environ 250 à 300 grammes au total.
220 grammes de céleri-rave râpé.
160 grammes de navets râpés ou coupés en très petits dés.
1 poivron rouge, environ 120 grammes, coupé en petits dés.
3 cuillères à soupe de crème liquide ou végétale, environ 45 grammes.
2 cuillères à soupe d’eau, 30 millilitres, environ 30 grammes.
1 petite pincée de paprika doux, persil.",342,"Aujourd’hui, nous préparons filets de cabillaud congelés céleri-rave navets poivron rouge et crème paprika façon ThermoChef.

Cette recette est prévue pour 2 personnes.

RÈGLE IMPORTANTE POUR LE CABILLAUD CONGELÉ

Le cabillaud congelé est fragile.
S’il porte du givre, rincez-le rapidement sous l’eau froide, puis égouttez-le bien.
On garde les filets entiers autant que possible.
On ne les mélange pas fortement.
La garniture ou la base sèche cuit d’abord.
Les filets sont posés sur le dessus pour une cuisson douce de finition.
À la fin, le poisson doit être chaud à cœur, opaque, et se détacher facilement en lamelles.
Si le cœur du filet est encore froid ou translucide, prolongez la cuisson de 2 minutes et contrôlez de nouveau.","Rincez les filets de cabillaud s’ils portent du givre, puis égouttez-les.
Râpez le céleri-rave et les navets si possible.
Coupez le poivron en petits dés.
Préparez la crème, l’eau et le paprika.

PREMIÈRE MISE EN PLACE DANS LA CUVE

Mettez le céleri-rave, les navets, le poivron, la crème, l’eau et le paprika dans la cuve. Mélangez. Gardez le cabillaud pour la finition.

PREMIÈRE PROGRAMMATION THERMOCHEF

Fermez le couvercle.
Sélectionnez le menu Thermogrill.
Réglez le minuteur sur 13 minutes.
Appuyez sur Cuisiner.
Réglez la puissance sur 3.
Laissez le programme aller jusqu’à la fin.
Ouvrez avec prudence.

DEUXIÈME MISE EN PLACE

Ouvrez avec prudence. La garniture doit être presque tendre. Posez les filets de cabillaud sur le dessus.
Vérifiez que les filets ne touchent pas le petit piston de sécurité sous le couvercle.
Vérifiez que le couvercle peut se fermer sans appuyer sur le poisson.

DEUXIÈME PROGRAMMATION THERMOCHEF

Fermez le couvercle.
Sélectionnez le menu Ragoût.
Réglez le temps sur 7 minutes.
Appuyez sur Cuisiner.
Quand l’appareil le permet, réglez la puissance sur 2.
Laissez le programme aller jusqu’à la fin.
Attendez que la sécurité autorise l’ouverture.
N’essayez jamais de forcer le couvercle.
Ouvrez avec prudence.

FINITION

À la fin de la deuxième cuisson, ouvrez avec prudence. Le cabillaud doit être opaque et chaud à cœur. Ajoutez le persil.

SERVICE

Servez chaud. Le céleri-rave et les navets donnent une base douce et parfumée.

POINT DE CONTRÔLE AVANT SERVICE

Le cabillaud doit être chaud à cœur.
Il doit être opaque.
Il doit se détacher facilement en lamelles.
La base sèche, quand il y en a une, doit être tendre sous la dent.
La garniture doit être tendre.
La sauce doit rester moelleuse.
Si la préparation paraît trop sèche, ajoutez 1 cuillère à soupe d’eau chaude, environ 15 millilitres, soit 15 grammes, puis mélangez seulement la garniture autour du poisson.
Ne mélangez pas fortement le cabillaud.
Goûtez toujours avant d’ajouter du sel.

RÉSUMÉ SIMPLE

On rince le cabillaud s’il porte du givre.
On l’égoutte bien.
On garde les filets entiers.
On prépare la garniture ou la base sèche.
On lance la première cuisson.
On ouvre avec prudence.
On pose le cabillaud sur le dessus.
On lance une cuisson douce de finition.
On vérifie que le poisson est opaque et chaud à cœur.
On sert avec une spatule large."
Filets de cabillaud congelés semoule haricots verts poivron jaune et citron façon ThermoChef,https://30minutesparjour.com/recettes-audio/fr/filet%20de%20cabillaud%20excellence/filets%20de%20cabillaud%20congeles%20semoule%20haricots%20verts%20poivron%20jaune%20et%20citron%20facon%20ThermoChef.mp3,Filet de cabillaud excellence,"2 filets de cabillaud congelés, environ 250 à 300 grammes au total.
100 grammes de semoule de couscous fine.
140 millilitres d’eau chaude, environ 140 grammes.
160 grammes de haricots verts fins coupés en deux.
1 poivron jaune, environ 120 grammes, coupé en petits dés.
2 tomates moyennes, environ 240 grammes, coupées en petits dés.
Quelques gouttes de citron à la fin.
Persil.
Sel et poivre à ajuster à la fin.",343,"Aujourd’hui, nous préparons filets de cabillaud congelés semoule haricots verts poivron jaune et citron façon ThermoChef.

Cette recette est prévue pour 2 personnes.

RÈGLE IMPORTANTE POUR LE CABILLAUD CONGELÉ

Le cabillaud congelé est fragile.
S’il porte du givre, rincez-le rapidement sous l’eau froide, puis égouttez-le bien.
Gardez les filets entiers autant que possible.
Ne mélangez jamais fortement le poisson.
Posez les filets sur le dessus de la préparation.
Ne les enfouissez pas dans la base.
À la fin, le poisson doit être chaud à cœur, opaque, et se détacher facilement en lamelles.
Si le cœur du filet est encore froid ou translucide, prolongez uniquement le poisson, sans recuire toute la base.

RÈGLE DE CUISSON DE LA BASE

La semoule fine ne doit pas être recuite dans un second programme.
Dans cette version, on cuit d’abord le cabillaud et les légumes.
La semoule est ajoutée ensuite dans le jus chaud, hors programme, pour gonfler doucement.
Utilisez 100 grammes de semoule fine avec 140 millilitres d’eau chaude, environ 140 grammes.
Après ajout de la semoule, laissez reposer 5 minutes couvercle fermé, sans relancer de menu.","Rincez les filets de cabillaud s’ils portent du givre, puis égouttez-les bien.
Pesez la semoule.
Mesurez l’eau chaude.
Coupez les haricots verts, le poivron et les tomates.
Préparez le citron et le persil.

MISE EN PLACE DANS LA CUVE

Mettez les haricots verts, le poivron et les tomates dans la cuve.
Ajoutez 2 cuillères à soupe d’eau, environ 30 millilitres, soit 30 grammes.
Posez les filets de cabillaud congelés sur le dessus.
Ne les enfouissez pas.
Ne mélangez pas le poisson.
Vérifiez que les filets ne touchent pas le petit piston de sécurité sous le couvercle.

PROGRAMMATION THERMOCHEF

Fermez le couvercle.
Sélectionnez le menu Ragoût.
Réglez le temps sur 8 minutes.
Appuyez sur Cuisiner.
Quand l’appareil le permet, réglez la puissance sur 2.
Laissez le programme aller jusqu’à la fin.
Attendez que la sécurité autorise l’ouverture.
N’essayez jamais de forcer le couvercle.
Ouvrez avec prudence.

FINITION DE LA SEMOULE

Retirez délicatement le cabillaud avec une spatule large et gardez-le au chaud.
Ajoutez la semoule dans la cuve avec l’eau chaude.
Mélangez seulement la semoule et les légumes.
Fermez le couvercle.
Laissez gonfler 5 minutes sans relancer de programme.
Aérez la semoule avec une spatule souple.
Remettez le cabillaud sur le dessus.
Ajoutez le citron et le persil.
Goûtez avant d’ajouter du sel ou du poivre.

POINT DE CONTRÔLE AVANT SERVICE

Le cabillaud doit être chaud à cœur.
Le cabillaud doit être opaque.
Il doit se détacher facilement en lamelles.
La base doit être cuite sans être écrasée.
Si le poisson manque de cuisson, retirez la base dans un plat, gardez seulement le poisson dans la cuve avec 1 cuillère à soupe d’eau chaude, environ 15 millilitres, soit 15 grammes, puis prolongez 2 minutes.

RÉSUMÉ SIMPLE

On cuit d’abord les légumes et le cabillaud.
On lance menu Ragoût, 8 minutes, puissance 2 si l’appareil le permet.
On retire le cabillaud.
On ajoute la semoule et l’eau chaude.
On laisse gonfler 5 minutes sans relancer de programme.
On remet le cabillaud sur le dessus.
Le plat est prêt."
Filets de cabillaud congelés fusilli butternut tomates petits pois et crème citronnée façon ThermoChef,https://30minutesparjour.com/recettes-audio/fr/filet%20de%20cabillaud%20excellence/filets%20de%20cabillaud%20congeles%20fusilli%20butternut%20tomates%20petits%20pois%20et%20creme%20citronnee%20facon%20ThermoChef.mp3,Filet de cabillaud excellence,"2 filets de cabillaud congelés, environ 250 à 300 grammes au total.
180 grammes de fusilli secs.
2 mesurettes ThermoChef d’eau, 320 millilitres, environ 320 grammes.
180 grammes de butternut coupée en petits dés.
2 tomates moyennes, environ 240 grammes, coupées en petits dés.
100 grammes de petits pois.
2 cuillères à soupe de crème liquide ou végétale, environ 30 grammes, ajoutée en finition.
Quelques gouttes de citron.
Persil.
Sel et poivre à ajuster à la fin.",344,"Aujourd’hui, nous préparons filets de cabillaud congelés fusilli butternut tomates petits pois et crème citronnée façon ThermoChef.

Cette recette est prévue pour 2 personnes.

RÈGLE IMPORTANTE POUR LE CABILLAUD CONGELÉ

Le cabillaud congelé est fragile.
S’il porte du givre, rincez-le rapidement sous l’eau froide, puis égouttez-le bien.
Gardez les filets entiers autant que possible.
Ne mélangez jamais fortement le poisson.
Posez les filets sur le dessus de la préparation.
Ne les enfouissez pas dans la base.
À la fin, le poisson doit être chaud à cœur, opaque, et se détacher facilement en lamelles.
Si le cœur du filet est encore froid ou translucide, prolongez uniquement le poisson, sans recuire toute la base.

RÈGLE DE CUISSON DE LA BASE

Les fusilli sont utilisés secs au départ.
Ils cuisent directement dans le ThermoChef avec l’eau indiquée.
Utilisez un mode Pâtes adapté au temps indiqué sur le paquet.
Pour des fusilli autour de 9 à 10 minutes, utilisez le mode correspondant.
Sur le menu Pâtes, on ne règle pas de puissance.
Dans cette version, le cabillaud est posé sur le dessus dès le départ pour éviter de recuire les pâtes dans un second programme.","Rincez les filets de cabillaud s’ils portent du givre, puis égouttez-les bien.
Pesez les fusilli.
Mesurez l’eau.
Coupez le butternut et les tomates.
Gardez la crème, le citron et le persil pour la finition.

MISE EN PLACE DANS LA CUVE

Mettez les fusilli secs dans la cuve.
Ajoutez l’eau.
Ajoutez le butternut, les tomates et les petits pois.
Mélangez la base.
Posez les filets de cabillaud congelés sur le dessus.
Ne les enfoncez pas dans les pâtes.
Ne mélangez pas le poisson.
Vérifiez que le couvercle peut se fermer sans appuyer sur les filets.

PROGRAMMATION THERMOCHEF

Fermez le couvercle.
Sélectionnez le menu Pâtes.
Choisissez le mode adapté au temps indiqué sur le paquet.
Appuyez sur Cuisiner.
Laissez le programme aller jusqu’à la fin.
Attendez que la sécurité autorise l’ouverture.
N’essayez jamais de forcer le couvercle.
Ouvrez avec prudence.

FINITION

Les pâtes doivent être tendres.
Le cabillaud doit être opaque et chaud à cœur.
Ajoutez la crème, le citron et le persil.
Mélangez seulement les pâtes autour du poisson.
Goûtez avant d’ajouter du sel ou du poivre.

POINT DE CONTRÔLE AVANT SERVICE

Le cabillaud doit être chaud à cœur.
Le cabillaud doit être opaque.
Il doit se détacher facilement en lamelles.
La base doit être cuite sans être écrasée.
Si le poisson manque de cuisson, retirez la base dans un plat, gardez seulement le poisson dans la cuve avec 1 cuillère à soupe d’eau chaude, environ 15 millilitres, soit 15 grammes, puis prolongez 2 minutes.

RÉSUMÉ SIMPLE

On met les fusilli secs, l’eau, le butternut, les tomates et les petits pois dans la cuve.
On pose le cabillaud congelé sur le dessus dès le départ.
On lance menu Pâtes, mode adapté au paquet.
On ouvre avec prudence.
On ajoute crème, citron et persil.
On vérifie que le poisson est opaque et chaud à cœur.
Le plat est prêt."
Filets de cabillaud congelés orge perlée artichauts asperges et crème citronnée façon ThermoChef,https://30minutesparjour.com/recettes-audio/fr/filet%20de%20cabillaud%20excellence/filets%20de%20cabillaud%20congeles%20orge%20perlee%20artichauts%20asperges%20et%20creme%20citronnee%20facon%20ThermoChef.mp3,Filet de cabillaud excellence,"2 filets de cabillaud congelés, environ 250 à 300 grammes au total.
1 mesurette ThermoChef d’orge perlée crue, environ 120 grammes.
1 mesurette et demie ThermoChef d’eau, 240 millilitres, environ 240 grammes.
140 grammes de fonds d’artichauts coupés en morceaux.
120 grammes d’asperges vertes coupées en petits tronçons.
2 cuillères à soupe de crème liquide ou végétale, environ 30 grammes, ajoutée en finition.
Quelques gouttes de citron.
Persil ou aneth.
Sel et poivre à ajuster à la fin.",345,"Aujourd’hui, nous préparons filets de cabillaud congelés orge perlée artichauts asperges et crème citronnée façon ThermoChef.

Cette recette est prévue pour 2 personnes.

RÈGLE IMPORTANTE POUR LE CABILLAUD CONGELÉ

Le cabillaud congelé est fragile.
S’il porte du givre, rincez-le rapidement sous l’eau froide, puis égouttez-le bien.
Gardez les filets entiers autant que possible.
Ne mélangez jamais fortement le poisson.
Posez les filets sur le dessus de la préparation.
Ne les enfouissez pas dans la base.
À la fin, le poisson doit être chaud à cœur, opaque, et se détacher facilement en lamelles.
Si le cœur du filet est encore froid ou translucide, prolongez uniquement le poisson, sans recuire toute la base.

RÈGLE DE CUISSON DE LA BASE

L’orge perlée est utilisée crue.
Elle cuit directement dans le ThermoChef avec l’eau indiquée.
Utilisez 1 mesurette ThermoChef d’orge perlée, environ 120 grammes.
Ajoutez 1 mesurette et demie d’eau, soit 240 millilitres, environ 240 grammes.
Si le paquet indique 30 à 35 minutes, utilisez le menu Légumes secs 10 à 12 minutes selon le paquet.
Dans cette version, le cabillaud est posé sur le dessus dès le départ pour éviter une deuxième cuisson de l’orge.","Rincez les filets de cabillaud s’ils portent du givre, puis égouttez-les bien.
Rincez l’orge perlée si votre paquet le conseille.
Mesurez l’orge et l’eau.
Coupez les artichauts et les asperges.
Gardez la crème, le citron et l’herbe choisie pour la finition.

MISE EN PLACE DANS LA CUVE

Mettez l’orge perlée crue dans la cuve.
Ajoutez l’eau.
Ajoutez les artichauts et les asperges.
Mélangez la base.
Posez les filets de cabillaud congelés sur le dessus.
Ne les enfouissez pas.
Ne mélangez pas le poisson.
Vérifiez que les filets ne touchent pas le petit piston de sécurité.

PROGRAMMATION THERMOCHEF

Fermez le couvercle.
Sélectionnez le menu Légumes secs.
Réglez le temps sur 10 à 12 minutes selon le paquet.
Appuyez sur Cuisiner.
Laissez le programme aller jusqu’à la fin.
Attendez que la sécurité autorise l’ouverture.
N’essayez jamais de forcer le couvercle.
Ouvrez avec prudence.

FINITION

L’orge doit être tendre sous la dent.
Le cabillaud doit être opaque et chaud à cœur.
Ajoutez la crème, le citron et l’herbe choisie.
Mélangez seulement la base autour du poisson.
Goûtez avant d’ajouter du sel ou du poivre.

POINT DE CONTRÔLE AVANT SERVICE

Le cabillaud doit être chaud à cœur.
Le cabillaud doit être opaque.
Il doit se détacher facilement en lamelles.
La base doit être cuite sans être écrasée.
Si le poisson manque de cuisson, retirez la base dans un plat, gardez seulement le poisson dans la cuve avec 1 cuillère à soupe d’eau chaude, environ 15 millilitres, soit 15 grammes, puis prolongez 2 minutes.

RÉSUMÉ SIMPLE

On met l’orge crue, l’eau, les artichauts et les asperges dans la cuve.
On pose le cabillaud congelé sur le dessus dès le départ.
On lance menu Légumes secs, 10 à 12 minutes selon le paquet.
On ouvre avec prudence.
On ajoute crème, citron et herbes.
On vérifie que le poisson est opaque et chaud à cœur.
Le plat est prêt."
Filets de cabillaud congelés gnocchis chou romanesco tomates cerises et basilic façon ThermoChef,https://30minutesparjour.com/recettes-audio/fr/filet%20de%20cabillaud%20excellence/filets%20de%20cabillaud%20congeles%20gnocchis%20chou%20romanesco%20tomates%20cerises%20et%20basilic%20facon%20ThermoChef.mp3,Filet de cabillaud excellence,"2 filets de cabillaud congelés, environ 250 à 300 grammes au total.
250 grammes de gnocchis frais à poêler.
180 grammes de chou romanesco en très petits bouquets.
120 grammes de tomates cerises coupées en deux.
2 cuillères à soupe d’eau, 30 millilitres, environ 30 grammes.
2 cuillères à soupe de crème liquide ou végétale, environ 30 grammes, ajoutée en finition.
Basilic ou persil.
Sel et poivre à ajuster à la fin.",346,"Aujourd’hui, nous préparons filets de cabillaud congelés gnocchis chou romanesco tomates cerises et basilic façon ThermoChef.

Cette recette est prévue pour 2 personnes.

RÈGLE IMPORTANTE POUR LE CABILLAUD CONGELÉ

Le cabillaud congelé est fragile.
S’il porte du givre, rincez-le rapidement sous l’eau froide, puis égouttez-le bien.
Gardez les filets entiers autant que possible.
Ne mélangez jamais fortement le poisson.
Posez les filets sur le dessus de la préparation.
Ne les enfouissez pas dans la base.
À la fin, le poisson doit être chaud à cœur, opaque, et se détacher facilement en lamelles.
Si le cœur du filet est encore froid ou translucide, prolongez uniquement le poisson, sans recuire toute la base.

RÈGLE DE CUISSON DE LA BASE

Les gnocchis frais à poêler supportent une cuisson douce avec les légumes.
Le cabillaud congelé est posé sur le dessus dès le départ.
On évite un deuxième programme afin de ne pas recuire les gnocchis.
Utilisez le menu Thermogrill, 10 minutes, puissance 2.
Le poisson doit rester sur le dessus et ne doit pas être mélangé.","Rincez les filets de cabillaud s’ils portent du givre, puis égouttez-les bien.
Préparez les gnocchis.
Coupez le chou romanesco en très petits bouquets.
Coupez les tomates cerises.
Gardez la crème et le basilic pour la finition.

MISE EN PLACE DANS LA CUVE

Mettez les gnocchis dans la cuve.
Ajoutez le chou romanesco, les tomates cerises et l’eau.
Mélangez la base.
Posez les filets de cabillaud congelés sur le dessus.
Ne les enfouissez pas.
Ne mélangez pas le poisson.
Vérifiez que le couvercle peut se fermer sans appuyer sur les filets.

PROGRAMMATION THERMOCHEF

Fermez le couvercle.
Sélectionnez le menu Thermogrill.
Réglez le minuteur sur 10 minutes.
Appuyez sur Cuisiner.
Réglez la puissance sur 2.
Laissez le programme aller jusqu’à la fin.
Ouvrez avec prudence.

FINITION

Les gnocchis doivent être moelleux.
Le chou romanesco doit être tendre.
Le cabillaud doit être opaque et chaud à cœur.
Ajoutez la crème et le basilic.
Mélangez seulement les gnocchis autour du poisson.
Goûtez avant d’ajouter du sel ou du poivre.

POINT DE CONTRÔLE AVANT SERVICE

Le cabillaud doit être chaud à cœur.
Le cabillaud doit être opaque.
Il doit se détacher facilement en lamelles.
La base doit être cuite sans être écrasée.
Si le poisson manque de cuisson, retirez la base dans un plat, gardez seulement le poisson dans la cuve avec 1 cuillère à soupe d’eau chaude, environ 15 millilitres, soit 15 grammes, puis prolongez 2 minutes.

RÉSUMÉ SIMPLE

On met les gnocchis, le chou romanesco, les tomates et l’eau dans la cuve.
On pose le cabillaud congelé sur le dessus dès le départ.
On lance Thermogrill, 10 minutes, puissance 2.
On ouvre avec prudence.
On ajoute crème et basilic.
On vérifie que le poisson est opaque et chaud à cœur.
Le plat est prêt."
Filets de cabillaud congelés millet décortiqué chou-rave fèves et crème citronnée façon ThermoChef,https://30minutesparjour.com/recettes-audio/fr/filet%20de%20cabillaud%20excellence/filets%20de%20cabillaud%20congeles%20millet%20decortique%20chou-rave%20feves%20et%20creme%20citronnee%20facon%20ThermoChef.mp3,Filet de cabillaud excellence,"2 filets de cabillaud congelés, environ 250 à 300 grammes au total.
1 mesurette ThermoChef de millet décortiqué cru, environ 110 grammes.
1 mesurette et demie ThermoChef d’eau, 240 millilitres, environ 240 grammes.
180 grammes de chou-rave râpé ou coupé en très petits dés.
140 grammes de fèves pelées.
2 cuillères à soupe de crème liquide ou végétale, environ 30 grammes, ajoutée en finition.
Quelques gouttes de citron.
Persil ou aneth.
Sel et poivre à ajuster à la fin.",347,"Aujourd’hui, nous préparons filets de cabillaud congelés millet décortiqué chou-rave fèves et crème citronnée façon ThermoChef.

Cette recette est prévue pour 2 personnes.

RÈGLE IMPORTANTE POUR LE CABILLAUD CONGELÉ

Le cabillaud congelé est fragile.
S’il porte du givre, rincez-le rapidement sous l’eau froide, puis égouttez-le bien.
Gardez les filets entiers autant que possible.
Ne mélangez jamais fortement le poisson.
Posez les filets sur le dessus de la préparation.
Ne les enfouissez pas dans la base.
À la fin, le poisson doit être chaud à cœur, opaque, et se détacher facilement en lamelles.
Si le cœur du filet est encore froid ou translucide, prolongez uniquement le poisson, sans recuire toute la base.

RÈGLE DE CUISSON DE LA BASE

Le millet décortiqué est utilisé cru.
Il cuit directement dans le ThermoChef avec l’eau indiquée.
Utilisez 1 mesurette ThermoChef de millet décortiqué, environ 110 grammes.
Ajoutez 1 mesurette et demie d’eau, soit 240 millilitres, environ 240 grammes.
Le menu utilisé est Riz mode 3, environ 13 à 15 minutes.
Sur le menu Riz, on ne règle pas de puissance.
Dans cette version, le cabillaud est posé sur le dessus dès le départ pour éviter une deuxième cuisson du millet.","Rincez les filets de cabillaud s’ils portent du givre, puis égouttez-les bien.
Rincez le millet si votre paquet le conseille.
Mesurez le millet et l’eau.
Préparez le chou-rave et les fèves.
Gardez la crème, le citron et les herbes pour la finition.

MISE EN PLACE DANS LA CUVE

Mettez le millet cru dans la cuve.
Ajoutez l’eau.
Ajoutez le chou-rave et les fèves.
Mélangez la base.
Posez les filets de cabillaud congelés sur le dessus.
Ne les enfouissez pas.
Ne mélangez pas le poisson.
Vérifiez que les filets ne touchent pas le petit piston de sécurité.

PROGRAMMATION THERMOCHEF

Fermez le couvercle.
Sélectionnez le menu Riz.
Choisissez mode 3, environ 13 à 15 minutes.
Appuyez sur Cuisiner.
Laissez le programme aller jusqu’à la fin.
Attendez que la sécurité autorise l’ouverture.
N’essayez jamais de forcer le couvercle.
Ouvrez avec prudence.

FINITION

Le millet doit être tendre.
Le cabillaud doit être opaque et chaud à cœur.
Ajoutez la crème, le citron et l’herbe choisie.
Mélangez seulement le millet autour du poisson.
Goûtez avant d’ajouter du sel ou du poivre.

POINT DE CONTRÔLE AVANT SERVICE

Le cabillaud doit être chaud à cœur.
Le cabillaud doit être opaque.
Il doit se détacher facilement en lamelles.
La base doit être cuite sans être écrasée.
Si le poisson manque de cuisson, retirez la base dans un plat, gardez seulement le poisson dans la cuve avec 1 cuillère à soupe d’eau chaude, environ 15 millilitres, soit 15 grammes, puis prolongez 2 minutes.

RÉSUMÉ SIMPLE

On met le millet cru, l’eau, le chou-rave et les fèves dans la cuve.
On pose le cabillaud congelé sur le dessus dès le départ.
On lance menu Riz mode 3, environ 13 à 15 minutes.
On ouvre avec prudence.
On ajoute crème, citron et herbes.
On vérifie que le poisson est opaque et chaud à cœur.
Le plat est prêt."
Filets de cabillaud congelés polenta crémeuse maïs haricots verts et estragon façon ThermoChef,https://30minutesparjour.com/recettes-audio/fr/filet%20de%20cabillaud%20excellence/filets%20de%20cabillaud%20congeles%20polenta%20cremeuse%20mais%20haricots%20verts%20et%20estragon%20facon%20ThermoChef.mp3,Filet de cabillaud excellence,"2 filets de cabillaud congelés, environ 250 à 300 grammes au total.
90 grammes de polenta instantanée.
420 millilitres d’eau, environ 420 grammes, pour la polenta.
100 grammes de maïs en conserve, égoutté.
160 grammes de haricots verts coupés en petits tronçons.
1 cuillère à soupe de crème liquide ou végétale, environ 15 grammes.
2 cuillères à soupe d’eau, 30 millilitres, environ 30 grammes, pour cuire le poisson.
Estragon ou persil.
Sel et poivre à ajuster à la fin.",348,"Aujourd’hui, nous préparons filets de cabillaud congelés polenta crémeuse maïs haricots verts et estragon façon ThermoChef.

Cette recette est prévue pour 2 personnes.

RÈGLE IMPORTANTE POUR LE CABILLAUD CONGELÉ

Le cabillaud congelé est fragile.
S’il porte du givre, rincez-le rapidement sous l’eau froide, puis égouttez-le bien.
Gardez les filets entiers autant que possible.
Ne mélangez jamais fortement le poisson.
Posez les filets sur le dessus de la préparation.
Ne les enfouissez pas dans la base.
À la fin, le poisson doit être chaud à cœur, opaque, et se détacher facilement en lamelles.
Si le cœur du filet est encore froid ou translucide, prolongez uniquement le poisson, sans recuire toute la base.

RÈGLE DE CUISSON DE LA BASE

La polenta instantanée demande une cuisson remuée et crémeuse.
Le cabillaud congelé ne doit pas être mélangé dans la polenta.
Dans cette version, on prépare d’abord la polenta et les légumes.
Ensuite, on retire la base de la cuve et on cuit seulement le cabillaud.
Ainsi, on ne relance pas un programme sur une polenta prête.","Rincez les filets de cabillaud s’ils portent du givre, puis égouttez-les bien.
Pesez la polenta.
Mesurez l’eau.
Préparez le maïs et les haricots verts.
Gardez le cabillaud à part pendant la cuisson de la polenta.

CUISSON DE LA POLENTA

Mettez l’eau dans la cuve.
Ajoutez la polenta en pluie.
Ajoutez le maïs, les haricots verts et la crème.
Mélangez très soigneusement pour éviter les paquets secs.
Sélectionnez le menu Thermogrill.
Réglez le minuteur sur 12 minutes.
Appuyez sur Cuisiner.
Réglez la puissance sur 2.
Pendant la cuisson, mélangez seulement si votre mode d’utilisation vous le permet en sécurité.
À la fin, ouvrez avec prudence.
La polenta doit être crémeuse.
Versez la polenta et les légumes dans un plat de service.

CUISSON DU CABILLAUD

Mettez 2 cuillères à soupe d’eau dans la cuve, environ 30 millilitres, soit 30 grammes.
Posez les filets de cabillaud dans la cuve.
Fermez le couvercle.
Sélectionnez le menu Ragoût.
Réglez le temps sur 7 minutes.
Appuyez sur Cuisiner.
Quand l’appareil le permet, réglez la puissance sur 2.
Laissez le programme aller jusqu’à la fin.
Ouvrez avec prudence.

FINITION

Le cabillaud doit être opaque et chaud à cœur.
Posez les filets sur la polenta.
Ajoutez l’estragon ou le persil.
Goûtez avant d’ajouter du sel ou du poivre.

POINT DE CONTRÔLE AVANT SERVICE

Le cabillaud doit être chaud à cœur.
Le cabillaud doit être opaque.
Il doit se détacher facilement en lamelles.
La base doit être cuite sans être écrasée.
Si le poisson manque de cuisson, retirez la base dans un plat, gardez seulement le poisson dans la cuve avec 1 cuillère à soupe d’eau chaude, environ 15 millilitres, soit 15 grammes, puis prolongez 2 minutes.

RÉSUMÉ SIMPLE

On prépare d’abord la polenta dans la cuve.
On verse la polenta dans un plat.
On met un peu d’eau dans la cuve.
On cuit seulement le cabillaud au menu Ragoût, 7 minutes, puissance 2 si l’appareil le permet.
On pose le cabillaud sur la polenta.
On ne relance pas de programme sur la polenta.
Le plat est prêt."
Filets de cabillaud congelés endives orange et crème douce façon ThermoChef,https://30minutesparjour.com/recettes-audio/fr/filet%20de%20cabillaud%20excellence/filets%20de%20cabillaud%20congeles%20endives%20orange%20et%20creme%20douce%20facon%20ThermoChef.mp3,Filet de cabillaud excellence,"2 filets de cabillaud congelés, environ 260 à 300 grammes au total.
3 endives, environ 450 grammes, émincées.
1 orange, environ 120 grammes de chair, coupée en petits morceaux.
2 cuillères à soupe de crème liquide ou végétale, environ 30 grammes.
1 cuillère à soupe d’huile d’olive douce, environ 10 grammes.
1 cuillère à café de moutarde douce, facultatif.
1 cuillère à soupe d’eau, environ 15 millilitres, seulement si les endives sont très sèches.
Persil, ciboulette ou aneth.
Poivre.
Sel seulement si nécessaire après dégustation.",349,"Aujourd’hui, nous préparons filets de cabillaud congelés, endives, orange et crème douce façon ThermoChef.

Cette recette est prévue pour 2 personnes.

RÈGLE IMPORTANTE POUR LE CABILLAUD CONGELÉ

Le cabillaud congelé est fragile.
S’il y a du givre sur les filets, rincez-les rapidement sous l’eau froide, puis égouttez-les soigneusement.
Gardez les filets entiers autant que possible.
Ne les enfouissez pas dans la garniture.
Ne les mélangez pas violemment.
Posez-les sur le dessus pour qu’ils cuisent doucement à la vapeur de la préparation.
À la fin, le cabillaud doit être blanc, opaque et chaud à cœur.

RÈGLE IMPORTANTE POUR CETTE RECETTE

Cette version ne contient pas de base sèche longue à cuire.
On prépare directement les endives avec l’orange et la crème douce.
Cela évite de recuire une base prête à l’avance et protège la texture du poisson.
Ne salez pas au départ.
Goûtez seulement à la fin avant d’ajouter du sel.","Rincez rapidement les filets de cabillaud congelés s’ils sont couverts de givre.
Égouttez-les soigneusement.
Gardez les filets entiers.
Émincez les endives.
Pelez l’orange et coupez la chair en petits morceaux.
Gardez quelques morceaux d’orange pour la finition si vous voulez une note plus fraîche.
Préparez la crème, l’huile et l’herbe choisie.

MISE EN PLACE DANS LA CUVE

Mettez les endives émincées dans la cuve.
Ajoutez l’huile d’olive douce.
Ajoutez la crème.
Ajoutez la moutarde douce si vous l’utilisez.
Ajoutez la moitié de l’orange.
Mélangez doucement.
Si les endives sont très sèches, ajoutez 1 cuillère à soupe d’eau.
Ne salez pas au départ.

Posez les filets de cabillaud congelés sur le dessus.
Ne les enfouissez pas.
Ne les cassez pas.
Vérifiez que le petit piston de sécurité reste libre.

PROGRAMMATION THERMOCHEF

Fermez le couvercle.
Sélectionnez le menu Pression vapeur.
Réglez la vapeur sur P7.
Réglez le temps sur 10 minutes.
Quand l’appareil le permet, réglez la puissance sur 3.
Appuyez sur Cuisiner.
Laissez le programme aller jusqu’à la fin.
Attendez que la sécurité autorise l’ouverture.
N’essayez jamais de forcer le couvercle.
Ouvrez avec prudence.

FINITION

Vérifiez la cuisson du cabillaud.
Le poisson doit être blanc, opaque et chaud à cœur.
Les endives doivent être tendres.
Ajoutez le reste de l’orange et l’herbe choisie.
Mélangez uniquement la garniture autour du poisson.
Ne cassez pas les filets.
Goûtez la sauce avant d’ajouter du sel ou du poivre.

SERVICE

Servez chaud.
Déposez d’abord les endives à la crème et à l’orange dans l’assiette.
Posez le filet de cabillaud par-dessus.
Ajoutez un peu de sauce douce sur le poisson.
Terminez avec les herbes.

POINT DE CONTRÔLE AVANT SERVICE

Le cabillaud doit être opaque et chaud à cœur.
Les endives doivent être tendres.
La sauce doit rester douce et légèrement crémeuse.
Si le poisson manque de cuisson au centre, refermez le couvercle et prolongez de 1 à 2 minutes sur Pression vapeur P7.
Goûtez toujours avant d’ajouter du sel.

RÉSUMÉ SIMPLE

On met les endives, la crème, un peu d’huile et une partie de l’orange dans la cuve.
On ne sale pas au départ.
On pose les filets de cabillaud congelés sur le dessus.
On ferme.
On lance Pression vapeur P7, 10 minutes, puissance 3 quand l’appareil le permet.
On ouvre avec prudence.
On vérifie que le poisson est opaque et chaud à cœur.
On ajoute le reste de l’orange et les herbes.
Le plat est prêt."
Galettes de millet courgette tomates poivron et sauce douce façon ThermoChef,https://30minutesparjour.com/recettes-audio/fr/galette%20de%20millet%20excellence/galettes%20de%20millet%20courgette%20tomates%20poivron%20et%20sauce%20douce%20facon%20ThermoChef.mp3,Galette de millet excellence,"2 à 3 galettes de millet entières.
2 courgettes moyennes, environ 360 grammes, coupées en petits dés.
2 tomates moyennes, environ 240 grammes, coupées en petits dés.
1 poivron rouge ou jaune, environ 120 grammes, coupé en petits dés.
2 cuillères à soupe de coulis de tomate, environ 30 grammes.
2 cuillères à soupe d’eau, 30 millilitres, environ 30 grammes.
basilic ou persil, sel et poivre à ajuster à la fin.",350,"Aujourd’hui, nous préparons galettes de millet courgette tomates poivron et sauce douce façon ThermoChef.

Cette recette est prévue pour 2 personnes.

RÈGLE IMPORTANTE POUR LES GALETTES DE MILLET

Les galettes de millet sont fragiles.
Elles doivent rester entières autant que possible.
On ne les mélange pas fortement.
La garniture ou la base sèche cuit d’abord.
Les galettes sont posées entières sur le dessus pour une chauffe douce de finition.
On utilise une spatule large pour les servir.
Les bases sèches ne sont pas utilisées sous forme cuite à l’avance.
Elles cuisent dans le ThermoChef avec l’eau indiquée.","Gardez les galettes de millet entières et à part.
Coupez les courgettes, les tomates et le poivron en petits dés.
Préparez le coulis, l’eau et l’herbe choisie.

PREMIÈRE MISE EN PLACE DANS LA CUVE

Mettez les courgettes, les tomates, le poivron, le coulis et l’eau dans la cuve. Mélangez. La garniture doit cuire avant l’ajout des galettes.

PREMIÈRE PROGRAMMATION THERMOCHEF

Fermez le couvercle.
Sélectionnez le menu Thermogrill.
Réglez le minuteur sur 11 minutes.
Appuyez sur Cuisiner.
Réglez la puissance sur 2.
Laissez le programme aller jusqu’à la fin.
Ouvrez avec prudence.

DEUXIÈME MISE EN PLACE

Ouvrez avec prudence. Mélangez la garniture. Posez les galettes de millet entières sur le dessus, sans les enfoncer et sans les casser.

DEUXIÈME PROGRAMMATION THERMOCHEF

Fermez le couvercle.
Sélectionnez le menu Thermogrill.
Réglez le minuteur sur 4 minutes.
Appuyez sur Cuisiner.
Réglez la puissance sur 2.
Laissez le programme aller jusqu’à la fin.
Ouvrez avec prudence.

FINITION

À la fin de la deuxième cuisson, ouvrez avec prudence. Les galettes doivent être chaudes et rester entières. Ajoutez l’herbe choisie et ajustez l’assaisonnement.

SERVICE

Servez avec une spatule large pour garder les galettes en forme.

POINT DE CONTRÔLE AVANT SERVICE

Les galettes doivent être chaudes.
Elles doivent rester entières autant que possible.
La base sèche, quand il y en a une, doit être tendre sous la dent.
La garniture doit être tendre.
La sauce doit rester moelleuse.
Si la préparation paraît trop sèche, ajoutez 1 cuillère à soupe d’eau chaude, environ 15 millilitres, soit 15 grammes, puis mélangez seulement la garniture autour des galettes.
Ne mélangez jamais fortement les galettes de millet.
Goûtez toujours avant d’ajouter du sel.

RÉSUMÉ SIMPLE

On garde les galettes de millet entières.
On prépare la garniture ou la base sèche.
On lance la première cuisson.
On ouvre avec prudence.
On pose les galettes sur le dessus.
On lance une chauffe douce de finition.
On sert avec une spatule large.
Le plat est prêt à être servi chaud."
Galettes de millet poireaux champignons épinards et crème moutardée façon ThermoChef,https://30minutesparjour.com/recettes-audio/fr/galette%20de%20millet%20excellence/galettes%20de%20millet%20poireaux%20champignons%20epinards%20et%20creme%20moutardee%20facon%20ThermoChef.mp3,Galette de millet excellence,"2 à 3 galettes de millet entières.
2 poireaux moyens, environ 300 grammes préparés, émincés finement.
180 grammes de champignons émincés.
120 grammes d’épinards frais ou surgelés bien égouttés.
3 cuillères à soupe de crème liquide ou végétale, environ 45 grammes.
1 petite cuillère à café de moutarde douce, environ 5 grammes.
2 cuillères à soupe d’eau, 30 millilitres, environ 30 grammes.
persil, sel et poivre à ajuster à la fin.",351,"Aujourd’hui, nous préparons galettes de millet poireaux champignons épinards et crème moutardée façon ThermoChef.

Cette recette est prévue pour 2 personnes.

RÈGLE IMPORTANTE POUR LES GALETTES DE MILLET

Les galettes de millet sont fragiles.
Elles doivent rester entières autant que possible.
On ne les mélange pas fortement.
La garniture ou la base sèche cuit d’abord.
Les galettes sont posées entières sur le dessus pour une chauffe douce de finition.
On utilise une spatule large pour les servir.
Les bases sèches ne sont pas utilisées sous forme cuite à l’avance.
Elles cuisent dans le ThermoChef avec l’eau indiquée.","Gardez les galettes entières et à part.
Émincez les poireaux et rincez-les bien.
Émincez les champignons et préparez les épinards.
Préparez la crème, la moutarde et l’eau.

PREMIÈRE MISE EN PLACE DANS LA CUVE

Mettez les poireaux, les champignons, les épinards, la crème, la moutarde et l’eau dans la cuve. Mélangez. Les galettes sont gardées pour la finition.

PREMIÈRE PROGRAMMATION THERMOCHEF

Fermez le couvercle.
Sélectionnez le menu Thermogrill.
Réglez le minuteur sur 12 minutes.
Appuyez sur Cuisiner.
Réglez la puissance sur 2.
Laissez le programme aller jusqu’à la fin.
Ouvrez avec prudence.

DEUXIÈME MISE EN PLACE

Ouvrez avec prudence. Les poireaux doivent être fondants. Posez les galettes entières sur la garniture, sans les mélanger.

DEUXIÈME PROGRAMMATION THERMOCHEF

Fermez le couvercle.
Sélectionnez le menu Thermogrill.
Réglez le minuteur sur 4 minutes.
Appuyez sur Cuisiner.
Réglez la puissance sur 2.
Laissez le programme aller jusqu’à la fin.
Ouvrez avec prudence.

FINITION

À la fin de la deuxième cuisson, ouvrez avec prudence. Les galettes doivent être chaudes. Ajoutez le persil et goûtez avant d’ajouter du sel.

SERVICE

Servez chaud. La crème moutardée protège la texture des galettes.

POINT DE CONTRÔLE AVANT SERVICE

Les galettes doivent être chaudes.
Elles doivent rester entières autant que possible.
La base sèche, quand il y en a une, doit être tendre sous la dent.
La garniture doit être tendre.
La sauce doit rester moelleuse.
Si la préparation paraît trop sèche, ajoutez 1 cuillère à soupe d’eau chaude, environ 15 millilitres, soit 15 grammes, puis mélangez seulement la garniture autour des galettes.
Ne mélangez jamais fortement les galettes de millet.
Goûtez toujours avant d’ajouter du sel.

RÉSUMÉ SIMPLE

On garde les galettes de millet entières.
On prépare la garniture ou la base sèche.
On lance la première cuisson.
On ouvre avec prudence.
On pose les galettes sur le dessus.
On lance une chauffe douce de finition.
On sert avec une spatule large.
Le plat est prêt à être servi chaud."
Galettes de millet chou blanc carottes pomme crème coco curry façon ThermoChef,https://30minutesparjour.com/recettes-audio/fr/galette%20de%20millet%20excellence/galettes%20de%20millet%20chou%20blanc%20carottes%20pomme%20creme%20coco%20curry%20facon%20ThermoChef.mp3,Galette de millet excellence,"2 à 3 galettes de millet entières.
260 grammes de chou blanc émincé très finement.
2 carottes, environ 200 grammes, râpées.
1 pomme, environ 140 grammes, coupée en petits dés.
3 cuillères à soupe de crème de coco, environ 45 grammes.
2 cuillères à soupe d’eau, 30 millilitres, environ 30 grammes.
1 petite pincée de curry doux.
coriandre ou persil, sel et poivre à ajuster à la fin.",352,"Aujourd’hui, nous préparons galettes de millet chou blanc carottes pomme crème coco curry façon ThermoChef.

Cette recette est prévue pour 2 personnes.

RÈGLE IMPORTANTE POUR LES GALETTES DE MILLET

Les galettes de millet sont fragiles.
Elles doivent rester entières autant que possible.
On ne les mélange pas fortement.
La garniture ou la base sèche cuit d’abord.
Les galettes sont posées entières sur le dessus pour une chauffe douce de finition.
On utilise une spatule large pour les servir.
Les bases sèches ne sont pas utilisées sous forme cuite à l’avance.
Elles cuisent dans le ThermoChef avec l’eau indiquée.","Gardez les galettes de millet entières et à part.
Émincez le chou très finement.
Râpez les carottes et coupez la pomme en petits dés.
Préparez la crème de coco, l’eau et le curry.

PREMIÈRE MISE EN PLACE DANS LA CUVE

Mettez le chou, les carottes, la pomme, la crème de coco, l’eau et le curry dans la cuve. Mélangez. La garniture doit s’attendrir avant l’ajout des galettes.

PREMIÈRE PROGRAMMATION THERMOCHEF

Fermez le couvercle.
Sélectionnez le menu Thermogrill.
Réglez le minuteur sur 13 minutes.
Appuyez sur Cuisiner.
Réglez la puissance sur 3.
Laissez le programme aller jusqu’à la fin.
Ouvrez avec prudence.

DEUXIÈME MISE EN PLACE

Ouvrez avec prudence. Posez les galettes entières sur le dessus. Ne les enfouissez pas.

DEUXIÈME PROGRAMMATION THERMOCHEF

Fermez le couvercle.
Sélectionnez le menu Thermogrill.
Réglez le minuteur sur 4 minutes.
Appuyez sur Cuisiner.
Réglez la puissance sur 2.
Laissez le programme aller jusqu’à la fin.
Ouvrez avec prudence.

FINITION

À la fin de la deuxième cuisson, ouvrez avec prudence. Les galettes doivent être chaudes et la garniture tendre. Ajoutez l’herbe choisie.

SERVICE

Servez chaud. La pomme et la crème de coco adoucissent le chou.

POINT DE CONTRÔLE AVANT SERVICE

Les galettes doivent être chaudes.
Elles doivent rester entières autant que possible.
La base sèche, quand il y en a une, doit être tendre sous la dent.
La garniture doit être tendre.
La sauce doit rester moelleuse.
Si la préparation paraît trop sèche, ajoutez 1 cuillère à soupe d’eau chaude, environ 15 millilitres, soit 15 grammes, puis mélangez seulement la garniture autour des galettes.
Ne mélangez jamais fortement les galettes de millet.
Goûtez toujours avant d’ajouter du sel.

RÉSUMÉ SIMPLE

On garde les galettes de millet entières.
On prépare la garniture ou la base sèche.
On lance la première cuisson.
On ouvre avec prudence.
On pose les galettes sur le dessus.
On lance une chauffe douce de finition.
On sert avec une spatule large.
Le plat est prêt à être servi chaud."
Galettes de millet patate douce râpée blettes et crème citronnée façon ThermoChef,https://30minutesparjour.com/recettes-audio/fr/galette%20de%20millet%20excellence/galettes%20de%20millet%20patate%20douce%20rapee%20blettes%20et%20creme%20citronnee%20facon%20ThermoChef.mp3,Galette de millet excellence,"2 à 3 galettes de millet entières.
260 grammes de patate douce râpée.
220 grammes de blettes émincées finement.
3 cuillères à soupe de crème liquide ou végétale, environ 45 grammes.
2 cuillères à soupe d’eau, 30 millilitres, environ 30 grammes.
quelques gouttes de citron à la fin.
persil ou aneth, sel et poivre à ajuster à la fin.",353,"Aujourd’hui, nous préparons galettes de millet patate douce râpée blettes et crème citronnée façon ThermoChef.

Cette recette est prévue pour 2 personnes.

RÈGLE IMPORTANTE POUR LES GALETTES DE MILLET

Les galettes de millet sont fragiles.
Elles doivent rester entières autant que possible.
On ne les mélange pas fortement.
La garniture ou la base sèche cuit d’abord.
Les galettes sont posées entières sur le dessus pour une chauffe douce de finition.
On utilise une spatule large pour les servir.
Les bases sèches ne sont pas utilisées sous forme cuite à l’avance.
Elles cuisent dans le ThermoChef avec l’eau indiquée.","Gardez les galettes entières et à part.
Râpez la patate douce.
Émincez les blettes finement.
Préparez la crème, l’eau, le citron et l’herbe choisie.

PREMIÈRE MISE EN PLACE DANS LA CUVE

Mettez la patate douce, les blettes, la crème et l’eau dans la cuve. Mélangez. Gardez les galettes pour la deuxième étape.

PREMIÈRE PROGRAMMATION THERMOCHEF

Fermez le couvercle.
Sélectionnez le menu Thermogrill.
Réglez le minuteur sur 12 minutes.
Appuyez sur Cuisiner.
Réglez la puissance sur 3.
Laissez le programme aller jusqu’à la fin.
Ouvrez avec prudence.

DEUXIÈME MISE EN PLACE

Ouvrez avec prudence. La patate douce doit être tendre. Posez les galettes entières sur le dessus de la garniture.

DEUXIÈME PROGRAMMATION THERMOCHEF

Fermez le couvercle.
Sélectionnez le menu Thermogrill.
Réglez le minuteur sur 4 minutes.
Appuyez sur Cuisiner.
Réglez la puissance sur 2.
Laissez le programme aller jusqu’à la fin.
Ouvrez avec prudence.

FINITION

À la fin de la deuxième cuisson, ouvrez avec prudence. Les galettes doivent être chaudes. Ajoutez le citron et l’herbe choisie.

SERVICE

Servez chaud. La patate douce donne une base moelleuse.

POINT DE CONTRÔLE AVANT SERVICE

Les galettes doivent être chaudes.
Elles doivent rester entières autant que possible.
La base sèche, quand il y en a une, doit être tendre sous la dent.
La garniture doit être tendre.
La sauce doit rester moelleuse.
Si la préparation paraît trop sèche, ajoutez 1 cuillère à soupe d’eau chaude, environ 15 millilitres, soit 15 grammes, puis mélangez seulement la garniture autour des galettes.
Ne mélangez jamais fortement les galettes de millet.
Goûtez toujours avant d’ajouter du sel.

RÉSUMÉ SIMPLE

On garde les galettes de millet entières.
On prépare la garniture ou la base sèche.
On lance la première cuisson.
On ouvre avec prudence.
On pose les galettes sur le dessus.
On lance une chauffe douce de finition.
On sert avec une spatule large.
Le plat est prêt à être servi chaud."
Galettes de millet fenouil carottes petits pois et crème citronnée façon ThermoChef,https://30minutesparjour.com/recettes-audio/fr/galette%20de%20millet%20excellence/galettes%20de%20millet%20fenouil%20carottes%20petits%20pois%20et%20creme%20citronnee%20facon%20ThermoChef.mp3,Galette de millet excellence,"2 à 3 galettes de millet entières.
1 fenouil moyen, environ 220 grammes, émincé très finement.
2 carottes, environ 200 grammes, râpées.
120 grammes de petits pois.
3 cuillères à soupe de crème liquide ou végétale, environ 45 grammes.
2 cuillères à soupe d’eau, 30 millilitres, environ 30 grammes.
quelques gouttes de citron à la fin, persil ou aneth.",354,"Aujourd’hui, nous préparons galettes de millet fenouil carottes petits pois et crème citronnée façon ThermoChef.

Cette recette est prévue pour 2 personnes.

RÈGLE IMPORTANTE POUR LES GALETTES DE MILLET

Les galettes de millet sont fragiles.
Elles doivent rester entières autant que possible.
On ne les mélange pas fortement.
La garniture ou la base sèche cuit d’abord.
Les galettes sont posées entières sur le dessus pour une chauffe douce de finition.
On utilise une spatule large pour les servir.
Les bases sèches ne sont pas utilisées sous forme cuite à l’avance.
Elles cuisent dans le ThermoChef avec l’eau indiquée.","Gardez les galettes entières et à part.
Émincez le fenouil très finement.
Râpez les carottes.
Préparez les petits pois, la crème, l’eau et le citron.

PREMIÈRE MISE EN PLACE DANS LA CUVE

Mettez le fenouil, les carottes, les petits pois, la crème et l’eau dans la cuve. Mélangez. Les galettes seront ajoutées seulement à la fin.

PREMIÈRE PROGRAMMATION THERMOCHEF

Fermez le couvercle.
Sélectionnez le menu Thermogrill.
Réglez le minuteur sur 12 minutes.
Appuyez sur Cuisiner.
Réglez la puissance sur 2.
Laissez le programme aller jusqu’à la fin.
Ouvrez avec prudence.

DEUXIÈME MISE EN PLACE

Ouvrez avec prudence. Posez les galettes de millet entières sur la garniture. Ne les cassez pas.

DEUXIÈME PROGRAMMATION THERMOCHEF

Fermez le couvercle.
Sélectionnez le menu Thermogrill.
Réglez le minuteur sur 4 minutes.
Appuyez sur Cuisiner.
Réglez la puissance sur 2.
Laissez le programme aller jusqu’à la fin.
Ouvrez avec prudence.

FINITION

À la fin de la deuxième cuisson, ouvrez avec prudence. Les galettes doivent être chaudes. Ajoutez le citron et l’herbe choisie.

SERVICE

Servez chaud. Le fenouil apporte une note fraîche.

POINT DE CONTRÔLE AVANT SERVICE

Les galettes doivent être chaudes.
Elles doivent rester entières autant que possible.
La base sèche, quand il y en a une, doit être tendre sous la dent.
La garniture doit être tendre.
La sauce doit rester moelleuse.
Si la préparation paraît trop sèche, ajoutez 1 cuillère à soupe d’eau chaude, environ 15 millilitres, soit 15 grammes, puis mélangez seulement la garniture autour des galettes.
Ne mélangez jamais fortement les galettes de millet.
Goûtez toujours avant d’ajouter du sel.

RÉSUMÉ SIMPLE

On garde les galettes de millet entières.
On prépare la garniture ou la base sèche.
On lance la première cuisson.
On ouvre avec prudence.
On pose les galettes sur le dessus.
On lance une chauffe douce de finition.
On sert avec une spatule large.
Le plat est prêt à être servi chaud."
Galettes de millet brocoli chou-fleur râpé et crème persillée façon ThermoChef,https://30minutesparjour.com/recettes-audio/fr/galette%20de%20millet%20excellence/galettes%20de%20millet%20brocoli%20chou-fleur%20rape%20et%20creme%20persillee%20facon%20ThermoChef.mp3,Galette de millet excellence,"2 à 3 galettes de millet entières.
160 grammes de brocoli en très petits bouquets.
240 grammes de chou-fleur râpé comme une semoule grossière.
3 cuillères à soupe de crème liquide ou végétale, environ 45 grammes.
2 cuillères à soupe d’eau, 30 millilitres, environ 30 grammes.
persil ou ciboulette, sel et poivre à ajuster à la fin.",355,"Aujourd’hui, nous préparons galettes de millet brocoli chou-fleur râpé et crème persillée façon ThermoChef.

Cette recette est prévue pour 2 personnes.

RÈGLE IMPORTANTE POUR LES GALETTES DE MILLET

Les galettes de millet sont fragiles.
Elles doivent rester entières autant que possible.
On ne les mélange pas fortement.
La garniture ou la base sèche cuit d’abord.
Les galettes sont posées entières sur le dessus pour une chauffe douce de finition.
On utilise une spatule large pour les servir.
Les bases sèches ne sont pas utilisées sous forme cuite à l’avance.
Elles cuisent dans le ThermoChef avec l’eau indiquée.","Gardez les galettes entières et à part.
Coupez le brocoli en très petits bouquets.
Râpez le chou-fleur.
Préparez la crème, l’eau et l’herbe choisie.

PREMIÈRE MISE EN PLACE DANS LA CUVE

Mettez le brocoli, le chou-fleur, la crème et l’eau dans la cuve. Mélangez. Gardez les galettes pour la finition.

PREMIÈRE PROGRAMMATION THERMOCHEF

Fermez le couvercle.
Sélectionnez le menu Thermogrill.
Réglez le minuteur sur 11 minutes.
Appuyez sur Cuisiner.
Réglez la puissance sur 3.
Laissez le programme aller jusqu’à la fin.
Ouvrez avec prudence.

DEUXIÈME MISE EN PLACE

Ouvrez avec prudence. Mélangez la garniture. Posez les galettes entières sur le dessus.

DEUXIÈME PROGRAMMATION THERMOCHEF

Fermez le couvercle.
Sélectionnez le menu Thermogrill.
Réglez le minuteur sur 4 minutes.
Appuyez sur Cuisiner.
Réglez la puissance sur 2.
Laissez le programme aller jusqu’à la fin.
Ouvrez avec prudence.

FINITION

À la fin de la deuxième cuisson, ouvrez avec prudence. Les galettes doivent être chaudes et la garniture tendre. Ajoutez l’herbe choisie.

SERVICE

Servez chaud. Le chou-fleur râpé donne une base légère.

POINT DE CONTRÔLE AVANT SERVICE

Les galettes doivent être chaudes.
Elles doivent rester entières autant que possible.
La base sèche, quand il y en a une, doit être tendre sous la dent.
La garniture doit être tendre.
La sauce doit rester moelleuse.
Si la préparation paraît trop sèche, ajoutez 1 cuillère à soupe d’eau chaude, environ 15 millilitres, soit 15 grammes, puis mélangez seulement la garniture autour des galettes.
Ne mélangez jamais fortement les galettes de millet.
Goûtez toujours avant d’ajouter du sel.

RÉSUMÉ SIMPLE

On garde les galettes de millet entières.
On prépare la garniture ou la base sèche.
On lance la première cuisson.
On ouvre avec prudence.
On pose les galettes sur le dessus.
On lance une chauffe douce de finition.
On sert avec une spatule large.
Le plat est prêt à être servi chaud."
Galettes de millet aubergine tomates haricots verts et basilic façon ThermoChef,https://30minutesparjour.com/recettes-audio/fr/galette%20de%20millet%20excellence/galettes%20de%20millet%20aubergine%20tomates%20haricots%20verts%20et%20basilic%20facon%20ThermoChef.mp3,Galette de millet excellence,"2 à 3 galettes de millet entières.
1 petite aubergine, environ 220 grammes, coupée en petits dés.
2 tomates moyennes, environ 240 grammes, coupées en petits dés.
160 grammes de haricots verts fins coupés en deux.
2 cuillères à soupe de coulis de tomate, environ 30 grammes.
2 cuillères à soupe d’eau, 30 millilitres, environ 30 grammes.
basilic ou persil, sel et poivre à ajuster à la fin.",356,"Aujourd’hui, nous préparons galettes de millet aubergine tomates haricots verts et basilic façon ThermoChef.

Cette recette est prévue pour 2 personnes.

RÈGLE IMPORTANTE POUR LES GALETTES DE MILLET

Les galettes de millet sont fragiles.
Elles doivent rester entières autant que possible.
On ne les mélange pas fortement.
La garniture ou la base sèche cuit d’abord.
Les galettes sont posées entières sur le dessus pour une chauffe douce de finition.
On utilise une spatule large pour les servir.
Les bases sèches ne sont pas utilisées sous forme cuite à l’avance.
Elles cuisent dans le ThermoChef avec l’eau indiquée.","Gardez les galettes entières et à part.
Coupez l’aubergine et les tomates en petits dés.
Coupez les haricots verts en deux.
Préparez le coulis et l’eau.

PREMIÈRE MISE EN PLACE DANS LA CUVE

Mettez l’aubergine, les tomates, les haricots verts, le coulis et l’eau dans la cuve. Mélangez. La garniture doit cuire avant l’ajout des galettes.

PREMIÈRE PROGRAMMATION THERMOCHEF

Fermez le couvercle.
Sélectionnez le menu Thermogrill.
Réglez le minuteur sur 13 minutes.
Appuyez sur Cuisiner.
Réglez la puissance sur 3.
Laissez le programme aller jusqu’à la fin.
Ouvrez avec prudence.

DEUXIÈME MISE EN PLACE

Ouvrez avec prudence. Posez les galettes entières sur la garniture tomate. Ne mélangez pas les galettes.

DEUXIÈME PROGRAMMATION THERMOCHEF

Fermez le couvercle.
Sélectionnez le menu Thermogrill.
Réglez le minuteur sur 4 minutes.
Appuyez sur Cuisiner.
Réglez la puissance sur 2.
Laissez le programme aller jusqu’à la fin.
Ouvrez avec prudence.

FINITION

À la fin de la deuxième cuisson, ouvrez avec prudence. Les galettes doivent être chaudes et la garniture moelleuse. Ajoutez le basilic.

SERVICE

Servez chaud. La tomate apporte de l’humidité autour des galettes.

POINT DE CONTRÔLE AVANT SERVICE

Les galettes doivent être chaudes.
Elles doivent rester entières autant que possible.
La base sèche, quand il y en a une, doit être tendre sous la dent.
La garniture doit être tendre.
La sauce doit rester moelleuse.
Si la préparation paraît trop sèche, ajoutez 1 cuillère à soupe d’eau chaude, environ 15 millilitres, soit 15 grammes, puis mélangez seulement la garniture autour des galettes.
Ne mélangez jamais fortement les galettes de millet.
Goûtez toujours avant d’ajouter du sel.

RÉSUMÉ SIMPLE

On garde les galettes de millet entières.
On prépare la garniture ou la base sèche.
On lance la première cuisson.
On ouvre avec prudence.
On pose les galettes sur le dessus.
On lance une chauffe douce de finition.
On sert avec une spatule large.
Le plat est prêt à être servi chaud."
Galettes de millet céleri-rave navets carottes et crème thym façon ThermoChef,https://30minutesparjour.com/recettes-audio/fr/galette%20de%20millet%20excellence/galettes%20de%20millet%20celeri-rave%20navets%20carottes%20et%20creme%20thym%20facon%20ThermoChef.mp3,Galette de millet excellence,"2 à 3 galettes de millet entières.
220 grammes de céleri-rave râpé.
160 grammes de navets râpés ou coupés en très petits dés.
2 carottes, environ 200 grammes, râpées.
3 cuillères à soupe de crème liquide ou végétale, environ 45 grammes.
3 cuillères à soupe d’eau, 45 millilitres, environ 45 grammes.
thym, persil, sel et poivre à ajuster à la fin.",357,"Aujourd’hui, nous préparons galettes de millet céleri-rave navets carottes et crème thym façon ThermoChef.

Cette recette est prévue pour 2 personnes.

RÈGLE IMPORTANTE POUR LES GALETTES DE MILLET

Les galettes de millet sont fragiles.
Elles doivent rester entières autant que possible.
On ne les mélange pas fortement.
La garniture ou la base sèche cuit d’abord.
Les galettes sont posées entières sur le dessus pour une chauffe douce de finition.
On utilise une spatule large pour les servir.
Les bases sèches ne sont pas utilisées sous forme cuite à l’avance.
Elles cuisent dans le ThermoChef avec l’eau indiquée.","Gardez les galettes entières et à part.
Râpez le céleri-rave, les navets et les carottes si possible.
Préparez la crème, l’eau et le thym.

PREMIÈRE MISE EN PLACE DANS LA CUVE

Mettez le céleri-rave, les navets, les carottes, la crème, l’eau et le thym dans la cuve. Mélangez. Les galettes restent à part.

PREMIÈRE PROGRAMMATION THERMOCHEF

Fermez le couvercle.
Sélectionnez le menu Thermogrill.
Réglez le minuteur sur 13 minutes.
Appuyez sur Cuisiner.
Réglez la puissance sur 3.
Laissez le programme aller jusqu’à la fin.
Ouvrez avec prudence.

DEUXIÈME MISE EN PLACE

Ouvrez avec prudence. La garniture doit être tendre. Posez les galettes entières sur le dessus.

DEUXIÈME PROGRAMMATION THERMOCHEF

Fermez le couvercle.
Sélectionnez le menu Thermogrill.
Réglez le minuteur sur 4 minutes.
Appuyez sur Cuisiner.
Réglez la puissance sur 2.
Laissez le programme aller jusqu’à la fin.
Ouvrez avec prudence.

FINITION

À la fin de la deuxième cuisson, ouvrez avec prudence. Les galettes doivent être chaudes. Ajoutez le persil et ajustez l’assaisonnement.

SERVICE

Servez chaud. Cette garniture racine donne un plat doux et nourrissant.

POINT DE CONTRÔLE AVANT SERVICE

Les galettes doivent être chaudes.
Elles doivent rester entières autant que possible.
La base sèche, quand il y en a une, doit être tendre sous la dent.
La garniture doit être tendre.
La sauce doit rester moelleuse.
Si la préparation paraît trop sèche, ajoutez 1 cuillère à soupe d’eau chaude, environ 15 millilitres, soit 15 grammes, puis mélangez seulement la garniture autour des galettes.
Ne mélangez jamais fortement les galettes de millet.
Goûtez toujours avant d’ajouter du sel.

RÉSUMÉ SIMPLE

On garde les galettes de millet entières.
On prépare la garniture ou la base sèche.
On lance la première cuisson.
On ouvre avec prudence.
On pose les galettes sur le dessus.
On lance une chauffe douce de finition.
On sert avec une spatule large.
Le plat est prêt à être servi chaud."
Galettes de millet endives pomme échalote et crème moutardée façon ThermoChef,https://30minutesparjour.com/recettes-audio/fr/galette%20de%20millet%20excellence/galettes%20de%20millet%20endives%20pomme%20echalote%20et%20creme%20moutardee%20facon%20ThermoChef.mp3,Galette de millet excellence,"2 à 3 galettes de millet entières.
3 endives émincées finement.
1 pomme, environ 140 grammes, coupée en petits dés.
1 échalote émincée finement.
3 cuillères à soupe de crème liquide ou végétale, environ 45 grammes.
1 petite cuillère à café de moutarde douce, environ 5 grammes.
2 cuillères à soupe d’eau, 30 millilitres, environ 30 grammes.
persil, sel et poivre à ajuster à la fin.",358,"Aujourd’hui, nous préparons galettes de millet endives pomme échalote et crème moutardée façon ThermoChef.

Cette recette est prévue pour 2 personnes.

RÈGLE IMPORTANTE POUR LES GALETTES DE MILLET

Les galettes de millet sont fragiles.
Elles doivent rester entières autant que possible.
On ne les mélange pas fortement.
La garniture ou la base sèche cuit d’abord.
Les galettes sont posées entières sur le dessus pour une chauffe douce de finition.
On utilise une spatule large pour les servir.
Les bases sèches ne sont pas utilisées sous forme cuite à l’avance.
Elles cuisent dans le ThermoChef avec l’eau indiquée.","Gardez les galettes entières et à part.
Émincez les endives et l’échalote.
Coupez la pomme en petits dés.
Préparez la crème, la moutarde et l’eau.

PREMIÈRE MISE EN PLACE DANS LA CUVE

Mettez les endives, la pomme, l’échalote, la crème, la moutarde et l’eau dans la cuve. Mélangez. Gardez les galettes pour la finition.

PREMIÈRE PROGRAMMATION THERMOCHEF

Fermez le couvercle.
Sélectionnez le menu Thermogrill.
Réglez le minuteur sur 12 minutes.
Appuyez sur Cuisiner.
Réglez la puissance sur 2.
Laissez le programme aller jusqu’à la fin.
Ouvrez avec prudence.

DEUXIÈME MISE EN PLACE

Ouvrez avec prudence. Les endives doivent être tendres. Posez les galettes entières sur le dessus.

DEUXIÈME PROGRAMMATION THERMOCHEF

Fermez le couvercle.
Sélectionnez le menu Thermogrill.
Réglez le minuteur sur 4 minutes.
Appuyez sur Cuisiner.
Réglez la puissance sur 2.
Laissez le programme aller jusqu’à la fin.
Ouvrez avec prudence.

FINITION

À la fin de la deuxième cuisson, ouvrez avec prudence. Les galettes doivent être chaudes. Ajoutez le persil.

SERVICE

Servez chaud. La pomme adoucit l’endive.

POINT DE CONTRÔLE AVANT SERVICE

Les galettes doivent être chaudes.
Elles doivent rester entières autant que possible.
La base sèche, quand il y en a une, doit être tendre sous la dent.
La garniture doit être tendre.
La sauce doit rester moelleuse.
Si la préparation paraît trop sèche, ajoutez 1 cuillère à soupe d’eau chaude, environ 15 millilitres, soit 15 grammes, puis mélangez seulement la garniture autour des galettes.
Ne mélangez jamais fortement les galettes de millet.
Goûtez toujours avant d’ajouter du sel.

RÉSUMÉ SIMPLE

On garde les galettes de millet entières.
On prépare la garniture ou la base sèche.
On lance la première cuisson.
On ouvre avec prudence.
On pose les galettes sur le dessus.
On lance une chauffe douce de finition.
On sert avec une spatule large.
Le plat est prêt à être servi chaud."
Galettes de millet potimarron pois chiches épinards et crème cumin doux façon ThermoChef,https://30minutesparjour.com/recettes-audio/fr/galette%20de%20millet%20excellence/galettes%20de%20millet%20potimarron%20pois%20chiches%20epinards%20et%20creme%20cumin%20doux%20facon%20ThermoChef.mp3,Galette de millet excellence,"2 à 3 galettes de millet entières.
260 grammes de potimarron râpé ou coupé en très petits dés.
160 grammes de pois chiches en conserve, égouttés.
140 grammes d’épinards frais ou surgelés bien égouttés.
3 cuillères à soupe de crème liquide ou végétale, environ 45 grammes.
2 cuillères à soupe d’eau, 30 millilitres, environ 30 grammes.
1 petite pincée de cumin doux, persil ou coriandre.",359,"Aujourd’hui, nous préparons galettes de millet potimarron pois chiches épinards et crème cumin doux façon ThermoChef.

Cette recette est prévue pour 2 personnes.

RÈGLE IMPORTANTE POUR LES GALETTES DE MILLET

Les galettes de millet sont fragiles.
Elles doivent rester entières autant que possible.
On ne les mélange pas fortement.
La garniture ou la base sèche cuit d’abord.
Les galettes sont posées entières sur le dessus pour une chauffe douce de finition.
On utilise une spatule large pour les servir.
Les bases sèches ne sont pas utilisées sous forme cuite à l’avance.
Elles cuisent dans le ThermoChef avec l’eau indiquée.","Gardez les galettes entières et à part.
Préparez le potimarron.
Égouttez les pois chiches.
Préparez les épinards, la crème, l’eau et le cumin.

PREMIÈRE MISE EN PLACE DANS LA CUVE

Mettez le potimarron, les pois chiches, les épinards, la crème, l’eau et le cumin dans la cuve. Mélangez. Gardez les galettes pour la fin.

PREMIÈRE PROGRAMMATION THERMOCHEF

Fermez le couvercle.
Sélectionnez le menu Thermogrill.
Réglez le minuteur sur 13 minutes.
Appuyez sur Cuisiner.
Réglez la puissance sur 3.
Laissez le programme aller jusqu’à la fin.
Ouvrez avec prudence.

DEUXIÈME MISE EN PLACE

Ouvrez avec prudence. Posez les galettes entières sur la garniture. Ne les écrasez pas.

DEUXIÈME PROGRAMMATION THERMOCHEF

Fermez le couvercle.
Sélectionnez le menu Thermogrill.
Réglez le minuteur sur 4 minutes.
Appuyez sur Cuisiner.
Réglez la puissance sur 2.
Laissez le programme aller jusqu’à la fin.
Ouvrez avec prudence.

FINITION

À la fin de la deuxième cuisson, ouvrez avec prudence. Les galettes doivent être chaudes et la garniture fondante. Ajoutez l’herbe choisie.

SERVICE

Servez chaud. Le potimarron et les pois chiches donnent une base complète.

POINT DE CONTRÔLE AVANT SERVICE

Les galettes doivent être chaudes.
Elles doivent rester entières autant que possible.
La base sèche, quand il y en a une, doit être tendre sous la dent.
La garniture doit être tendre.
La sauce doit rester moelleuse.
Si la préparation paraît trop sèche, ajoutez 1 cuillère à soupe d’eau chaude, environ 15 millilitres, soit 15 grammes, puis mélangez seulement la garniture autour des galettes.
Ne mélangez jamais fortement les galettes de millet.
Goûtez toujours avant d’ajouter du sel.

RÉSUMÉ SIMPLE

On garde les galettes de millet entières.
On prépare la garniture ou la base sèche.
On lance la première cuisson.
On ouvre avec prudence.
On pose les galettes sur le dessus.
On lance une chauffe douce de finition.
On sert avec une spatule large.
Le plat est prêt à être servi chaud."
Galettes de millet orge perlée crue artichauts asperges et crème citronnée façon ThermoChef,https://30minutesparjour.com/recettes-audio/fr/galette%20de%20millet%20excellence/galettes%20de%20millet%20orge%20perlee%20crue%20artichauts%20asperges%20et%20creme%20citronnee%20facon%20ThermoChef.mp3,Galette de millet excellence,"2 à 3 galettes de millet entières.
1 mesurette ThermoChef d’orge perlée crue, environ 120 grammes.
1 mesurette et demie ThermoChef d’eau, 240 millilitres, environ 240 grammes.
140 grammes de fonds d’artichauts coupés en morceaux.
120 grammes d’asperges vertes coupées en petits tronçons.
2 cuillères à soupe de crème liquide ou végétale, environ 30 grammes.
quelques gouttes de citron à la fin, persil ou aneth.",360,"Aujourd’hui, nous préparons galettes de millet orge perlée crue artichauts asperges et crème citronnée façon ThermoChef.

Cette recette est prévue pour 2 personnes.

RÈGLE IMPORTANTE POUR LES GALETTES DE MILLET

Les galettes de millet sont fragiles.
Elles doivent rester entières autant que possible.
On ne les mélange pas fortement.
La garniture ou la base sèche cuit d’abord.
Les galettes sont posées entières sur le dessus pour une chauffe douce de finition.
On utilise une spatule large pour les servir.
Les bases sèches ne sont pas utilisées sous forme cuite à l’avance.
Elles cuisent dans le ThermoChef avec l’eau indiquée.

RÈGLE DE CUISSON DE LA BASE

Orge perlée : 1 mesurette ThermoChef, environ 120 grammes, avec 1 mesurette et demie d’eau, 240 millilitres, environ 240 grammes. Temps paquet souvent 30 à 35 minutes ; menu Légumes secs 10 à 12 minutes selon paquet. Les galettes sont ajoutées en finition.","Gardez les galettes entières et à part.
Rincez l’orge perlée si votre paquet le conseille.
Mesurez l’orge et l’eau.
Coupez les artichauts et les asperges.

PREMIÈRE MISE EN PLACE DANS LA CUVE

Mettez l’orge perlée crue et l’eau dans la cuve. Ajoutez les artichauts, les asperges et la crème. Mélangez. L’orge doit cuire dans le ThermoChef avant l’ajout des galettes.
Vérifiez que rien ne dépasse trop haut dans la cuve.
Vérifiez aussi qu’aucun morceau d’aliment ne risque de bloquer le petit piston de sécurité sous le couvercle.

PREMIÈRE PROGRAMMATION THERMOCHEF

Fermez le couvercle.
Sélectionnez le menu Légumes secs.
Réglez le temps sur 12 minutes.
Appuyez sur Cuisiner.
Laissez le programme aller jusqu’à la fin.
Attendez que la sécurité autorise l’ouverture.
N’essayez jamais de forcer le couvercle.
Ouvrez avec prudence.

DEUXIÈME MISE EN PLACE

À la fin du menu Légumes secs, attendez que la sécurité autorise l’ouverture. Ouvrez avec prudence. Mélangez l’orge. Posez les galettes entières sur le dessus.

DEUXIÈME PROGRAMMATION THERMOCHEF

Fermez le couvercle.
Sélectionnez le menu Thermogrill.
Réglez le minuteur sur 4 minutes.
Appuyez sur Cuisiner.
Réglez la puissance sur 2.
Laissez le programme aller jusqu’à la fin.
Ouvrez avec prudence.

FINITION

À la fin de la deuxième cuisson, ouvrez avec prudence. L’orge doit être tendre et les galettes chaudes. Ajoutez le citron et l’herbe choisie.

SERVICE

Servez chaud. L’orge donne une base nourrissante et les galettes restent entières.

POINT DE CONTRÔLE AVANT SERVICE

Les galettes doivent être chaudes.
Elles doivent rester entières autant que possible.
La base sèche, quand il y en a une, doit être tendre sous la dent.
La garniture doit être tendre.
La sauce doit rester moelleuse.
Si la préparation paraît trop sèche, ajoutez 1 cuillère à soupe d’eau chaude, environ 15 millilitres, soit 15 grammes, puis mélangez seulement la garniture autour des galettes.
Ne mélangez jamais fortement les galettes de millet.
Goûtez toujours avant d’ajouter du sel.

RÉSUMÉ SIMPLE

On garde les galettes de millet entières.
On prépare la garniture ou la base sèche.
On lance la première cuisson.
On ouvre avec prudence.
On pose les galettes sur le dessus.
On lance une chauffe douce de finition.
On sert avec une spatule large.
Le plat est prêt à être servi chaud."
Galettes de millet gnocchis chou romanesco tomates cerises et roquette façon ThermoChef,https://30minutesparjour.com/recettes-audio/fr/galette%20de%20millet%20excellence/galettes%20de%20millet%20gnocchis%20chou%20romanesco%20tomates%20cerises%20et%20roquette%20facon%20ThermoChef.mp3,Galette de millet excellence,"2 à 3 galettes de millet entières.
300 grammes de gnocchis frais à poêler.
160 grammes de chou romanesco en très petits bouquets.
120 grammes de tomates cerises coupées en deux.
30 grammes de roquette ajoutée à la fin.
2 cuillères à soupe de crème liquide ou végétale, environ 30 grammes.
2 cuillères à soupe d’eau, 30 millilitres, environ 30 grammes.
basilic ou persil, sel et poivre à ajuster à la fin.",361,"Aujourd’hui, nous préparons galettes de millet gnocchis chou romanesco tomates cerises et roquette façon ThermoChef.

Cette recette est prévue pour 2 personnes.

RÈGLE IMPORTANTE POUR LES GALETTES DE MILLET

Les galettes de millet sont fragiles.
Elles doivent rester entières autant que possible.
On ne les mélange pas fortement.
La garniture ou la base sèche cuit d’abord.
Les galettes sont posées entières sur le dessus pour une chauffe douce de finition.
On utilise une spatule large pour les servir.
Les bases sèches ne sont pas utilisées sous forme cuite à l’avance.
Elles cuisent dans le ThermoChef avec l’eau indiquée.

RÈGLE DE CUISSON DE LA BASE

Gnocchis frais à poêler : cuisson courte au Thermogrill avec un peu d’eau et de crème. Les galettes de millet sont ajoutées en finition.","Gardez les galettes entières et à part.
Préparez les gnocchis.
Coupez le chou romanesco en très petits bouquets.
Coupez les tomates cerises en deux et rincez la roquette.

PREMIÈRE MISE EN PLACE DANS LA CUVE

Mettez les gnocchis, le chou romanesco, les tomates cerises, la crème et l’eau dans la cuve. Mélangez. Gardez les galettes et la roquette pour la finition.

PREMIÈRE PROGRAMMATION THERMOCHEF

Fermez le couvercle.
Sélectionnez le menu Thermogrill.
Réglez le minuteur sur 10 minutes.
Appuyez sur Cuisiner.
Réglez la puissance sur 2.
Laissez le programme aller jusqu’à la fin.
Ouvrez avec prudence.

DEUXIÈME MISE EN PLACE

Ouvrez avec prudence. Mélangez les gnocchis. Posez les galettes entières sur le dessus.

DEUXIÈME PROGRAMMATION THERMOCHEF

Fermez le couvercle.
Sélectionnez le menu Thermogrill.
Réglez le minuteur sur 4 minutes.
Appuyez sur Cuisiner.
Réglez la puissance sur 2.
Laissez le programme aller jusqu’à la fin.
Ouvrez avec prudence.

FINITION

À la fin de la deuxième cuisson, ouvrez avec prudence. Les gnocchis doivent être tendres et les galettes chaudes. Ajoutez la roquette et l’herbe choisie.

SERVICE

Servez chaud. La roquette tombe avec la chaleur et les galettes restent en surface.

POINT DE CONTRÔLE AVANT SERVICE

Les galettes doivent être chaudes.
Elles doivent rester entières autant que possible.
La base sèche, quand il y en a une, doit être tendre sous la dent.
La garniture doit être tendre.
La sauce doit rester moelleuse.
Si la préparation paraît trop sèche, ajoutez 1 cuillère à soupe d’eau chaude, environ 15 millilitres, soit 15 grammes, puis mélangez seulement la garniture autour des galettes.
Ne mélangez jamais fortement les galettes de millet.
Goûtez toujours avant d’ajouter du sel.

RÉSUMÉ SIMPLE

On garde les galettes de millet entières.
On prépare la garniture ou la base sèche.
On lance la première cuisson.
On ouvre avec prudence.
On pose les galettes sur le dessus.
On lance une chauffe douce de finition.
On sert avec une spatule large.
Le plat est prêt à être servi chaud."
Galettes de millet riz noir cru chou-rave fèves et crème citronnée façon ThermoChef,https://30minutesparjour.com/recettes-audio/fr/galette%20de%20millet%20excellence/galettes%20de%20millet%20riz%20noir%20cru%20chou-rave%20feves%20et%20creme%20citronnee%20facon%20ThermoChef..mp3,Galette de millet excellence,"2 à 3 galettes de millet entières.
1 mesurette ThermoChef de riz noir cru, environ 140 à 150 grammes.
1 mesurette et demie ThermoChef d’eau, 240 millilitres, environ 240 grammes.
180 grammes de chou-rave râpé.
140 grammes de fèves pelées.
2 cuillères à soupe de crème liquide ou végétale, environ 30 grammes.
quelques gouttes de citron à la fin, persil ou aneth.",362,"Aujourd’hui, nous préparons galettes de millet riz noir cru chou-rave fèves et crème citronnée façon ThermoChef.

Cette recette est prévue pour 2 personnes.

RÈGLE IMPORTANTE POUR LES GALETTES DE MILLET

Les galettes de millet sont fragiles.
Elles doivent rester entières autant que possible.
On ne les mélange pas fortement.
La garniture ou la base sèche cuit d’abord.
Les galettes sont posées entières sur le dessus pour une chauffe douce de finition.
On utilise une spatule large pour les servir.
Les bases sèches ne sont pas utilisées sous forme cuite à l’avance.
Elles cuisent dans le ThermoChef avec l’eau indiquée.

RÈGLE DE CUISSON DE LA BASE

Riz noir : 1 mesurette ThermoChef, environ 140 à 150 grammes, avec 1 mesurette et demie d’eau, 240 millilitres, environ 240 grammes. Si le paquet indique 40 à 45 minutes, utiliser le menu Légumes secs environ 15 minutes. Les galettes sont ajoutées en finition.","Gardez les galettes entières et à part.
Rincez le riz noir si votre paquet le conseille.
Mesurez le riz noir et l’eau.
Râpez le chou-rave et préparez les fèves.

PREMIÈRE MISE EN PLACE DANS LA CUVE

Mettez le riz noir cru et l’eau dans la cuve. Ajoutez le chou-rave, les fèves et la crème. Mélangez. Le riz noir doit cuire dans le ThermoChef avant l’ajout des galettes. Vérifiez le petit piston de sécurité.
Vérifiez que rien ne dépasse trop haut dans la cuve.
Vérifiez aussi qu’aucun morceau d’aliment ne risque de bloquer le petit piston de sécurité sous le couvercle.

PREMIÈRE PROGRAMMATION THERMOCHEF

Fermez le couvercle.
Sélectionnez le menu Légumes secs.
Réglez le temps sur 15 minutes.
Appuyez sur Cuisiner.
Laissez le programme aller jusqu’à la fin.
Attendez que la sécurité autorise l’ouverture.
N’essayez jamais de forcer le couvercle.
Ouvrez avec prudence.

DEUXIÈME MISE EN PLACE

À la fin du menu Légumes secs, attendez que la sécurité autorise l’ouverture. Ouvrez avec prudence. Mélangez le riz noir. Posez les galettes entières sur le dessus.

DEUXIÈME PROGRAMMATION THERMOCHEF

Fermez le couvercle.
Sélectionnez le menu Thermogrill.
Réglez le minuteur sur 4 minutes.
Appuyez sur Cuisiner.
Réglez la puissance sur 2.
Laissez le programme aller jusqu’à la fin.
Ouvrez avec prudence.

FINITION

À la fin de la deuxième cuisson, ouvrez avec prudence. Le riz noir doit être tendre sous la dent et les galettes chaudes. Ajoutez le citron et l’herbe choisie.

SERVICE

Servez chaud. Le riz noir apporte une base ferme et parfumée.

POINT DE CONTRÔLE AVANT SERVICE

Les galettes doivent être chaudes.
Elles doivent rester entières autant que possible.
La base sèche, quand il y en a une, doit être tendre sous la dent.
La garniture doit être tendre.
La sauce doit rester moelleuse.
Si la préparation paraît trop sèche, ajoutez 1 cuillère à soupe d’eau chaude, environ 15 millilitres, soit 15 grammes, puis mélangez seulement la garniture autour des galettes.
Ne mélangez jamais fortement les galettes de millet.
Goûtez toujours avant d’ajouter du sel.

RÉSUMÉ SIMPLE

On garde les galettes de millet entières.
On prépare la garniture ou la base sèche.
On lance la première cuisson.
On ouvre avec prudence.
On pose les galettes sur le dessus.
On lance une chauffe douce de finition.
On sert avec une spatule large.
Le plat est prêt à être servi chaud."
Galettes de millet polenta crémeuse maïs haricots plats et estragon façon ThermoChef,https://30minutesparjour.com/recettes-audio/fr/galette%20de%20millet%20excellence/galettes%20de%20millet%20polenta%20cremeuse%20mais%20haricots%20plats%20et%20estragon%20facon%20ThermoChef.mp3,Galette de millet excellence,"2 à 3 galettes de millet entières.
90 grammes de polenta instantanée.
420 millilitres d’eau, environ 420 grammes.
100 grammes de maïs égoutté.
160 grammes de haricots plats coupés en petits tronçons.
1 cuillère à soupe de crème liquide ou végétale, environ 15 grammes.
estragon ou persil, sel et poivre à ajuster à la fin.",363,"Aujourd’hui, nous préparons galettes de millet polenta crémeuse maïs haricots plats et estragon façon ThermoChef.

Cette recette est prévue pour 2 personnes.

RÈGLE IMPORTANTE POUR LES GALETTES DE MILLET

Les galettes de millet sont fragiles.
Elles doivent rester entières autant que possible.
On ne les mélange pas fortement.
La garniture ou la base sèche cuit d’abord.
Les galettes sont posées entières sur le dessus pour une chauffe douce de finition.
On utilise une spatule large pour les servir.
Les bases sèches ne sont pas utilisées sous forme cuite à l’avance.
Elles cuisent dans le ThermoChef avec l’eau indiquée.

RÈGLE DE CUISSON DE LA BASE

Polenta instantanée : 90 grammes avec 420 millilitres d’eau, environ 420 grammes. Mélanger soigneusement avant cuisson pour éviter les paquets secs. Les galettes sont ajoutées en finition.","Gardez les galettes entières et à part.
Pesez la polenta et mesurez l’eau.
Égouttez le maïs.
Coupez les haricots plats en petits tronçons.

PREMIÈRE MISE EN PLACE DANS LA CUVE

Mettez l’eau, la polenta, le maïs, les haricots plats et la crème dans la cuve. Mélangez très soigneusement pour éviter les paquets secs. Gardez les galettes pour la finition.

PREMIÈRE PROGRAMMATION THERMOCHEF

Fermez le couvercle.
Sélectionnez le menu Thermogrill.
Réglez le minuteur sur 12 minutes.
Appuyez sur Cuisiner.
Réglez la puissance sur 2.
Laissez le programme aller jusqu’à la fin.
Ouvrez avec prudence.

DEUXIÈME MISE EN PLACE

Ouvrez avec prudence. Mélangez la polenta avec une spatule souple. Posez les galettes entières sur le dessus.

DEUXIÈME PROGRAMMATION THERMOCHEF

Fermez le couvercle.
Sélectionnez le menu Thermogrill.
Réglez le minuteur sur 4 minutes.
Appuyez sur Cuisiner.
Réglez la puissance sur 2.
Laissez le programme aller jusqu’à la fin.
Ouvrez avec prudence.

FINITION

À la fin de la deuxième cuisson, ouvrez avec prudence. La polenta doit être crémeuse et les galettes chaudes. Ajoutez l’estragon ou le persil.

SERVICE

Servez chaud. La polenta crémeuse accompagne les galettes sans les casser.

POINT DE CONTRÔLE AVANT SERVICE

Les galettes doivent être chaudes.
Elles doivent rester entières autant que possible.
La base sèche, quand il y en a une, doit être tendre sous la dent.
La garniture doit être tendre.
La sauce doit rester moelleuse.
Si la préparation paraît trop sèche, ajoutez 1 cuillère à soupe d’eau chaude, environ 15 millilitres, soit 15 grammes, puis mélangez seulement la garniture autour des galettes.
Ne mélangez jamais fortement les galettes de millet.
Goûtez toujours avant d’ajouter du sel.

RÉSUMÉ SIMPLE

On garde les galettes de millet entières.
On prépare la garniture ou la base sèche.
On lance la première cuisson.
On ouvre avec prudence.
On pose les galettes sur le dessus.
On lance une chauffe douce de finition.
On sert avec une spatule large.
Le plat est prêt à être servi chaud."
Galettes de millet pois cassés endives orange et crème douce façon ThermoChef,https://30minutesparjour.com/recettes-audio/fr/galette%20de%20millet%20excellence/galettes%20de%20millet%2C%20pois%20casses%2C%20endives%2C%20orange%20et%20creme%20douce%20facon%20ThermoChef..mp3,Galette de millet excellence,"2 à 3 galettes de millet entières.
1 mesurette ThermoChef de pois cassés secs, environ 120 grammes.
2 mesurettes et demie ThermoChef d’eau, 400 millilitres, environ 400 grammes.
2 endives émincées finement.
80 grammes d’orange coupée en petits morceaux, ajoutée en finition.
2 cuillères à soupe de crème liquide ou végétale, environ 30 grammes.
Persil ou aneth.
Poivre.
Sel à ajuster seulement à la fin si nécessaire.",364,"Aujourd’hui, nous préparons galettes de millet, pois cassés, endives, orange et crème douce façon ThermoChef.

Cette recette est prévue pour 2 personnes.

RÈGLE IMPORTANTE POUR LES GALETTES DE MILLET

Les galettes de millet sont fragiles.
Elles doivent rester entières autant que possible.
Gardez-les à part pendant la cuisson des pois cassés.
Ne les mettez pas dans une cuisson longue.
Ne les mélangez jamais fortement.
Posez-les entières sur le dessus seulement en finition.
Utilisez une spatule large pour les servir.

RÈGLE IMPORTANTE POUR LES POIS CASSÉS

Les pois cassés sont utilisés secs.
Pour 1 mesurette ThermoChef de pois cassés secs, environ 120 grammes, utilisez 2 mesurettes et demie d’eau, soit 400 millilitres, environ 400 grammes.
Le temps de référence est 10 minutes sur le menu Légumes secs.
Si votre version du ThermoChef demande une puissance sur ce menu, réglez sur 3.
Après cuisson, laissez reposer 5 minutes couvercle fermé si vous souhaitez une texture plus fondante.
La correction principale est l’eau et le repos, pas l’allongement direct du temps.","Gardez les galettes de millet entières et à part.
Rincez les pois cassés si votre paquet le conseille.
Mesurez les pois cassés et l’eau avec précision.
Émincez les endives finement.
Coupez l’orange en petits morceaux et gardez-la pour la finition.
Préparez la crème et l’herbe choisie.

MISE EN PLACE DANS LA CUVE

Mettez les pois cassés secs dans la cuve.
Ajoutez l’eau.
Ajoutez les endives et la crème.
Mélangez pour répartir les pois cassés dans l’eau.
Ne salez pas au départ.
Gardez les galettes de millet à part.
Vérifiez que le petit piston de sécurité reste libre.

PREMIÈRE PROGRAMMATION THERMOCHEF

Fermez le couvercle.
Sélectionnez le menu Légumes secs.
Réglez le temps sur 10 minutes.
Appuyez sur Cuisiner.
Si votre version du ThermoChef demande une puissance sur ce menu, réglez sur 3.
Laissez le programme aller jusqu’à la fin.
Attendez que la sécurité autorise l’ouverture.
N’essayez jamais de forcer le couvercle.
Laissez reposer 5 minutes couvercle fermé si vous souhaitez une texture plus fondante.
Ouvrez avec prudence.

DEUXIÈME MISE EN PLACE

Vérifiez que les pois cassés sont tendres.
Mélangez doucement la base.
Posez les galettes de millet entières sur le dessus.
Ne les enfoncez pas.
Ne les cassez pas.
Ne les mélangez pas.

DEUXIÈME PROGRAMMATION THERMOCHEF

Fermez le couvercle.
Sélectionnez le menu Thermogrill.
Réglez le minuteur sur 4 minutes.
Appuyez sur Cuisiner.
Réglez la puissance sur 2.
Laissez chauffer doucement.
Ouvrez avec prudence.

FINITION

Les galettes doivent être chaudes.
Elles doivent rester entières autant que possible.
Ajoutez l’orange et l’herbe choisie.
Mélangez seulement la base autour des galettes.
Ne mélangez jamais fortement les galettes.
Goûtez avant d’ajouter du sel ou du poivre.

SERVICE

Servez chaud avec une spatule large.
La base doit être fondante.
Les galettes doivent rester en surface.

POINT DE CONTRÔLE AVANT SERVICE

Les pois cassés doivent être tendres.
Les galettes doivent être chaudes.
Les galettes doivent rester entières autant que possible.
La préparation ne doit pas être sèche.
Si certains pois cassés restent fermes, ajoutez une demi-mesurette ThermoChef d’eau chaude, soit 80 millilitres, environ 80 grammes, puis prolongez seulement la base de 2 à 3 minutes avant de réchauffer les galettes.

RÉSUMÉ SIMPLE

On garde les galettes de millet entières et à part.
On met les pois cassés, 400 millilitres d’eau, les endives et la crème dans la cuve.
On ne sale pas au départ.
On lance menu Légumes secs, 10 minutes.
On règle la puissance sur 3 seulement si l’appareil la demande.
On laisse reposer 5 minutes si besoin.
On pose les galettes entières sur le dessus.
On lance Thermogrill 4 minutes, puissance 2.
On ajoute l’orange et les herbes à la fin.
Le plat est prêt."
Galettes de tofu courgettes tomate et oignon façon ThermoChef,https://30minutesparjour.com/recettes-audio/fr/galette%20de%20tofu%20excellence/galettes%20de%20tofu%20courgettes%20tomate%20et%20oignon%20facon%20ThermoChef.mp3,Galette de tofu excellence,"2 à 3 galettes de tofu entières.
2 courgettes moyennes, environ 360 grammes, coupées en petits dés.
2 tomates moyennes, environ 240 grammes, coupées en petits dés.
1 oignon doux, environ 100 grammes, émincé finement.
2 cuillères à soupe de coulis de tomate, environ 30 grammes.
2 cuillères à soupe d’eau, 30 millilitres, environ 30 grammes.
basilic ou persil, sel et poivre à ajuster à la fin.",365,"Aujourd’hui, nous préparons galettes de tofu courgettes tomate et oignon façon ThermoChef.

Cette recette est prévue pour 2 personnes.

RÈGLE IMPORTANTE POUR LES GALETTES DE TOFU

Les galettes de tofu sont fragiles.
Elles doivent rester entières autant que possible.
On ne les mélange pas fortement.
La garniture ou la base sèche cuit d’abord.
Les galettes sont posées entières sur le dessus pour une chauffe douce de finition.
On utilise une spatule large pour les servir.
Les bases sèches ne sont pas utilisées sous forme cuite à l’avance.
Elles cuisent dans le ThermoChef avec l’eau indiquée.","Gardez les galettes de tofu entières et à part.
Coupez les courgettes et les tomates en petits dés.
Émincez l’oignon finement.
Préparez le coulis, l’eau et l’herbe choisie.

PREMIÈRE MISE EN PLACE DANS LA CUVE

Mettez les courgettes, les tomates, l’oignon, le coulis et l’eau dans la cuve. Mélangez. La garniture doit cuire avant l’ajout des galettes.

PREMIÈRE PROGRAMMATION THERMOCHEF

Fermez le couvercle.
Sélectionnez le menu Thermogrill.
Réglez le minuteur sur 10 minutes.
Appuyez sur Cuisiner.
Réglez la puissance sur 2.
Laissez le programme aller jusqu’à la fin.
Ouvrez avec prudence.

DEUXIÈME MISE EN PLACE

Ouvrez avec prudence. Mélangez la garniture. Posez les galettes de tofu entières sur le dessus, sans les enfoncer et sans les casser.

DEUXIÈME PROGRAMMATION THERMOCHEF

Fermez le couvercle.
Sélectionnez le menu Thermogrill.
Réglez le minuteur sur 4 minutes.
Appuyez sur Cuisiner.
Réglez la puissance sur 2.
Laissez le programme aller jusqu’à la fin.
Ouvrez avec prudence.

FINITION

À la fin de la deuxième cuisson, ouvrez avec prudence. Les galettes doivent être chaudes et rester entières. Ajoutez l’herbe choisie et ajustez l’assaisonnement.

SERVICE

Servez avec une spatule large pour garder les galettes en forme.

POINT DE CONTRÔLE AVANT SERVICE

Les galettes doivent être chaudes.
Elles doivent rester entières autant que possible.
La base sèche, quand il y en a une, doit être tendre sous la dent.
La garniture doit être tendre.
La sauce doit rester moelleuse.
Si la préparation paraît trop sèche, ajoutez 1 cuillère à soupe d’eau chaude, environ 15 millilitres, soit 15 grammes, puis mélangez seulement la garniture autour des galettes.
Ne mélangez jamais fortement les galettes de tofu.
Goûtez toujours avant d’ajouter du sel.

RÉSUMÉ SIMPLE

On garde les galettes de tofu entières.
On prépare la garniture ou la base sèche.
On lance la première cuisson.
On ouvre avec prudence.
On pose les galettes sur le dessus.
On lance une chauffe douce de finition.
On sert avec une spatule large.
Le plat est prêt à être servi chaud."
Galettes de tofu poireaux champignons et crème douce façon ThermoChef,https://30minutesparjour.com/recettes-audio/fr/galette%20de%20tofu%20excellence/galettes%20de%20tofu%20poireaux%20champignons%20et%20creme%20douce%20facon%20ThermoChef.mp3,Galette de tofu excellence,"2 à 3 galettes de tofu entières.
2 poireaux moyens, environ 300 grammes préparés, émincés finement.
220 grammes de champignons émincés.
3 cuillères à soupe de crème liquide ou végétale, environ 45 grammes.
2 cuillères à soupe d’eau, 30 millilitres, environ 30 grammes.
persil ou ciboulette, sel et poivre à ajuster à la fin.",366,"Aujourd’hui, nous préparons galettes de tofu poireaux champignons et crème douce façon ThermoChef.

Cette recette est prévue pour 2 personnes.

RÈGLE IMPORTANTE POUR LES GALETTES DE TOFU

Les galettes de tofu sont fragiles.
Elles doivent rester entières autant que possible.
On ne les mélange pas fortement.
La garniture ou la base sèche cuit d’abord.
Les galettes sont posées entières sur le dessus pour une chauffe douce de finition.
On utilise une spatule large pour les servir.
Les bases sèches ne sont pas utilisées sous forme cuite à l’avance.
Elles cuisent dans le ThermoChef avec l’eau indiquée.","Gardez les galettes entières et à part.
Émincez les poireaux finement et rincez-les bien.
Émincez les champignons.
Préparez la crème, l’eau et l’herbe choisie.

PREMIÈRE MISE EN PLACE DANS LA CUVE

Mettez les poireaux, les champignons, la crème et l’eau dans la cuve. Mélangez. Les galettes de tofu sont gardées pour la finition.

PREMIÈRE PROGRAMMATION THERMOCHEF

Fermez le couvercle.
Sélectionnez le menu Thermogrill.
Réglez le minuteur sur 12 minutes.
Appuyez sur Cuisiner.
Réglez la puissance sur 2.
Laissez le programme aller jusqu’à la fin.
Ouvrez avec prudence.

DEUXIÈME MISE EN PLACE

Ouvrez avec prudence. Les poireaux doivent être fondants. Posez les galettes entières sur la garniture, sans les mélanger.

DEUXIÈME PROGRAMMATION THERMOCHEF

Fermez le couvercle.
Sélectionnez le menu Thermogrill.
Réglez le minuteur sur 4 minutes.
Appuyez sur Cuisiner.
Réglez la puissance sur 2.
Laissez le programme aller jusqu’à la fin.
Ouvrez avec prudence.

FINITION

À la fin de la deuxième cuisson, ouvrez avec prudence. Les galettes doivent être chaudes. Ajoutez l’herbe choisie. Goûtez avant d’ajouter du sel.

SERVICE

Servez chaud. La crème douce protège la texture des galettes.

POINT DE CONTRÔLE AVANT SERVICE

Les galettes doivent être chaudes.
Elles doivent rester entières autant que possible.
La base sèche, quand il y en a une, doit être tendre sous la dent.
La garniture doit être tendre.
La sauce doit rester moelleuse.
Si la préparation paraît trop sèche, ajoutez 1 cuillère à soupe d’eau chaude, environ 15 millilitres, soit 15 grammes, puis mélangez seulement la garniture autour des galettes.
Ne mélangez jamais fortement les galettes de tofu.
Goûtez toujours avant d’ajouter du sel.

RÉSUMÉ SIMPLE

On garde les galettes de tofu entières.
On prépare la garniture ou la base sèche.
On lance la première cuisson.
On ouvre avec prudence.
On pose les galettes sur le dessus.
On lance une chauffe douce de finition.
On sert avec une spatule large.
Le plat est prêt à être servi chaud."
Galettes de tofu carottes épinards et crème curry doux façon ThermoChef,https://30minutesparjour.com/recettes-audio/fr/galette%20de%20tofu%20excellence/galettes%20de%20tofu%20carottes%20epinards%20et%20creme%20curry%20doux%20facon%20ThermoChef.mp3,Galette de tofu excellence,"2 à 3 galettes de tofu entières.
3 carottes, environ 300 grammes, râpées.
180 grammes d’épinards frais ou surgelés bien égouttés.
3 cuillères à soupe de crème de coco ou de crème liquide, environ 45 grammes.
2 cuillères à soupe d’eau, 30 millilitres, environ 30 grammes.
1 petite pincée de curry doux.
coriandre ou persil, sel et poivre à ajuster à la fin.",367,"Aujourd’hui, nous préparons galettes de tofu carottes épinards et crème curry doux façon ThermoChef.

Cette recette est prévue pour 2 personnes.

RÈGLE IMPORTANTE POUR LES GALETTES DE TOFU

Les galettes de tofu sont fragiles.
Elles doivent rester entières autant que possible.
On ne les mélange pas fortement.
La garniture ou la base sèche cuit d’abord.
Les galettes sont posées entières sur le dessus pour une chauffe douce de finition.
On utilise une spatule large pour les servir.
Les bases sèches ne sont pas utilisées sous forme cuite à l’avance.
Elles cuisent dans le ThermoChef avec l’eau indiquée.","Gardez les galettes de tofu entières et à part.
Râpez les carottes.
Préparez les épinards.
Préparez la crème, l’eau, le curry et l’herbe choisie.

PREMIÈRE MISE EN PLACE DANS LA CUVE

Mettez les carottes, les épinards, la crème, l’eau et le curry dans la cuve. Mélangez. Gardez les galettes pour la chauffe de finition.

PREMIÈRE PROGRAMMATION THERMOCHEF

Fermez le couvercle.
Sélectionnez le menu Thermogrill.
Réglez le minuteur sur 11 minutes.
Appuyez sur Cuisiner.
Réglez la puissance sur 3.
Laissez le programme aller jusqu’à la fin.
Ouvrez avec prudence.

DEUXIÈME MISE EN PLACE

Ouvrez avec prudence. Mélangez la garniture. Posez les galettes entières sur le dessus, sans les casser.

DEUXIÈME PROGRAMMATION THERMOCHEF

Fermez le couvercle.
Sélectionnez le menu Thermogrill.
Réglez le minuteur sur 4 minutes.
Appuyez sur Cuisiner.
Réglez la puissance sur 2.
Laissez le programme aller jusqu’à la fin.
Ouvrez avec prudence.

FINITION

À la fin de la deuxième cuisson, ouvrez avec prudence. Les galettes doivent être chaudes. Ajoutez l’herbe choisie et ajustez l’assaisonnement.

SERVICE

Servez chaud. La carotte et la crème curry donnent une garniture douce.

POINT DE CONTRÔLE AVANT SERVICE

Les galettes doivent être chaudes.
Elles doivent rester entières autant que possible.
La base sèche, quand il y en a une, doit être tendre sous la dent.
La garniture doit être tendre.
La sauce doit rester moelleuse.
Si la préparation paraît trop sèche, ajoutez 1 cuillère à soupe d’eau chaude, environ 15 millilitres, soit 15 grammes, puis mélangez seulement la garniture autour des galettes.
Ne mélangez jamais fortement les galettes de tofu.
Goûtez toujours avant d’ajouter du sel.

RÉSUMÉ SIMPLE

On garde les galettes de tofu entières.
On prépare la garniture ou la base sèche.
On lance la première cuisson.
On ouvre avec prudence.
On pose les galettes sur le dessus.
On lance une chauffe douce de finition.
On sert avec une spatule large.
Le plat est prêt à être servi chaud."
Galettes de tofu patate douce poivron et tomate façon ThermoChef,https://30minutesparjour.com/recettes-audio/fr/galette%20de%20tofu%20excellence/galettes%20de%20tofu%20patate%20douce%20poivron%20et%20tomate%20facon%20ThermoChef.mp3,Galette de tofu excellence,"2 à 3 galettes de tofu entières.
260 grammes de patate douce râpée.
1 poivron rouge ou jaune, environ 120 grammes, coupé en petits dés.
2 tomates moyennes, environ 240 grammes, coupées en petits dés.
2 cuillères à soupe de coulis de tomate, environ 30 grammes.
2 cuillères à soupe d’eau, 30 millilitres, environ 30 grammes.
basilic ou persil, sel et poivre à ajuster à la fin.",368,"Aujourd’hui, nous préparons galettes de tofu patate douce poivron et tomate façon ThermoChef.

Cette recette est prévue pour 2 personnes.

RÈGLE IMPORTANTE POUR LES GALETTES DE TOFU

Les galettes de tofu sont fragiles.
Elles doivent rester entières autant que possible.
On ne les mélange pas fortement.
La garniture ou la base sèche cuit d’abord.
Les galettes sont posées entières sur le dessus pour une chauffe douce de finition.
On utilise une spatule large pour les servir.
Les bases sèches ne sont pas utilisées sous forme cuite à l’avance.
Elles cuisent dans le ThermoChef avec l’eau indiquée.","Gardez les galettes entières et à part.
Râpez la patate douce.
Coupez le poivron et les tomates en petits dés.
Préparez le coulis, l’eau et l’herbe choisie.

PREMIÈRE MISE EN PLACE DANS LA CUVE

Mettez la patate douce, le poivron, les tomates, le coulis et l’eau dans la cuve. Mélangez. Les galettes seront ajoutées après cuisson de la garniture.

PREMIÈRE PROGRAMMATION THERMOCHEF

Fermez le couvercle.
Sélectionnez le menu Thermogrill.
Réglez le minuteur sur 12 minutes.
Appuyez sur Cuisiner.
Réglez la puissance sur 3.
Laissez le programme aller jusqu’à la fin.
Ouvrez avec prudence.

DEUXIÈME MISE EN PLACE

Ouvrez avec prudence. La patate douce doit être tendre. Posez les galettes entières sur le dessus de la garniture.

DEUXIÈME PROGRAMMATION THERMOCHEF

Fermez le couvercle.
Sélectionnez le menu Thermogrill.
Réglez le minuteur sur 4 minutes.
Appuyez sur Cuisiner.
Réglez la puissance sur 2.
Laissez le programme aller jusqu’à la fin.
Ouvrez avec prudence.

FINITION

À la fin de la deuxième cuisson, ouvrez avec prudence. Les galettes doivent être chaudes et la garniture moelleuse. Ajoutez l’herbe choisie.

SERVICE

Servez chaud. La patate douce apporte une texture douce autour des galettes.

POINT DE CONTRÔLE AVANT SERVICE

Les galettes doivent être chaudes.
Elles doivent rester entières autant que possible.
La base sèche, quand il y en a une, doit être tendre sous la dent.
La garniture doit être tendre.
La sauce doit rester moelleuse.
Si la préparation paraît trop sèche, ajoutez 1 cuillère à soupe d’eau chaude, environ 15 millilitres, soit 15 grammes, puis mélangez seulement la garniture autour des galettes.
Ne mélangez jamais fortement les galettes de tofu.
Goûtez toujours avant d’ajouter du sel.

RÉSUMÉ SIMPLE

On garde les galettes de tofu entières.
On prépare la garniture ou la base sèche.
On lance la première cuisson.
On ouvre avec prudence.
On pose les galettes sur le dessus.
On lance une chauffe douce de finition.
On sert avec une spatule large.
Le plat est prêt à être servi chaud."
Galettes de tofu aubergine tomate et oignon façon ThermoChef,https://30minutesparjour.com/recettes-audio/fr/galette%20de%20tofu%20excellence/galettes%20de%20tofu%20aubergine%20tomate%20et%20oignon%20facon%20ThermoChef.mp3,Galette de tofu excellence,"2 à 3 galettes de tofu entières.
1 petite aubergine, environ 220 grammes, coupée en petits dés.
2 tomates moyennes, environ 240 grammes, coupées en petits dés.
1 oignon doux, environ 100 grammes, émincé finement.
2 cuillères à soupe de coulis de tomate, environ 30 grammes.
3 cuillères à soupe d’eau, 45 millilitres, environ 45 grammes.
basilic ou persil, sel et poivre à ajuster à la fin.",369,"Aujourd’hui, nous préparons galettes de tofu aubergine tomate et oignon façon ThermoChef.

Cette recette est prévue pour 2 personnes.

RÈGLE IMPORTANTE POUR LES GALETTES DE TOFU

Les galettes de tofu sont fragiles.
Elles doivent rester entières autant que possible.
On ne les mélange pas fortement.
La garniture ou la base sèche cuit d’abord.
Les galettes sont posées entières sur le dessus pour une chauffe douce de finition.
On utilise une spatule large pour les servir.
Les bases sèches ne sont pas utilisées sous forme cuite à l’avance.
Elles cuisent dans le ThermoChef avec l’eau indiquée.","Gardez les galettes entières et à part.
Coupez l’aubergine et les tomates en petits dés.
Émincez l’oignon.
Préparez le coulis, l’eau et l’herbe choisie.

PREMIÈRE MISE EN PLACE DANS LA CUVE

Mettez l’aubergine, les tomates, l’oignon, le coulis et l’eau dans la cuve. Mélangez. La garniture doit devenir fondante avant l’ajout des galettes.

PREMIÈRE PROGRAMMATION THERMOCHEF

Fermez le couvercle.
Sélectionnez le menu Thermogrill.
Réglez le minuteur sur 13 minutes.
Appuyez sur Cuisiner.
Réglez la puissance sur 3.
Laissez le programme aller jusqu’à la fin.
Ouvrez avec prudence.

DEUXIÈME MISE EN PLACE

Ouvrez avec prudence. Mélangez la garniture. Posez les galettes entières sur le dessus, sans les enfouir.

DEUXIÈME PROGRAMMATION THERMOCHEF

Fermez le couvercle.
Sélectionnez le menu Thermogrill.
Réglez le minuteur sur 4 minutes.
Appuyez sur Cuisiner.
Réglez la puissance sur 2.
Laissez le programme aller jusqu’à la fin.
Ouvrez avec prudence.

FINITION

À la fin de la deuxième cuisson, ouvrez avec prudence. Les galettes doivent être chaudes et intactes. Ajoutez le basilic ou le persil.

SERVICE

Servez chaud. La tomate garde la garniture souple.

POINT DE CONTRÔLE AVANT SERVICE

Les galettes doivent être chaudes.
Elles doivent rester entières autant que possible.
La base sèche, quand il y en a une, doit être tendre sous la dent.
La garniture doit être tendre.
La sauce doit rester moelleuse.
Si la préparation paraît trop sèche, ajoutez 1 cuillère à soupe d’eau chaude, environ 15 millilitres, soit 15 grammes, puis mélangez seulement la garniture autour des galettes.
Ne mélangez jamais fortement les galettes de tofu.
Goûtez toujours avant d’ajouter du sel.

RÉSUMÉ SIMPLE

On garde les galettes de tofu entières.
On prépare la garniture ou la base sèche.
On lance la première cuisson.
On ouvre avec prudence.
On pose les galettes sur le dessus.
On lance une chauffe douce de finition.
On sert avec une spatule large.
Le plat est prêt à être servi chaud."
Galettes de tofu brocoli carottes et crème citronnée façon ThermoChef,https://30minutesparjour.com/recettes-audio/fr/galette%20de%20tofu%20excellence/galettes%20de%20tofu%20brocoli%20carottes%20et%20creme%20citronnee%20facon%20ThermoChef.mp3,Galette de tofu excellence,"2 à 3 galettes de tofu entières.
180 grammes de brocoli en très petits bouquets.
2 carottes, environ 200 grammes, râpées.
3 cuillères à soupe de crème liquide ou végétale, environ 45 grammes.
2 cuillères à soupe d’eau, 30 millilitres, environ 30 grammes.
quelques gouttes de citron à la fin.
persil ou ciboulette, sel et poivre à ajuster à la fin.",370,"Aujourd’hui, nous préparons galettes de tofu brocoli carottes et crème citronnée façon ThermoChef.

Cette recette est prévue pour 2 personnes.

RÈGLE IMPORTANTE POUR LES GALETTES DE TOFU

Les galettes de tofu sont fragiles.
Elles doivent rester entières autant que possible.
On ne les mélange pas fortement.
La garniture ou la base sèche cuit d’abord.
Les galettes sont posées entières sur le dessus pour une chauffe douce de finition.
On utilise une spatule large pour les servir.
Les bases sèches ne sont pas utilisées sous forme cuite à l’avance.
Elles cuisent dans le ThermoChef avec l’eau indiquée.","Gardez les galettes entières et à part.
Coupez le brocoli en très petits bouquets.
Râpez les carottes.
Préparez la crème, l’eau, le citron et l’herbe choisie.

PREMIÈRE MISE EN PLACE DANS LA CUVE

Mettez le brocoli, les carottes, la crème et l’eau dans la cuve. Mélangez. Gardez les galettes pour la finition.

PREMIÈRE PROGRAMMATION THERMOCHEF

Fermez le couvercle.
Sélectionnez le menu Thermogrill.
Réglez le minuteur sur 11 minutes.
Appuyez sur Cuisiner.
Réglez la puissance sur 3.
Laissez le programme aller jusqu’à la fin.
Ouvrez avec prudence.

DEUXIÈME MISE EN PLACE

Ouvrez avec prudence. Posez les galettes entières sur les légumes. Ne les cassez pas.

DEUXIÈME PROGRAMMATION THERMOCHEF

Fermez le couvercle.
Sélectionnez le menu Thermogrill.
Réglez le minuteur sur 4 minutes.
Appuyez sur Cuisiner.
Réglez la puissance sur 2.
Laissez le programme aller jusqu’à la fin.
Ouvrez avec prudence.

FINITION

À la fin de la deuxième cuisson, ouvrez avec prudence. Les galettes doivent être chaudes. Ajoutez le citron et l’herbe choisie.

SERVICE

Servez chaud. La crème citronnée donne une note fraîche.

POINT DE CONTRÔLE AVANT SERVICE

Les galettes doivent être chaudes.
Elles doivent rester entières autant que possible.
La base sèche, quand il y en a une, doit être tendre sous la dent.
La garniture doit être tendre.
La sauce doit rester moelleuse.
Si la préparation paraît trop sèche, ajoutez 1 cuillère à soupe d’eau chaude, environ 15 millilitres, soit 15 grammes, puis mélangez seulement la garniture autour des galettes.
Ne mélangez jamais fortement les galettes de tofu.
Goûtez toujours avant d’ajouter du sel.

RÉSUMÉ SIMPLE

On garde les galettes de tofu entières.
On prépare la garniture ou la base sèche.
On lance la première cuisson.
On ouvre avec prudence.
On pose les galettes sur le dessus.
On lance une chauffe douce de finition.
On sert avec une spatule large.
Le plat est prêt à être servi chaud."
Galettes de tofu chou-fleur pommes de terre et crème moutardée façon ThermoChef,https://30minutesparjour.com/recettes-audio/fr/galette%20de%20tofu%20excellence/galettes%20de%20tofu%20chou-fleur%20pommes%20de%20terre%20et%20creme%20moutardee%20facon%20ThermoChef.mp3,Galette de tofu excellence,"2 à 3 galettes de tofu entières.
240 grammes de chou-fleur râpé comme une semoule grossière.
220 grammes de pommes de terre râpées.
3 cuillères à soupe de crème liquide ou végétale, environ 45 grammes.
1 petite cuillère à café de moutarde douce, environ 5 grammes.
3 cuillères à soupe d’eau, 45 millilitres, environ 45 grammes.
persil, sel et poivre à ajuster à la fin.",371,"Aujourd’hui, nous préparons galettes de tofu chou-fleur pommes de terre et crème moutardée façon ThermoChef.

Cette recette est prévue pour 2 personnes.

RÈGLE IMPORTANTE POUR LES GALETTES DE TOFU

Les galettes de tofu sont fragiles.
Elles doivent rester entières autant que possible.
On ne les mélange pas fortement.
La garniture ou la base sèche cuit d’abord.
Les galettes sont posées entières sur le dessus pour une chauffe douce de finition.
On utilise une spatule large pour les servir.
Les bases sèches ne sont pas utilisées sous forme cuite à l’avance.
Elles cuisent dans le ThermoChef avec l’eau indiquée.","Gardez les galettes entières et à part.
Râpez le chou-fleur et les pommes de terre.
Préparez la crème, la moutarde et l’eau.
Préparez le persil.

PREMIÈRE MISE EN PLACE DANS LA CUVE

Mettez le chou-fleur, les pommes de terre, la crème, la moutarde et l’eau dans la cuve. Mélangez. Les galettes de tofu sont gardées à part.

PREMIÈRE PROGRAMMATION THERMOCHEF

Fermez le couvercle.
Sélectionnez le menu Thermogrill.
Réglez le minuteur sur 13 minutes.
Appuyez sur Cuisiner.
Réglez la puissance sur 3.
Laissez le programme aller jusqu’à la fin.
Ouvrez avec prudence.

DEUXIÈME MISE EN PLACE

Ouvrez avec prudence. La garniture doit être tendre. Posez les galettes entières sur le dessus.

DEUXIÈME PROGRAMMATION THERMOCHEF

Fermez le couvercle.
Sélectionnez le menu Thermogrill.
Réglez le minuteur sur 4 minutes.
Appuyez sur Cuisiner.
Réglez la puissance sur 2.
Laissez le programme aller jusqu’à la fin.
Ouvrez avec prudence.

FINITION

À la fin de la deuxième cuisson, ouvrez avec prudence. Les galettes doivent être chaudes. Ajoutez le persil et ajustez l’assaisonnement.

SERVICE

Servez chaud. Le chou-fleur et la pomme de terre donnent une base douce.

POINT DE CONTRÔLE AVANT SERVICE

Les galettes doivent être chaudes.
Elles doivent rester entières autant que possible.
La base sèche, quand il y en a une, doit être tendre sous la dent.
La garniture doit être tendre.
La sauce doit rester moelleuse.
Si la préparation paraît trop sèche, ajoutez 1 cuillère à soupe d’eau chaude, environ 15 millilitres, soit 15 grammes, puis mélangez seulement la garniture autour des galettes.
Ne mélangez jamais fortement les galettes de tofu.
Goûtez toujours avant d’ajouter du sel.

RÉSUMÉ SIMPLE

On garde les galettes de tofu entières.
On prépare la garniture ou la base sèche.
On lance la première cuisson.
On ouvre avec prudence.
On pose les galettes sur le dessus.
On lance une chauffe douce de finition.
On sert avec une spatule large.
Le plat est prêt à être servi chaud."
Galettes de tofu blettes pommes de terre et crème citronnée façon ThermoChef,https://30minutesparjour.com/recettes-audio/fr/galette%20de%20tofu%20excellence/galettes%20de%20tofu%20blettes%20pommes%20de%20terre%20et%20creme%20citronnee%20facon%20ThermoChef.mp3,Galette de tofu excellence,"2 à 3 galettes de tofu entières.
220 grammes de blettes émincées finement.
260 grammes de pommes de terre coupées en petits dés.
3 cuillères à soupe de crème liquide ou végétale, environ 45 grammes.
3 cuillères à soupe d’eau, 45 millilitres, environ 45 grammes.
quelques gouttes de citron à la fin.
persil ou aneth, sel et poivre à ajuster à la fin.",372,"Aujourd’hui, nous préparons galettes de tofu blettes pommes de terre et crème citronnée façon ThermoChef.

Cette recette est prévue pour 2 personnes.

RÈGLE IMPORTANTE POUR LES GALETTES DE TOFU

Les galettes de tofu sont fragiles.
Elles doivent rester entières autant que possible.
On ne les mélange pas fortement.
La garniture ou la base sèche cuit d’abord.
Les galettes sont posées entières sur le dessus pour une chauffe douce de finition.
On utilise une spatule large pour les servir.
Les bases sèches ne sont pas utilisées sous forme cuite à l’avance.
Elles cuisent dans le ThermoChef avec l’eau indiquée.","Gardez les galettes entières et à part.
Émincez les blettes finement.
Coupez les pommes de terre en petits dés réguliers.
Préparez la crème, l’eau, le citron et l’herbe choisie.

PREMIÈRE MISE EN PLACE DANS LA CUVE

Mettez les blettes, les pommes de terre, la crème et l’eau dans la cuve. Mélangez. La garniture doit cuire avant l’ajout des galettes.

PREMIÈRE PROGRAMMATION THERMOCHEF

Fermez le couvercle.
Sélectionnez le menu Thermogrill.
Réglez le minuteur sur 13 minutes.
Appuyez sur Cuisiner.
Réglez la puissance sur 3.
Laissez le programme aller jusqu’à la fin.
Ouvrez avec prudence.

DEUXIÈME MISE EN PLACE

Ouvrez avec prudence. Les pommes de terre doivent être presque tendres. Posez les galettes entières sur le dessus.

DEUXIÈME PROGRAMMATION THERMOCHEF

Fermez le couvercle.
Sélectionnez le menu Thermogrill.
Réglez le minuteur sur 4 minutes.
Appuyez sur Cuisiner.
Réglez la puissance sur 2.
Laissez le programme aller jusqu’à la fin.
Ouvrez avec prudence.

FINITION

À la fin de la deuxième cuisson, ouvrez avec prudence. Les galettes doivent être chaudes et la garniture tendre. Ajoutez le citron et l’herbe choisie.

SERVICE

Servez chaud. Les blettes et la crème citronnée accompagnent bien le tofu.

POINT DE CONTRÔLE AVANT SERVICE

Les galettes doivent être chaudes.
Elles doivent rester entières autant que possible.
La base sèche, quand il y en a une, doit être tendre sous la dent.
La garniture doit être tendre.
La sauce doit rester moelleuse.
Si la préparation paraît trop sèche, ajoutez 1 cuillère à soupe d’eau chaude, environ 15 millilitres, soit 15 grammes, puis mélangez seulement la garniture autour des galettes.
Ne mélangez jamais fortement les galettes de tofu.
Goûtez toujours avant d’ajouter du sel.

RÉSUMÉ SIMPLE

On garde les galettes de tofu entières.
On prépare la garniture ou la base sèche.
On lance la première cuisson.
On ouvre avec prudence.
On pose les galettes sur le dessus.
On lance une chauffe douce de finition.
On sert avec une spatule large.
Le plat est prêt à être servi chaud."
Galettes de tofu lentilles corail tomate épinards et curry façon ThermoChef,https://30minutesparjour.com/recettes-audio/fr/galette%20de%20tofu%20excellence/galettes%20de%20tofu%20lentilles%20corail%20tomate%20epinards%20et%20curry%20facon%20ThermoChef.mp3,Galette de tofu excellence,"2 à 3 galettes de tofu entières.
1 mesurette ThermoChef de lentilles corail sèches, environ 120 grammes.
1 mesurette et demie ThermoChef d’eau, 240 millilitres, environ 240 grammes.
2 tomates moyennes, environ 240 grammes, coupées en petits dés.
160 grammes d’épinards frais ou surgelés bien égouttés.
1 petite pincée de curry doux.
2 cuillères à soupe de crème de coco ou de crème liquide, environ 30 grammes, ajoutée en finition.
Coriandre ou persil.
Sel et poivre à ajuster à la fin.",373,"Aujourd’hui, nous préparons galettes de tofu lentilles corail tomate épinards et curry façon ThermoChef.

Cette recette est prévue pour 2 personnes.

RÈGLE IMPORTANTE POUR LES GALETTES DE TOFU

Les galettes de tofu sont fragiles.
Elles doivent rester entières autant que possible.
Gardez-les à part pendant la cuisson de la base.
Ne les mettez pas dans une cuisson longue.
Ne les mélangez jamais fortement.
Posez-les entières sur le dessus seulement en finition.
Utilisez une spatule large pour les servir.
Les bases sèches sont utilisées sèches au départ.
Elles cuisent dans le ThermoChef avec l’eau indiquée.

RÈGLE IMPORTANTE POUR LES LENTILLES CORAIL

Les lentilles corail sont utilisées sèches au départ.
Elles deviennent naturellement fondantes, presque façon purée légère.
Après test réel, la bonne base est 1 mesurette ThermoChef de lentilles corail, environ 120 grammes, avec 1 mesurette et demie d’eau, soit 240 millilitres, environ 240 grammes.
N’utilisez pas 2 mesurettes d’eau dans cette recette, car le résultat serait trop humide.
Le menu utilisé est Pâtes mode 5, environ 14 à 16 minutes.
Sur le menu Pâtes, on ne règle pas de puissance.
Les galettes de tofu sont ajoutées seulement en finition.","Gardez les galettes de tofu entières et à part.
Rincez les lentilles corail.
Mesurez l’eau avec précision.
Coupez les tomates.
Préparez les épinards et le curry.
Gardez la crème et l’herbe choisie pour la finition.

MISE EN PLACE DANS LA CUVE

Mettez les lentilles corail sèches dans la cuve.
Ajoutez l’eau.
Ajoutez les tomates, les épinards et le curry.
Mélangez.
Gardez les galettes de tofu à part.
Ne salez pas au départ.
Vérifiez que le petit piston de sécurité reste libre.

PREMIÈRE PROGRAMMATION THERMOCHEF

Fermez le couvercle.
Sélectionnez le menu Pâtes.
Choisissez mode 5, environ 14 à 16 minutes.
Appuyez sur Cuisiner.
Laissez le programme aller jusqu’à la fin.
Attendez que la sécurité autorise l’ouverture.
N’essayez jamais de forcer le couvercle.
Ouvrez avec prudence.

DEUXIÈME MISE EN PLACE

Les lentilles corail doivent être fondantes.
Ajoutez la crème.
Mélangez doucement la base.
Posez les galettes de tofu entières sur le dessus.
Ne les enfoncez pas.
Ne les cassez pas.
Ne les mélangez pas.

DEUXIÈME PROGRAMMATION THERMOCHEF

Fermez le couvercle.
Sélectionnez le menu Thermogrill.
Réglez le minuteur sur 4 minutes.
Appuyez sur Cuisiner.
Réglez la puissance sur 2.
Laissez chauffer doucement.
Ouvrez avec prudence.

FINITION

Les galettes doivent être chaudes.
Elles doivent rester entières autant que possible.
Ajoutez la coriandre ou le persil.
Mélangez seulement la base autour des galettes.
Goûtez avant d’ajouter du sel ou du poivre.

SERVICE

Servez chaud avec une spatule large.
Les lentilles corail doivent être fondantes.
Les galettes doivent rester en surface.

POINT DE CONTRÔLE AVANT SERVICE

Les galettes doivent être chaudes.
Elles doivent rester entières autant que possible.
La base doit être tendre.
La préparation ne doit pas être sèche.
Si la préparation paraît trop sèche, ajoutez 1 cuillère à soupe d’eau chaude, environ 15 millilitres, soit 15 grammes, puis mélangez seulement la base autour des galettes.
Ne mélangez jamais fortement les galettes de tofu.

RÉSUMÉ SIMPLE

On garde les galettes de tofu entières et à part.
On met les lentilles corail, 240 millilitres d’eau, les tomates, les épinards et le curry dans la cuve.
On lance menu Pâtes mode 5, environ 14 à 16 minutes.
On ajoute la crème.
On pose les galettes entières sur le dessus.
On lance Thermogrill 4 minutes, puissance 2.
On ajoute les herbes à la fin.
Le plat est prêt."
Galettes de tofu pâtes courtes tomate champignons et basilic façon ThermoChef,https://30minutesparjour.com/recettes-audio/fr/galette%20de%20tofu%20excellence/galettes%20de%20tofu%20pates%20courtes%20tomate%20champignons%20et%20basilic%20facon%20ThermoChef.mp3,Galette de tofu excellence,"2 à 3 galettes de tofu entières.
2 mugs de pâtes courtes, environ 180 à 200 grammes.
2 mesurettes ThermoChef d’eau, 320 millilitres, environ 320 grammes.
2 tomates moyennes, environ 240 grammes, coupées en petits dés.
180 grammes de champignons émincés.
1 cuillère à soupe de coulis de tomate, environ 15 grammes.
basilic ou persil, sel et poivre à ajuster à la fin.",374,"Aujourd’hui, nous préparons galettes de tofu pâtes courtes tomate champignons et basilic façon ThermoChef.

Cette recette est prévue pour 2 personnes.

RÈGLE IMPORTANTE POUR LES GALETTES DE TOFU

Les galettes de tofu sont fragiles.
Elles doivent rester entières autant que possible.
On ne les mélange pas fortement.
La garniture ou la base sèche cuit d’abord.
Les galettes sont posées entières sur le dessus pour une chauffe douce de finition.
On utilise une spatule large pour les servir.
Les bases sèches ne sont pas utilisées sous forme cuite à l’avance.
Elles cuisent dans le ThermoChef avec l’eau indiquée.

RÈGLE DE CUISSON DE LA BASE

Pâtes courtes : 2 mugs, environ 180 à 200 grammes, avec 2 mesurettes ThermoChef d’eau, 320 millilitres, environ 320 grammes. Choisir le menu Pâtes selon le temps indiqué sur le paquet. Les galettes sont ajoutées en finition.","Gardez les galettes entières et à part.
Mesurez les pâtes et l’eau.
Coupez les tomates en petits dés.
Émincez les champignons et préparez le coulis.

PREMIÈRE MISE EN PLACE DANS LA CUVE

Mettez les pâtes et l’eau dans la cuve. Ajoutez les tomates, les champignons et le coulis. Mélangez. Gardez les galettes pour la finition. Vérifiez le petit piston de sécurité.
Vérifiez que rien ne dépasse trop haut dans la cuve.
Vérifiez aussi qu’aucun morceau d’aliment ne risque de bloquer le petit piston de sécurité sous le couvercle.

PREMIÈRE PROGRAMMATION THERMOCHEF

Fermez le couvercle.
Sélectionnez le menu Pâtes.
Choisissez mode adapté au temps indiqué sur le paquet.
Appuyez sur Cuisiner.
Laissez le programme aller jusqu’à la fin.
Attendez que la sécurité autorise l’ouverture.
N’essayez jamais de forcer le couvercle.
Ouvrez avec prudence.

DEUXIÈME MISE EN PLACE

À la fin du menu Pâtes, attendez que la sécurité autorise l’ouverture. Ouvrez avec prudence. Mélangez les pâtes. Posez les galettes entières sur le dessus.

DEUXIÈME PROGRAMMATION THERMOCHEF

Fermez le couvercle.
Sélectionnez le menu Thermogrill.
Réglez le minuteur sur 4 minutes.
Appuyez sur Cuisiner.
Réglez la puissance sur 2.
Laissez le programme aller jusqu’à la fin.
Ouvrez avec prudence.

FINITION

À la fin de la deuxième cuisson, ouvrez avec prudence. Les pâtes doivent être tendres et les galettes chaudes. Ajoutez le basilic ou le persil.

SERVICE

Servez chaud. Les pâtes donnent une base simple et les galettes restent en surface.

POINT DE CONTRÔLE AVANT SERVICE

Les galettes doivent être chaudes.
Elles doivent rester entières autant que possible.
La base sèche, quand il y en a une, doit être tendre sous la dent.
La garniture doit être tendre.
La sauce doit rester moelleuse.
Si la préparation paraît trop sèche, ajoutez 1 cuillère à soupe d’eau chaude, environ 15 millilitres, soit 15 grammes, puis mélangez seulement la garniture autour des galettes.
Ne mélangez jamais fortement les galettes de tofu.
Goûtez toujours avant d’ajouter du sel.

RÉSUMÉ SIMPLE

On garde les galettes de tofu entières.
On prépare la garniture ou la base sèche.
On lance la première cuisson.
On ouvre avec prudence.
On pose les galettes sur le dessus.
On lance une chauffe douce de finition.
On sert avec une spatule large.
Le plat est prêt à être servi chaud."
Galettes de tofu orge perlée crue artichauts asperges et crème citronnée façon ThermoChef,https://30minutesparjour.com/recettes-audio/fr/galette%20de%20tofu%20excellence/galettes%20de%20tofu%20orge%20perlee%20crue%20artichauts%20asperges%20et%20creme%20citronnee%20facon%20ThermoChef.mp3,Galette de tofu excellence,"2 à 3 galettes de tofu entières.
1 mesurette ThermoChef d’orge perlée crue, environ 120 grammes.
1 mesurette et demie ThermoChef d’eau, 240 millilitres, environ 240 grammes.
140 grammes de fonds d’artichauts coupés en morceaux.
120 grammes d’asperges vertes coupées en petits tronçons.
2 cuillères à soupe de crème liquide ou végétale, environ 30 grammes.
quelques gouttes de citron à la fin, persil ou aneth.",375,"Aujourd’hui, nous préparons galettes de tofu orge perlée crue artichauts asperges et crème citronnée façon ThermoChef.

Cette recette est prévue pour 2 personnes.

RÈGLE IMPORTANTE POUR LES GALETTES DE TOFU

Les galettes de tofu sont fragiles.
Elles doivent rester entières autant que possible.
On ne les mélange pas fortement.
La garniture ou la base sèche cuit d’abord.
Les galettes sont posées entières sur le dessus pour une chauffe douce de finition.
On utilise une spatule large pour les servir.
Les bases sèches ne sont pas utilisées sous forme cuite à l’avance.
Elles cuisent dans le ThermoChef avec l’eau indiquée.

RÈGLE DE CUISSON DE LA BASE

Orge perlée : 1 mesurette ThermoChef, environ 120 grammes, avec 1 mesurette et demie d’eau, 240 millilitres, environ 240 grammes. Temps paquet souvent 30 à 35 minutes ; menu Légumes secs 10 à 12 minutes selon paquet. Les galettes sont ajoutées en finition.","Gardez les galettes entières et à part.
Rincez l’orge perlée si votre paquet le conseille.
Mesurez l’orge et l’eau.
Coupez les artichauts et les asperges.

PREMIÈRE MISE EN PLACE DANS LA CUVE

Mettez l’orge perlée crue et l’eau dans la cuve. Ajoutez les artichauts, les asperges et la crème. Mélangez. L’orge doit cuire dans le ThermoChef avant l’ajout des galettes. Vérifiez le petit piston de sécurité.
Vérifiez que rien ne dépasse trop haut dans la cuve.
Vérifiez aussi qu’aucun morceau d’aliment ne risque de bloquer le petit piston de sécurité sous le couvercle.

PREMIÈRE PROGRAMMATION THERMOCHEF

Fermez le couvercle.
Sélectionnez le menu Légumes secs.
Réglez le temps sur 12 minutes.
Appuyez sur Cuisiner.
Laissez le programme aller jusqu’à la fin.
Attendez que la sécurité autorise l’ouverture.
N’essayez jamais de forcer le couvercle.
Ouvrez avec prudence.

DEUXIÈME MISE EN PLACE

À la fin du menu Légumes secs, attendez que la sécurité autorise l’ouverture. Ouvrez avec prudence. Mélangez l’orge. Posez les galettes entières sur le dessus.

DEUXIÈME PROGRAMMATION THERMOCHEF

Fermez le couvercle.
Sélectionnez le menu Thermogrill.
Réglez le minuteur sur 4 minutes.
Appuyez sur Cuisiner.
Réglez la puissance sur 2.
Laissez le programme aller jusqu’à la fin.
Ouvrez avec prudence.

FINITION

À la fin de la deuxième cuisson, ouvrez avec prudence. L’orge doit être tendre et les galettes chaudes. Ajoutez le citron et l’herbe choisie.

SERVICE

Servez chaud. L’orge donne une base nourrissante et les galettes restent entières.

POINT DE CONTRÔLE AVANT SERVICE

Les galettes doivent être chaudes.
Elles doivent rester entières autant que possible.
La base sèche, quand il y en a une, doit être tendre sous la dent.
La garniture doit être tendre.
La sauce doit rester moelleuse.
Si la préparation paraît trop sèche, ajoutez 1 cuillère à soupe d’eau chaude, environ 15 millilitres, soit 15 grammes, puis mélangez seulement la garniture autour des galettes.
Ne mélangez jamais fortement les galettes de tofu.
Goûtez toujours avant d’ajouter du sel.

RÉSUMÉ SIMPLE

On garde les galettes de tofu entières.
On prépare la garniture ou la base sèche.
On lance la première cuisson.
On ouvre avec prudence.
On pose les galettes sur le dessus.
On lance une chauffe douce de finition.
On sert avec une spatule large.
Le plat est prêt à être servi chaud."
Galettes de tofu gnocchis chou romanesco tomates cerises et roquette façon ThermoChef,https://30minutesparjour.com/recettes-audio/fr/galette%20de%20tofu%20excellence/galettes%20de%20tofu%20gnocchis%20chou%20romanesco%20tomates%20cerises%20et%20roquette%20facon%20ThermoChef.mp3,Galette de tofu excellence,"2 à 3 galettes de tofu entières.
300 grammes de gnocchis frais à poêler.
160 grammes de chou romanesco en très petits bouquets.
120 grammes de tomates cerises coupées en deux.
30 grammes de roquette ajoutée à la fin.
2 cuillères à soupe de crème liquide ou végétale, environ 30 grammes.
2 cuillères à soupe d’eau, 30 millilitres, environ 30 grammes.
basilic ou persil, sel et poivre à ajuster à la fin.",376,"Aujourd’hui, nous préparons galettes de tofu gnocchis chou romanesco tomates cerises et roquette façon ThermoChef.

Cette recette est prévue pour 2 personnes.

RÈGLE IMPORTANTE POUR LES GALETTES DE TOFU

Les galettes de tofu sont fragiles.
Elles doivent rester entières autant que possible.
On ne les mélange pas fortement.
La garniture ou la base sèche cuit d’abord.
Les galettes sont posées entières sur le dessus pour une chauffe douce de finition.
On utilise une spatule large pour les servir.
Les bases sèches ne sont pas utilisées sous forme cuite à l’avance.
Elles cuisent dans le ThermoChef avec l’eau indiquée.

RÈGLE DE CUISSON DE LA BASE

Gnocchis frais à poêler : cuisson courte au Thermogrill avec un peu d’eau et de crème. Les galettes de tofu sont ajoutées en finition.","Gardez les galettes entières et à part.
Préparez les gnocchis.
Coupez le chou romanesco en très petits bouquets.
Coupez les tomates cerises en deux et rincez la roquette.

PREMIÈRE MISE EN PLACE DANS LA CUVE

Mettez les gnocchis, le chou romanesco, les tomates cerises, la crème et l’eau dans la cuve. Mélangez. Gardez les galettes et la roquette pour la finition.

PREMIÈRE PROGRAMMATION THERMOCHEF

Fermez le couvercle.
Sélectionnez le menu Thermogrill.
Réglez le minuteur sur 10 minutes.
Appuyez sur Cuisiner.
Réglez la puissance sur 2.
Laissez le programme aller jusqu’à la fin.
Ouvrez avec prudence.

DEUXIÈME MISE EN PLACE

Ouvrez avec prudence. Mélangez les gnocchis. Posez les galettes entières sur le dessus.

DEUXIÈME PROGRAMMATION THERMOCHEF

Fermez le couvercle.
Sélectionnez le menu Thermogrill.
Réglez le minuteur sur 4 minutes.
Appuyez sur Cuisiner.
Réglez la puissance sur 2.
Laissez le programme aller jusqu’à la fin.
Ouvrez avec prudence.

FINITION

À la fin de la deuxième cuisson, ouvrez avec prudence. Les gnocchis doivent être tendres et les galettes chaudes. Ajoutez la roquette et l’herbe choisie.

SERVICE

Servez chaud. La roquette tombe avec la chaleur et les galettes restent en surface.

POINT DE CONTRÔLE AVANT SERVICE

Les galettes doivent être chaudes.
Elles doivent rester entières autant que possible.
La base sèche, quand il y en a une, doit être tendre sous la dent.
La garniture doit être tendre.
La sauce doit rester moelleuse.
Si la préparation paraît trop sèche, ajoutez 1 cuillère à soupe d’eau chaude, environ 15 millilitres, soit 15 grammes, puis mélangez seulement la garniture autour des galettes.
Ne mélangez jamais fortement les galettes de tofu.
Goûtez toujours avant d’ajouter du sel.

RÉSUMÉ SIMPLE

On garde les galettes de tofu entières.
On prépare la garniture ou la base sèche.
On lance la première cuisson.
On ouvre avec prudence.
On pose les galettes sur le dessus.
On lance une chauffe douce de finition.
On sert avec une spatule large.
Le plat est prêt à être servi chaud."
Galettes de tofu riz noir cru chou-rave fèves et crème citronnée façon ThermoChef,https://30minutesparjour.com/recettes-audio/fr/galette%20de%20tofu%20excellence/galettes%20de%20tofu%20riz%20noir%20cru%20chou-rave%20feves%20et%20creme%20citronnee%20facon%20ThermoChef.mp3,Galette de tofu excellence,"2 à 3 galettes de tofu entières.
1 mesurette ThermoChef de riz noir cru, environ 140 à 150 grammes.
1 mesurette et demie ThermoChef d’eau, 240 millilitres, environ 240 grammes.
180 grammes de chou-rave râpé.
140 grammes de fèves pelées.
2 cuillères à soupe de crème liquide ou végétale, environ 30 grammes.
quelques gouttes de citron à la fin, persil ou aneth.",377,"Aujourd’hui, nous préparons galettes de tofu riz noir cru chou-rave fèves et crème citronnée façon ThermoChef.

Cette recette est prévue pour 2 personnes.

RÈGLE IMPORTANTE POUR LES GALETTES DE TOFU

Les galettes de tofu sont fragiles.
Elles doivent rester entières autant que possible.
On ne les mélange pas fortement.
La garniture ou la base sèche cuit d’abord.
Les galettes sont posées entières sur le dessus pour une chauffe douce de finition.
On utilise une spatule large pour les servir.
Les bases sèches ne sont pas utilisées sous forme cuite à l’avance.
Elles cuisent dans le ThermoChef avec l’eau indiquée.

RÈGLE DE CUISSON DE LA BASE

Riz noir : 1 mesurette ThermoChef, environ 140 à 150 grammes, avec 1 mesurette et demie d’eau, 240 millilitres, environ 240 grammes. Si le paquet indique 40 à 45 minutes, utiliser le menu Légumes secs environ 15 minutes. Les galettes sont ajoutées en finition.","Gardez les galettes entières et à part.
Rincez le riz noir si votre paquet le conseille.
Mesurez le riz noir et l’eau.
Râpez le chou-rave et préparez les fèves.

PREMIÈRE MISE EN PLACE DANS LA CUVE

Mettez le riz noir cru et l’eau dans la cuve. Ajoutez le chou-rave, les fèves et la crème. Mélangez. Le riz noir doit cuire dans le ThermoChef avant l’ajout des galettes. Vérifiez le petit piston de sécurité.
Vérifiez que rien ne dépasse trop haut dans la cuve.
Vérifiez aussi qu’aucun morceau d’aliment ne risque de bloquer le petit piston de sécurité sous le couvercle.

PREMIÈRE PROGRAMMATION THERMOCHEF

Fermez le couvercle.
Sélectionnez le menu Légumes secs.
Réglez le temps sur 15 minutes.
Appuyez sur Cuisiner.
Laissez le programme aller jusqu’à la fin.
Attendez que la sécurité autorise l’ouverture.
N’essayez jamais de forcer le couvercle.
Ouvrez avec prudence.

DEUXIÈME MISE EN PLACE

À la fin du menu Légumes secs, attendez que la sécurité autorise l’ouverture. Ouvrez avec prudence. Mélangez le riz noir. Posez les galettes entières sur le dessus.

DEUXIÈME PROGRAMMATION THERMOCHEF

Fermez le couvercle.
Sélectionnez le menu Thermogrill.
Réglez le minuteur sur 4 minutes.
Appuyez sur Cuisiner.
Réglez la puissance sur 2.
Laissez le programme aller jusqu’à la fin.
Ouvrez avec prudence.

FINITION

À la fin de la deuxième cuisson, ouvrez avec prudence. Le riz noir doit être tendre sous la dent et les galettes chaudes. Ajoutez le citron et l’herbe choisie.

SERVICE

Servez chaud. Le riz noir apporte une base ferme et parfumée.

POINT DE CONTRÔLE AVANT SERVICE

Les galettes doivent être chaudes.
Elles doivent rester entières autant que possible.
La base sèche, quand il y en a une, doit être tendre sous la dent.
La garniture doit être tendre.
La sauce doit rester moelleuse.
Si la préparation paraît trop sèche, ajoutez 1 cuillère à soupe d’eau chaude, environ 15 millilitres, soit 15 grammes, puis mélangez seulement la garniture autour des galettes.
Ne mélangez jamais fortement les galettes de tofu.
Goûtez toujours avant d’ajouter du sel.

RÉSUMÉ SIMPLE

On garde les galettes de tofu entières.
On prépare la garniture ou la base sèche.
On lance la première cuisson.
On ouvre avec prudence.
On pose les galettes sur le dessus.
On lance une chauffe douce de finition.
On sert avec une spatule large.
Le plat est prêt à être servi chaud."
Galettes de tofu polenta crémeuse maïs haricots plats et estragon façon ThermoChef,https://30minutesparjour.com/recettes-audio/fr/galette%20de%20tofu%20excellence/galettes%20de%20tofu%20polenta%20cremeuse%20mais%20haricots%20plats%20et%20estragon%20facon%20ThermoChef.mp3,Galette de tofu excellence,"2 à 3 galettes de tofu entières.
90 grammes de polenta instantanée.
420 millilitres d’eau, environ 420 grammes.
100 grammes de maïs égoutté.
160 grammes de haricots plats coupés en petits tronçons.
1 cuillère à soupe de crème liquide ou végétale, environ 15 grammes.
estragon ou persil, sel et poivre à ajuster à la fin.",378,"Aujourd’hui, nous préparons galettes de tofu polenta crémeuse maïs haricots plats et estragon façon ThermoChef.

Cette recette est prévue pour 2 personnes.

RÈGLE IMPORTANTE POUR LES GALETTES DE TOFU

Les galettes de tofu sont fragiles.
Elles doivent rester entières autant que possible.
On ne les mélange pas fortement.
La garniture ou la base sèche cuit d’abord.
Les galettes sont posées entières sur le dessus pour une chauffe douce de finition.
On utilise une spatule large pour les servir.
Les bases sèches ne sont pas utilisées sous forme cuite à l’avance.
Elles cuisent dans le ThermoChef avec l’eau indiquée.

RÈGLE DE CUISSON DE LA BASE

Polenta instantanée : 90 grammes avec 420 millilitres d’eau, environ 420 grammes. Mélanger soigneusement avant cuisson pour éviter les paquets secs. Les galettes sont ajoutées en finition.","Gardez les galettes entières et à part.
Pesez la polenta et mesurez l’eau.
Égouttez le maïs.
Coupez les haricots plats en petits tronçons.

PREMIÈRE MISE EN PLACE DANS LA CUVE

Mettez l’eau, la polenta, le maïs, les haricots plats et la crème dans la cuve. Mélangez très soigneusement pour éviter les paquets secs. Gardez les galettes pour la finition.

PREMIÈRE PROGRAMMATION THERMOCHEF

Fermez le couvercle.
Sélectionnez le menu Thermogrill.
Réglez le minuteur sur 12 minutes.
Appuyez sur Cuisiner.
Réglez la puissance sur 2.
Laissez le programme aller jusqu’à la fin.
Ouvrez avec prudence.

DEUXIÈME MISE EN PLACE

Ouvrez avec prudence. Mélangez la polenta avec une spatule souple. Posez les galettes entières sur le dessus.

DEUXIÈME PROGRAMMATION THERMOCHEF

Fermez le couvercle.
Sélectionnez le menu Thermogrill.
Réglez le minuteur sur 4 minutes.
Appuyez sur Cuisiner.
Réglez la puissance sur 2.
Laissez le programme aller jusqu’à la fin.
Ouvrez avec prudence.

FINITION

À la fin de la deuxième cuisson, ouvrez avec prudence. La polenta doit être crémeuse et les galettes chaudes. Ajoutez l’estragon ou le persil.

SERVICE

Servez chaud. La polenta crémeuse accompagne les galettes sans les casser.

POINT DE CONTRÔLE AVANT SERVICE

Les galettes doivent être chaudes.
Elles doivent rester entières autant que possible.
La base sèche, quand il y en a une, doit être tendre sous la dent.
La garniture doit être tendre.
La sauce doit rester moelleuse.
Si la préparation paraît trop sèche, ajoutez 1 cuillère à soupe d’eau chaude, environ 15 millilitres, soit 15 grammes, puis mélangez seulement la garniture autour des galettes.
Ne mélangez jamais fortement les galettes de tofu.
Goûtez toujours avant d’ajouter du sel.

RÉSUMÉ SIMPLE

On garde les galettes de tofu entières.
On prépare la garniture ou la base sèche.
On lance la première cuisson.
On ouvre avec prudence.
On pose les galettes sur le dessus.
On lance une chauffe douce de finition.
On sert avec une spatule large.
Le plat est prêt à être servi chaud."
Galettes de tofu pois cassés endives orange et crème douce façon ThermoChef,https://30minutesparjour.com/recettes-audio/fr/galette%20de%20tofu%20excellence/galettes%20de%20tofu%20pois%20casses%20endives%20orange%20et%20creme%20douce%20facon%20ThermoChef.mp3,Galette de tofu excellence,"2 à 3 galettes de tofu entières.
1 mesurette ThermoChef de pois cassés secs, environ 120 grammes.
2 mesurettes et demie ThermoChef d’eau, 400 millilitres, environ 400 grammes.
2 endives émincées finement.
80 grammes d’orange coupée en petits morceaux, ajoutée en finition.
2 cuillères à soupe de crème liquide ou végétale, environ 30 grammes.
Persil ou aneth.
Poivre.
Sel à ajuster seulement à la fin si nécessaire.",379,"Aujourd’hui, nous préparons galettes de tofu pois cassés endives orange et crème douce façon ThermoChef.

Cette recette est prévue pour 2 personnes.

RÈGLE IMPORTANTE POUR LES GALETTES DE TOFU

Les galettes de tofu sont fragiles.
Elles doivent rester entières autant que possible.
Gardez-les à part pendant la cuisson de la base.
Ne les mettez pas dans une cuisson longue.
Ne les mélangez jamais fortement.
Posez-les entières sur le dessus seulement en finition.
Utilisez une spatule large pour les servir.
Les bases sèches sont utilisées sèches au départ.
Elles cuisent dans le ThermoChef avec l’eau indiquée.

RÈGLE IMPORTANTE POUR LES POIS CASSÉS

Les pois cassés sont utilisés secs.
Pour 1 mesurette ThermoChef de pois cassés secs, environ 120 grammes, utilisez 2 mesurettes et demie d’eau, soit 400 millilitres, environ 400 grammes.
Le temps de référence est 10 minutes sur le menu Légumes secs.
Si votre version du ThermoChef demande une puissance sur ce menu, réglez sur 3.
Après cuisson, laissez reposer 5 minutes couvercle fermé si vous souhaitez une texture plus fondante.
La correction principale est l’eau et le repos, pas l’allongement direct du temps.
Les galettes de tofu sont ajoutées seulement en finition.","Gardez les galettes de tofu entières et à part.
Rincez les pois cassés si votre paquet le conseille.
Mesurez les pois cassés et l’eau avec précision.
Émincez les endives finement.
Coupez l’orange en petits morceaux et gardez-la pour la finition.
Préparez la crème et l’herbe choisie.

MISE EN PLACE DANS LA CUVE

Mettez les pois cassés secs dans la cuve.
Ajoutez l’eau.
Ajoutez les endives et la crème.
Mélangez pour répartir les pois cassés dans l’eau.
Ne salez pas au départ.
Gardez les galettes de tofu à part.
Vérifiez que le petit piston de sécurité reste libre.

PREMIÈRE PROGRAMMATION THERMOCHEF

Fermez le couvercle.
Sélectionnez le menu Légumes secs.
Réglez le temps sur 10 minutes.
Appuyez sur Cuisiner.
Si votre version du ThermoChef demande une puissance sur ce menu, réglez sur 3.
Laissez le programme aller jusqu’à la fin.
Attendez que la sécurité autorise l’ouverture.
N’essayez jamais de forcer le couvercle.
Laissez reposer 5 minutes couvercle fermé si vous souhaitez une texture plus fondante.
Ouvrez avec prudence.

DEUXIÈME MISE EN PLACE

Vérifiez que les pois cassés sont tendres.
Mélangez doucement la base.
Posez les galettes de tofu entières sur le dessus.
Ne les enfoncez pas.
Ne les cassez pas.
Ne les mélangez pas.

DEUXIÈME PROGRAMMATION THERMOCHEF

Fermez le couvercle.
Sélectionnez le menu Thermogrill.
Réglez le minuteur sur 4 minutes.
Appuyez sur Cuisiner.
Réglez la puissance sur 2.
Laissez chauffer doucement.
Ouvrez avec prudence.

FINITION

Les galettes doivent être chaudes.
Elles doivent rester entières autant que possible.
Ajoutez l’orange et l’herbe choisie.
Mélangez seulement la base autour des galettes.
Ne mélangez jamais fortement les galettes.
Goûtez avant d’ajouter du sel ou du poivre.

SERVICE

Servez chaud avec une spatule large.
La base doit être fondante.
Les galettes doivent rester en surface.

POINT DE CONTRÔLE AVANT SERVICE

Les pois cassés doivent être tendres.
Les galettes doivent être chaudes.
Elles doivent rester entières autant que possible.
La préparation ne doit pas être sèche.
Si certains pois cassés restent fermes, ajoutez une demi-mesurette ThermoChef d’eau chaude, soit 80 millilitres, environ 80 grammes, puis prolongez seulement la base de 2 à 3 minutes avant de réchauffer les galettes.

RÉSUMÉ SIMPLE

On garde les galettes de tofu entières et à part.
On met les pois cassés, 400 millilitres d’eau, les endives et la crème dans la cuve.
On ne sale pas au départ.
On lance menu Légumes secs, 10 minutes.
On règle la puissance sur 3 seulement si l’appareil la demande.
On laisse reposer 5 minutes si besoin.
On pose les galettes entières sur le dessus.
On lance Thermogrill 4 minutes, puissance 2.
On ajoute l’orange et les herbes à la fin.
Le plat est prêt."
Jambon blanc pommes de terre et crème douce façon ThermoChef,https://30minutesparjour.com/recettes-audio/fr/jambon%20blanc%20recette%20excellence/jambon%20blanc%20pommes%20de%20terre%20et%20creme%20douce%20facon%20ThermoChef.mp3,Jambon blanc excellence,"3 tranches de jambon blanc, environ 120 à 150 grammes, coupées en lanières.
300 grammes de pommes de terre coupées en petits dés.
3 cuillères à soupe de crème liquide ou végétale, environ 45 grammes.
3 cuillères à soupe d’eau, 45 millilitres, environ 45 grammes.
1 échalote émincée finement.
persil ou ciboulette, poivre, sel seulement à la fin si nécessaire.",380,"Aujourd’hui, nous préparons jambon blanc pommes de terre et crème douce façon ThermoChef.

Cette recette est prévue pour 2 personnes.

RÈGLE IMPORTANTE POUR LE JAMBON BLANC

Le jambon blanc est un produit prêt à consommer.
Il peut sécher si on le cuit trop longtemps.
On le coupe en lanières ou en petits carrés.
On le garde à part pendant la cuisson de la garniture ou de la base sèche.
On l’ajoute seulement en finition, avec la chaleur de la préparation.
On mélange doucement pour le réchauffer sans le dessécher.
On ne sale pas au départ, car le jambon blanc peut apporter du sel selon les marques.","Coupez le jambon blanc en lanières et gardez-le à part.
Coupez les pommes de terre en petits dés réguliers.
Émincez l’échalote finement.
Préparez la crème, l’eau et l’herbe choisie.

MISE EN PLACE DANS LA CUVE

Mettez les pommes de terre, l’échalote, la crème et l’eau dans la cuve. Mélangez. Ne salez pas au départ. Le jambon blanc est gardé à part pour éviter qu’il sèche.

PROGRAMMATION THERMOCHEF

Fermez le couvercle.
Sélectionnez le menu Thermogrill.
Réglez le minuteur sur 14 minutes.
Appuyez sur Cuisiner.
Réglez la puissance sur 3.
Laissez le programme aller jusqu’à la fin.
Ouvrez avec prudence.

FINITION

À la fin, ouvrez avec prudence. Les pommes de terre doivent être tendres. Ajoutez le jambon blanc en lanières et l’herbe choisie. Mélangez doucement avec la chaleur de la garniture. Goûtez avant d’ajouter du sel.

SERVICE

Servez chaud. Le jambon est ajouté en finition pour rester moelleux.

POINT DE CONTRÔLE AVANT SERVICE

La garniture doit être cuite et tendre.
La base sèche, quand il y en a une, doit être tendre sous la dent.
Le jambon blanc doit être chaud ou tiède, mais il ne doit pas être sec.
Le jambon doit rester souple.
Si la préparation paraît trop sèche, ajoutez 1 cuillère à soupe d’eau chaude, environ 15 millilitres, soit 15 grammes, puis mélangez seulement la garniture.
Goûtez toujours avant d’ajouter du sel.

RÉSUMÉ SIMPLE

On coupe le jambon blanc en lanières ou en petits carrés.
On garde le jambon blanc à part.
On prépare la garniture ou la base sèche.
On lance la cuisson ThermoChef.
On ouvre avec prudence.
On ajoute le jambon blanc seulement à la fin.
On mélange doucement.
On goûte avant de saler.
Le plat est prêt à être servi chaud.

CONSEIL JAMBON BLANC

Le jambon blanc doit rester souple. La meilleure méthode consiste à cuire la base d’abord, puis à l’ajouter quand la préparation est chaude. La chaleur de la garniture suffit généralement à le réchauffer sans le rendre sec.

CONSEIL JAMBON BLANC

Le jambon blanc doit rester souple. La meilleure méthode consiste à cuire la base d’abord, puis à l’ajouter quand la préparation est chaude. La chaleur de la garniture suffit généralement à le réchauffer sans le rendre sec."
Jambon blanc poireaux et crème douce façon ThermoChef,https://30minutesparjour.com/recettes-audio/fr/jambon%20blanc%20recette%20excellence/jambon%20blanc%20poireaux%20et%20creme%20douce%20facon%20ThermoChef.mp3,Jambon blanc excellence,"3 tranches de jambon blanc, environ 120 à 150 grammes, coupées en lanières.
2 poireaux moyens, environ 300 grammes préparés, émincés finement.
3 cuillères à soupe de crème liquide ou végétale, environ 45 grammes.
2 cuillères à soupe d’eau, 30 millilitres, environ 30 grammes.
1 petite cuillère à café de moutarde douce, environ 5 grammes, facultatif.
persil ou ciboulette, poivre, sel seulement à la fin si nécessaire.",381,"Aujourd’hui, nous préparons jambon blanc poireaux et crème douce façon ThermoChef.

Cette recette est prévue pour 2 personnes.

RÈGLE IMPORTANTE POUR LE JAMBON BLANC

Le jambon blanc est un produit prêt à consommer.
Il peut sécher si on le cuit trop longtemps.
On le coupe en lanières ou en petits carrés.
On le garde à part pendant la cuisson de la garniture ou de la base sèche.
On l’ajoute seulement en finition, avec la chaleur de la préparation.
On mélange doucement pour le réchauffer sans le dessécher.
On ne sale pas au départ, car le jambon blanc peut apporter du sel selon les marques.","Coupez le jambon blanc en lanières et gardez-le à part.
Émincez les poireaux finement et rincez-les bien.
Préparez la crème, l’eau et la moutarde si vous l’utilisez.
Préparez l’herbe choisie.

MISE EN PLACE DANS LA CUVE

Mettez les poireaux, la crème, l’eau et la moutarde dans la cuve. Mélangez. Ne salez pas au départ. Le jambon sera ajouté après cuisson des poireaux.

PROGRAMMATION THERMOCHEF

Fermez le couvercle.
Sélectionnez le menu Thermogrill.
Réglez le minuteur sur 12 minutes.
Appuyez sur Cuisiner.
Réglez la puissance sur 2.
Laissez le programme aller jusqu’à la fin.
Ouvrez avec prudence.

FINITION

À la fin, ouvrez avec prudence. Les poireaux doivent être fondants. Ajoutez le jambon blanc et l’herbe choisie. Mélangez doucement et laissez la chaleur réchauffer le jambon.

SERVICE

Servez chaud. Les poireaux crémeux protègent le jambon du dessèchement.

POINT DE CONTRÔLE AVANT SERVICE

La garniture doit être cuite et tendre.
La base sèche, quand il y en a une, doit être tendre sous la dent.
Le jambon blanc doit être chaud ou tiède, mais il ne doit pas être sec.
Le jambon doit rester souple.
Si la préparation paraît trop sèche, ajoutez 1 cuillère à soupe d’eau chaude, environ 15 millilitres, soit 15 grammes, puis mélangez seulement la garniture.
Goûtez toujours avant d’ajouter du sel.

RÉSUMÉ SIMPLE

On coupe le jambon blanc en lanières ou en petits carrés.
On garde le jambon blanc à part.
On prépare la garniture ou la base sèche.
On lance la cuisson ThermoChef.
On ouvre avec prudence.
On ajoute le jambon blanc seulement à la fin.
On mélange doucement.
On goûte avant de saler.
Le plat est prêt à être servi chaud.

CONSEIL JAMBON BLANC

Le jambon blanc doit rester souple. La meilleure méthode consiste à cuire la base d’abord, puis à l’ajouter quand la préparation est chaude. La chaleur de la garniture suffit généralement à le réchauffer sans le rendre sec.

CONSEIL JAMBON BLANC

Le jambon blanc doit rester souple. La meilleure méthode consiste à cuire la base d’abord, puis à l’ajouter quand la préparation est chaude. La chaleur de la garniture suffit généralement à le réchauffer sans le rendre sec."
Coquillettes jambon blanc et crème douce façon ThermoChef,https://30minutesparjour.com/recettes-audio/fr/jambon%20blanc%20recette%20excellence/coquillettes%20jambon%20blanc%20et%20creme%20douce%20facon%20ThermoChef.mp3,Jambon blanc excellence,"3 tranches de jambon blanc, environ 120 à 150 grammes, coupées en petits carrés.
2 mugs de coquillettes, environ 180 à 200 grammes.
2 mesurettes ThermoChef d’eau, 320 millilitres, environ 320 grammes.
2 cuillères à soupe de crème liquide ou végétale, environ 30 grammes.
1 petite poignée de petits pois, environ 80 grammes, facultatif.
persil ou ciboulette, poivre, sel seulement à la fin si nécessaire.",382,"Aujourd’hui, nous préparons coquillettes jambon blanc et crème douce façon ThermoChef.

Cette recette est prévue pour 2 personnes.

RÈGLE IMPORTANTE POUR LE JAMBON BLANC

Le jambon blanc est un produit prêt à consommer.
Il peut sécher si on le cuit trop longtemps.
On le coupe en lanières ou en petits carrés.
On le garde à part pendant la cuisson de la garniture ou de la base sèche.
On l’ajoute seulement en finition, avec la chaleur de la préparation.
On mélange doucement pour le réchauffer sans le dessécher.
On ne sale pas au départ, car le jambon blanc peut apporter du sel selon les marques.

RÈGLE DE CUISSON DE LA BASE

Coquillettes : 2 mugs, environ 180 à 200 grammes, avec 2 mesurettes ThermoChef d’eau, 320 millilitres, environ 320 grammes. Choisir le mode Pâtes selon le temps indiqué sur le paquet.","Coupez le jambon blanc en petits carrés et gardez-le à part.
Mesurez les coquillettes et l’eau.
Préparez la crème et les petits pois si vous les utilisez.
Préparez l’herbe choisie.

MISE EN PLACE DANS LA CUVE

Mettez les coquillettes et l’eau dans la cuve. Ajoutez les petits pois si vous les utilisez. Mélangez. Le jambon blanc est gardé à part pour être ajouté après cuisson des pâtes.
Vérifiez que rien ne dépasse trop haut dans la cuve.
Vérifiez aussi qu’aucun morceau d’aliment ne risque de bloquer le petit piston de sécurité sous le couvercle.

PROGRAMMATION THERMOCHEF

Fermez le couvercle.
Sélectionnez le menu Pâtes.
Choisissez mode adapté au temps indiqué sur le paquet.
Appuyez sur Cuisiner.
Laissez le programme aller jusqu’à la fin.
Attendez que la sécurité autorise l’ouverture.
N’essayez jamais de forcer le couvercle.
Ouvrez avec prudence.

FINITION

À la fin du menu Pâtes, attendez que la sécurité autorise l’ouverture. Ouvrez avec prudence. Ajoutez la crème, le jambon blanc et l’herbe choisie. Mélangez doucement. Goûtez avant d’ajouter du sel.

SERVICE

Servez chaud. Les coquillettes doivent rester moelleuses et le jambon ne doit pas sécher.

POINT DE CONTRÔLE AVANT SERVICE

La garniture doit être cuite et tendre.
La base sèche, quand il y en a une, doit être tendre sous la dent.
Le jambon blanc doit être chaud ou tiède, mais il ne doit pas être sec.
Le jambon doit rester souple.
Si la préparation paraît trop sèche, ajoutez 1 cuillère à soupe d’eau chaude, environ 15 millilitres, soit 15 grammes, puis mélangez seulement la garniture.
Goûtez toujours avant d’ajouter du sel.

RÉSUMÉ SIMPLE

On coupe le jambon blanc en lanières ou en petits carrés.
On garde le jambon blanc à part.
On prépare la garniture ou la base sèche.
On lance la cuisson ThermoChef.
On ouvre avec prudence.
On ajoute le jambon blanc seulement à la fin.
On mélange doucement.
On goûte avant de saler.
Le plat est prêt à être servi chaud."
Riz petits pois jambon blanc façon ThermoChef,https://30minutesparjour.com/recettes-audio/fr/jambon%20blanc%20recette%20excellence/riz%20petits%20pois%20jambon%20blanc%20facon%20ThermoChef.mp3,Jambon blanc excellence,"3 tranches de jambon blanc, environ 120 à 150 grammes, coupées en lanières.
1 mesurette ThermoChef de riz, environ 150 grammes.
1 mesurette et demie ThermoChef d’eau, 240 millilitres, environ 240 grammes.
120 grammes de petits pois.
1 carotte, environ 100 grammes, râpée.
1 cuillère à soupe de crème liquide ou végétale, environ 15 grammes, facultatif.
persil, poivre, sel seulement à la fin si nécessaire.",383,"Aujourd’hui, nous préparons riz petits pois jambon blanc façon ThermoChef.

Cette recette est prévue pour 2 personnes.

RÈGLE IMPORTANTE POUR LE JAMBON BLANC

Le jambon blanc est un produit prêt à consommer.
Il peut sécher si on le cuit trop longtemps.
On le coupe en lanières ou en petits carrés.
On le garde à part pendant la cuisson de la garniture ou de la base sèche.
On l’ajoute seulement en finition, avec la chaleur de la préparation.
On mélange doucement pour le réchauffer sans le dessécher.
On ne sale pas au départ, car le jambon blanc peut apporter du sel selon les marques.

RÈGLE DE CUISSON DE LA BASE

Riz : 1 mesurette ThermoChef de riz, environ 150 grammes, avec 1 mesurette et demie d’eau, 240 millilitres, environ 240 grammes. Menu Riz mode 3, environ 13 à 14 minutes.","Coupez le jambon blanc en lanières et gardez-le à part.
Mesurez le riz et l’eau.
Préparez les petits pois.
Râpez la carotte.

MISE EN PLACE DANS LA CUVE

Mettez le riz et l’eau dans la cuve. Ajoutez les petits pois et la carotte. Mélangez. Gardez le jambon blanc pour la finition. Vérifiez le petit piston de sécurité sous le couvercle.
Vérifiez que rien ne dépasse trop haut dans la cuve.
Vérifiez aussi qu’aucun morceau d’aliment ne risque de bloquer le petit piston de sécurité sous le couvercle.

PROGRAMMATION THERMOCHEF

Fermez le couvercle.
Sélectionnez le menu Riz.
Choisissez mode 3, environ 13 à 14 minutes.
Appuyez sur Cuisiner.
Laissez le programme aller jusqu’à la fin.
Attendez que la sécurité autorise l’ouverture.
N’essayez jamais de forcer le couvercle.
Ouvrez avec prudence.

FINITION

À la fin du menu Riz, attendez que la sécurité autorise l’ouverture. Ouvrez avec prudence. Aérez le riz. Ajoutez la crème si vous l’utilisez, le jambon blanc et le persil. Mélangez doucement.

SERVICE

Servez chaud. Le riz réchauffe le jambon sans le cuire longtemps.

POINT DE CONTRÔLE AVANT SERVICE

La garniture doit être cuite et tendre.
La base sèche, quand il y en a une, doit être tendre sous la dent.
Le jambon blanc doit être chaud ou tiède, mais il ne doit pas être sec.
Le jambon doit rester souple.
Si la préparation paraît trop sèche, ajoutez 1 cuillère à soupe d’eau chaude, environ 15 millilitres, soit 15 grammes, puis mélangez seulement la garniture.
Goûtez toujours avant d’ajouter du sel.

RÉSUMÉ SIMPLE

On coupe le jambon blanc en lanières ou en petits carrés.
On garde le jambon blanc à part.
On prépare la garniture ou la base sèche.
On lance la cuisson ThermoChef.
On ouvre avec prudence.
On ajoute le jambon blanc seulement à la fin.
On mélange doucement.
On goûte avant de saler.
Le plat est prêt à être servi chaud."
Courgettes jambon blanc et œufs façon ThermoChef,https://30minutesparjour.com/recettes-audio/fr/jambon%20blanc%20recette%20excellence/courgettes%20jambon%20blanc%20et%20%C5%93ufs%20facon%20ThermoChef.mp3,Jambon blanc excellence,"3 tranches de jambon blanc, environ 120 à 150 grammes, coupées en lanières.
2 courgettes moyennes, environ 360 grammes, coupées en petits dés.
2 œufs.
2 cuillères à soupe de crème liquide ou végétale, environ 30 grammes.
2 cuillères à soupe d’eau, 30 millilitres, environ 30 grammes.
persil ou basilic, poivre, sel seulement à la fin si nécessaire.",384,"Aujourd’hui, nous préparons courgettes jambon blanc et œufs façon ThermoChef.

Cette recette est prévue pour 2 personnes.

RÈGLE IMPORTANTE POUR LE JAMBON BLANC

Le jambon blanc est un produit prêt à consommer.
Il peut sécher si on le cuit trop longtemps.
On le coupe en lanières ou en petits carrés.
On le garde à part pendant la cuisson de la garniture ou de la base sèche.
On l’ajoute seulement en finition, avec la chaleur de la préparation.
On mélange doucement pour le réchauffer sans le dessécher.
On ne sale pas au départ, car le jambon blanc peut apporter du sel selon les marques.","Coupez le jambon blanc en lanières et gardez-le à part.
Coupez les courgettes en petits dés.
Battez les œufs avec la crème et l’eau.
Préparez l’herbe choisie.

MISE EN PLACE DANS LA CUVE

Mettez les courgettes dans la cuve. Versez les œufs battus avec la crème et l’eau. Mélangez doucement. Ne salez pas au départ. Le jambon sera ajouté en finition.

PROGRAMMATION THERMOCHEF

Fermez le couvercle.
Sélectionnez le menu Thermogrill.
Réglez le minuteur sur 11 minutes.
Appuyez sur Cuisiner.
Réglez la puissance sur 2.
Laissez le programme aller jusqu’à la fin.
Ouvrez avec prudence.

FINITION

À la fin, ouvrez avec prudence. Les œufs doivent être pris et les courgettes tendres. Ajoutez le jambon blanc et l’herbe choisie. Mélangez délicatement pour réchauffer le jambon.

SERVICE

Servez chaud. Le jambon garde une texture souple car il n’est pas cuit longtemps avec les œufs.

POINT DE CONTRÔLE AVANT SERVICE

La garniture doit être cuite et tendre.
La base sèche, quand il y en a une, doit être tendre sous la dent.
Le jambon blanc doit être chaud ou tiède, mais il ne doit pas être sec.
Le jambon doit rester souple.
Si la préparation paraît trop sèche, ajoutez 1 cuillère à soupe d’eau chaude, environ 15 millilitres, soit 15 grammes, puis mélangez seulement la garniture.
Goûtez toujours avant d’ajouter du sel.

RÉSUMÉ SIMPLE

On coupe le jambon blanc en lanières ou en petits carrés.
On garde le jambon blanc à part.
On prépare la garniture ou la base sèche.
On lance la cuisson ThermoChef.
On ouvre avec prudence.
On ajoute le jambon blanc seulement à la fin.
On mélange doucement.
On goûte avant de saler.
Le plat est prêt à être servi chaud.

CONSEIL JAMBON BLANC

Le jambon blanc doit rester souple. La meilleure méthode consiste à cuire la base d’abord, puis à l’ajouter quand la préparation est chaude. La chaleur de la garniture suffit généralement à le réchauffer sans le rendre sec.

CONSEIL JAMBON BLANC

Le jambon blanc doit rester souple. La meilleure méthode consiste à cuire la base d’abord, puis à l’ajouter quand la préparation est chaude. La chaleur de la garniture suffit généralement à le réchauffer sans le rendre sec."
Chou-fleur jambon blanc et crème douce façon ThermoChef,https://30minutesparjour.com/recettes-audio/fr/jambon%20blanc%20recette%20excellence/chou-fleur%20jambon%20blanc%20et%20creme%20douce%20facon%20ThermoChef.mp3,Jambon blanc excellence,"3 tranches de jambon blanc, environ 120 à 150 grammes, coupées en lanières.
280 grammes de chou-fleur râpé comme une semoule grossière.
1 carotte, environ 100 grammes, râpée.
3 cuillères à soupe de crème liquide ou végétale, environ 45 grammes.
2 cuillères à soupe d’eau, 30 millilitres, environ 30 grammes.
persil, poivre, sel seulement à la fin si nécessaire.",385,"Aujourd’hui, nous préparons chou-fleur jambon blanc et crème douce façon ThermoChef.

Cette recette est prévue pour 2 personnes.

RÈGLE IMPORTANTE POUR LE JAMBON BLANC

Le jambon blanc est un produit prêt à consommer.
Il peut sécher si on le cuit trop longtemps.
On le coupe en lanières ou en petits carrés.
On le garde à part pendant la cuisson de la garniture ou de la base sèche.
On l’ajoute seulement en finition, avec la chaleur de la préparation.
On mélange doucement pour le réchauffer sans le dessécher.
On ne sale pas au départ, car le jambon blanc peut apporter du sel selon les marques.","Coupez le jambon blanc en lanières et gardez-le à part.
Râpez le chou-fleur.
Râpez la carotte.
Préparez la crème et l’eau.

MISE EN PLACE DANS LA CUVE

Mettez le chou-fleur, la carotte, la crème et l’eau dans la cuve. Mélangez. Ne salez pas au départ. Gardez le jambon pour la finition.

PROGRAMMATION THERMOCHEF

Fermez le couvercle.
Sélectionnez le menu Thermogrill.
Réglez le minuteur sur 12 minutes.
Appuyez sur Cuisiner.
Réglez la puissance sur 3.
Laissez le programme aller jusqu’à la fin.
Ouvrez avec prudence.

FINITION

À la fin, ouvrez avec prudence. Le chou-fleur doit être tendre. Ajoutez le jambon blanc et le persil. Mélangez doucement avec la chaleur de la garniture.

SERVICE

Servez chaud. Le chou-fleur donne une base légère et le jambon reste moelleux.

POINT DE CONTRÔLE AVANT SERVICE

La garniture doit être cuite et tendre.
La base sèche, quand il y en a une, doit être tendre sous la dent.
Le jambon blanc doit être chaud ou tiède, mais il ne doit pas être sec.
Le jambon doit rester souple.
Si la préparation paraît trop sèche, ajoutez 1 cuillère à soupe d’eau chaude, environ 15 millilitres, soit 15 grammes, puis mélangez seulement la garniture.
Goûtez toujours avant d’ajouter du sel.

RÉSUMÉ SIMPLE

On coupe le jambon blanc en lanières ou en petits carrés.
On garde le jambon blanc à part.
On prépare la garniture ou la base sèche.
On lance la cuisson ThermoChef.
On ouvre avec prudence.
On ajoute le jambon blanc seulement à la fin.
On mélange doucement.
On goûte avant de saler.
Le plat est prêt à être servi chaud.

CONSEIL JAMBON BLANC

Le jambon blanc doit rester souple. La meilleure méthode consiste à cuire la base d’abord, puis à l’ajouter quand la préparation est chaude. La chaleur de la garniture suffit généralement à le réchauffer sans le rendre sec.

CONSEIL JAMBON BLANC

Le jambon blanc doit rester souple. La meilleure méthode consiste à cuire la base d’abord, puis à l’ajouter quand la préparation est chaude. La chaleur de la garniture suffit généralement à le réchauffer sans le rendre sec."
Endives jambon blanc et crème moutardée façon ThermoChef,https://30minutesparjour.com/recettes-audio/fr/jambon%20blanc%20recette%20excellence/endives%20jambon%20blanc%20et%20creme%20moutardee%20facon%20ThermoChef.mp3,Jambon blanc excellence,"3 tranches de jambon blanc, environ 120 à 150 grammes, coupées en lanières.
3 endives émincées finement.
1 pomme, environ 140 grammes, coupée en petits dés.
3 cuillères à soupe de crème liquide ou végétale, environ 45 grammes.
1 petite cuillère à café de moutarde douce, environ 5 grammes.
2 cuillères à soupe d’eau, 30 millilitres, environ 30 grammes.
persil, poivre, sel seulement à la fin si nécessaire.",386,"Aujourd’hui, nous préparons endives jambon blanc et crème moutardée façon ThermoChef.

Cette recette est prévue pour 2 personnes.

RÈGLE IMPORTANTE POUR LE JAMBON BLANC

Le jambon blanc est un produit prêt à consommer.
Il peut sécher si on le cuit trop longtemps.
On le coupe en lanières ou en petits carrés.
On le garde à part pendant la cuisson de la garniture ou de la base sèche.
On l’ajoute seulement en finition, avec la chaleur de la préparation.
On mélange doucement pour le réchauffer sans le dessécher.
On ne sale pas au départ, car le jambon blanc peut apporter du sel selon les marques.","Coupez le jambon blanc en lanières et gardez-le à part.
Émincez les endives finement.
Coupez la pomme en petits dés.
Préparez la crème, la moutarde et l’eau.

MISE EN PLACE DANS LA CUVE

Mettez les endives, la pomme, la crème, la moutarde et l’eau dans la cuve. Mélangez. Ne salez pas au départ. Le jambon est ajouté à la fin pour éviter qu’il sèche.

PROGRAMMATION THERMOCHEF

Fermez le couvercle.
Sélectionnez le menu Thermogrill.
Réglez le minuteur sur 12 minutes.
Appuyez sur Cuisiner.
Réglez la puissance sur 2.
Laissez le programme aller jusqu’à la fin.
Ouvrez avec prudence.

FINITION

À la fin, ouvrez avec prudence. Les endives doivent être tendres. Ajoutez le jambon blanc et le persil. Mélangez doucement. Goûtez avant de saler.

SERVICE

Servez chaud. La pomme adoucit les endives et la moutarde donne du relief.

POINT DE CONTRÔLE AVANT SERVICE

La garniture doit être cuite et tendre.
La base sèche, quand il y en a une, doit être tendre sous la dent.
Le jambon blanc doit être chaud ou tiède, mais il ne doit pas être sec.
Le jambon doit rester souple.
Si la préparation paraît trop sèche, ajoutez 1 cuillère à soupe d’eau chaude, environ 15 millilitres, soit 15 grammes, puis mélangez seulement la garniture.
Goûtez toujours avant d’ajouter du sel.

RÉSUMÉ SIMPLE

On coupe le jambon blanc en lanières ou en petits carrés.
On garde le jambon blanc à part.
On prépare la garniture ou la base sèche.
On lance la cuisson ThermoChef.
On ouvre avec prudence.
On ajoute le jambon blanc seulement à la fin.
On mélange doucement.
On goûte avant de saler.
Le plat est prêt à être servi chaud.

CONSEIL JAMBON BLANC

Le jambon blanc doit rester souple. La meilleure méthode consiste à cuire la base d’abord, puis à l’ajouter quand la préparation est chaude. La chaleur de la garniture suffit généralement à le réchauffer sans le rendre sec.

CONSEIL JAMBON BLANC

Le jambon blanc doit rester souple. La meilleure méthode consiste à cuire la base d’abord, puis à l’ajouter quand la préparation est chaude. La chaleur de la garniture suffit généralement à le réchauffer sans le rendre sec."
Champignons jambon blanc et crème persillée façon ThermoChef,https://30minutesparjour.com/recettes-audio/fr/jambon%20blanc%20recette%20excellence/champignons%20jambon%20blanc%20et%20creme%20persillee%20facon%20ThermoChef.mp3,Jambon blanc excellence,"3 tranches de jambon blanc, environ 120 à 150 grammes, coupées en lanières.
280 grammes de champignons émincés.
1 échalote émincée finement.
3 cuillères à soupe de crème liquide ou végétale, environ 45 grammes.
2 cuillères à soupe d’eau, 30 millilitres, environ 30 grammes.
persil, poivre, sel seulement à la fin si nécessaire.",387,"Aujourd’hui, nous préparons champignons jambon blanc et crème persillée façon ThermoChef.

Cette recette est prévue pour 2 personnes.

RÈGLE IMPORTANTE POUR LE JAMBON BLANC

Le jambon blanc est un produit prêt à consommer.
Il peut sécher si on le cuit trop longtemps.
On le coupe en lanières ou en petits carrés.
On le garde à part pendant la cuisson de la garniture ou de la base sèche.
On l’ajoute seulement en finition, avec la chaleur de la préparation.
On mélange doucement pour le réchauffer sans le dessécher.
On ne sale pas au départ, car le jambon blanc peut apporter du sel selon les marques.","Coupez le jambon blanc en lanières et gardez-le à part.
Émincez les champignons.
Émincez l’échalote.
Préparez la crème, l’eau et le persil.

MISE EN PLACE DANS LA CUVE

Mettez les champignons, l’échalote, la crème et l’eau dans la cuve. Mélangez. Ne salez pas au départ. Gardez le jambon pour la finition.

PROGRAMMATION THERMOCHEF

Fermez le couvercle.
Sélectionnez le menu Thermogrill.
Réglez le minuteur sur 10 minutes.
Appuyez sur Cuisiner.
Réglez la puissance sur 2.
Laissez le programme aller jusqu’à la fin.
Ouvrez avec prudence.

FINITION

À la fin, ouvrez avec prudence. Les champignons doivent être tendres et la sauce courte. Ajoutez le jambon blanc et le persil. Mélangez doucement.

SERVICE

Servez chaud. Les champignons donnent du goût et le jambon reste souple.

POINT DE CONTRÔLE AVANT SERVICE

La garniture doit être cuite et tendre.
La base sèche, quand il y en a une, doit être tendre sous la dent.
Le jambon blanc doit être chaud ou tiède, mais il ne doit pas être sec.
Le jambon doit rester souple.
Si la préparation paraît trop sèche, ajoutez 1 cuillère à soupe d’eau chaude, environ 15 millilitres, soit 15 grammes, puis mélangez seulement la garniture.
Goûtez toujours avant d’ajouter du sel.

RÉSUMÉ SIMPLE

On coupe le jambon blanc en lanières ou en petits carrés.
On garde le jambon blanc à part.
On prépare la garniture ou la base sèche.
On lance la cuisson ThermoChef.
On ouvre avec prudence.
On ajoute le jambon blanc seulement à la fin.
On mélange doucement.
On goûte avant de saler.
Le plat est prêt à être servi chaud.

CONSEIL JAMBON BLANC

Le jambon blanc doit rester souple. La meilleure méthode consiste à cuire la base d’abord, puis à l’ajouter quand la préparation est chaude. La chaleur de la garniture suffit généralement à le réchauffer sans le rendre sec.

CONSEIL JAMBON BLANC

Le jambon blanc doit rester souple. La meilleure méthode consiste à cuire la base d’abord, puis à l’ajouter quand la préparation est chaude. La chaleur de la garniture suffit généralement à le réchauffer sans le rendre sec."
Épinards jambon blanc et œufs façon ThermoChef,https://30minutesparjour.com/recettes-audio/fr/jambon%20blanc%20recette%20excellence/epinards%20jambon%20blanc%20et%20%C5%93ufs%20facon%20ThermoChef.mp3,Jambon blanc excellence,"3 tranches de jambon blanc, environ 120 à 150 grammes, coupées en lanières.
260 grammes d’épinards frais ou surgelés bien égouttés.
2 œufs.
2 cuillères à soupe de crème liquide ou végétale, environ 30 grammes.
2 cuillères à soupe d’eau, 30 millilitres, environ 30 grammes.
persil ou ciboulette, poivre, sel seulement à la fin si nécessaire.",388,"Aujourd’hui, nous préparons épinards jambon blanc et œufs façon ThermoChef.

Cette recette est prévue pour 2 personnes.

RÈGLE IMPORTANTE POUR LE JAMBON BLANC

Le jambon blanc est un produit prêt à consommer.
Il peut sécher si on le cuit trop longtemps.
On le coupe en lanières ou en petits carrés.
On le garde à part pendant la cuisson de la garniture ou de la base sèche.
On l’ajoute seulement en finition, avec la chaleur de la préparation.
On mélange doucement pour le réchauffer sans le dessécher.
On ne sale pas au départ, car le jambon blanc peut apporter du sel selon les marques.","Coupez le jambon blanc en lanières et gardez-le à part.
Préparez les épinards.
Battez les œufs avec la crème et l’eau.
Préparez l’herbe choisie.

MISE EN PLACE DANS LA CUVE

Mettez les épinards dans la cuve. Versez les œufs battus avec la crème et l’eau. Mélangez doucement. Ne salez pas au départ. Gardez le jambon pour la finition.

PROGRAMMATION THERMOCHEF

Fermez le couvercle.
Sélectionnez le menu Thermogrill.
Réglez le minuteur sur 10 minutes.
Appuyez sur Cuisiner.
Réglez la puissance sur 2.
Laissez le programme aller jusqu’à la fin.
Ouvrez avec prudence.

FINITION

À la fin, ouvrez avec prudence. Les œufs doivent être pris. Ajoutez le jambon blanc et l’herbe choisie. Mélangez doucement avec la chaleur des épinards.

SERVICE

Servez chaud. Les épinards et les œufs forment une base moelleuse pour le jambon.

POINT DE CONTRÔLE AVANT SERVICE

La garniture doit être cuite et tendre.
La base sèche, quand il y en a une, doit être tendre sous la dent.
Le jambon blanc doit être chaud ou tiède, mais il ne doit pas être sec.
Le jambon doit rester souple.
Si la préparation paraît trop sèche, ajoutez 1 cuillère à soupe d’eau chaude, environ 15 millilitres, soit 15 grammes, puis mélangez seulement la garniture.
Goûtez toujours avant d’ajouter du sel.

RÉSUMÉ SIMPLE

On coupe le jambon blanc en lanières ou en petits carrés.
On garde le jambon blanc à part.
On prépare la garniture ou la base sèche.
On lance la cuisson ThermoChef.
On ouvre avec prudence.
On ajoute le jambon blanc seulement à la fin.
On mélange doucement.
On goûte avant de saler.
Le plat est prêt à être servi chaud.

CONSEIL JAMBON BLANC

Le jambon blanc doit rester souple. La meilleure méthode consiste à cuire la base d’abord, puis à l’ajouter quand la préparation est chaude. La chaleur de la garniture suffit généralement à le réchauffer sans le rendre sec.

CONSEIL JAMBON BLANC

Le jambon blanc doit rester souple. La meilleure méthode consiste à cuire la base d’abord, puis à l’ajouter quand la préparation est chaude. La chaleur de la garniture suffit généralement à le réchauffer sans le rendre sec."
Brocoli jambon blanc et crème douce façon ThermoChef,https://30minutesparjour.com/recettes-audio/fr/jambon%20blanc%20recette%20excellence/brocoli%20jambon%20blanc%20et%20creme%20douce%20facon%20ThermoChef.mp3,Jambon blanc excellence,"3 tranches de jambon blanc, environ 120 à 150 grammes, coupées en lanières.
240 grammes de brocoli en très petits bouquets.
1 courgette, environ 180 grammes, coupée en petits dés.
3 cuillères à soupe de crème liquide ou végétale, environ 45 grammes.
3 cuillères à soupe d’eau, 45 millilitres, environ 45 grammes.
persil ou ciboulette, poivre, sel seulement à la fin si nécessaire.",389,"Aujourd’hui, nous préparons brocoli jambon blanc et crème douce façon ThermoChef.

Cette recette est prévue pour 2 personnes.

RÈGLE IMPORTANTE POUR LE JAMBON BLANC

Le jambon blanc est un produit prêt à consommer.
Il peut sécher si on le cuit trop longtemps.
On le coupe en lanières ou en petits carrés.
On le garde à part pendant la cuisson de la garniture ou de la base sèche.
On l’ajoute seulement en finition, avec la chaleur de la préparation.
On mélange doucement pour le réchauffer sans le dessécher.
On ne sale pas au départ, car le jambon blanc peut apporter du sel selon les marques.","Coupez le jambon blanc en lanières et gardez-le à part.
Coupez le brocoli en très petits bouquets.
Coupez la courgette en petits dés.
Préparez la crème et l’eau.

MISE EN PLACE DANS LA CUVE

Mettez le brocoli, la courgette, la crème et l’eau dans la cuve. Mélangez. Ne salez pas au départ. Le jambon blanc sera ajouté en fin de recette.

PROGRAMMATION THERMOCHEF

Fermez le couvercle.
Sélectionnez le menu Thermogrill.
Réglez le minuteur sur 12 minutes.
Appuyez sur Cuisiner.
Réglez la puissance sur 3.
Laissez le programme aller jusqu’à la fin.
Ouvrez avec prudence.

FINITION

À la fin, ouvrez avec prudence. Le brocoli doit être tendre. Ajoutez le jambon blanc et l’herbe choisie. Mélangez doucement.

SERVICE

Servez chaud. La crème douce et la courgette gardent une garniture moelleuse.

POINT DE CONTRÔLE AVANT SERVICE

La garniture doit être cuite et tendre.
La base sèche, quand il y en a une, doit être tendre sous la dent.
Le jambon blanc doit être chaud ou tiède, mais il ne doit pas être sec.
Le jambon doit rester souple.
Si la préparation paraît trop sèche, ajoutez 1 cuillère à soupe d’eau chaude, environ 15 millilitres, soit 15 grammes, puis mélangez seulement la garniture.
Goûtez toujours avant d’ajouter du sel.

RÉSUMÉ SIMPLE

On coupe le jambon blanc en lanières ou en petits carrés.
On garde le jambon blanc à part.
On prépare la garniture ou la base sèche.
On lance la cuisson ThermoChef.
On ouvre avec prudence.
On ajoute le jambon blanc seulement à la fin.
On mélange doucement.
On goûte avant de saler.
Le plat est prêt à être servi chaud.

CONSEIL JAMBON BLANC

Le jambon blanc doit rester souple. La meilleure méthode consiste à cuire la base d’abord, puis à l’ajouter quand la préparation est chaude. La chaleur de la garniture suffit généralement à le réchauffer sans le rendre sec.

CONSEIL JAMBON BLANC

Le jambon blanc doit rester souple. La meilleure méthode consiste à cuire la base d’abord, puis à l’ajouter quand la préparation est chaude. La chaleur de la garniture suffit généralement à le réchauffer sans le rendre sec."
Jambon blanc quinoa chou kale fèves et crème citronnée façon ThermoChef,https://30minutesparjour.com/recettes-audio/fr/jambon%20blanc%20recette%20excellence/jambon%20blanc%20quinoa%20chou%20kale%20feves%20et%20creme%20citronnee%20facon%20ThermoChef.mp3,Jambon blanc excellence,"3 tranches de jambon blanc, environ 120 à 150 grammes, coupées en lanières.
1 mesurette ThermoChef de quinoa, environ 110 grammes.
1 mesurette et demie ThermoChef d’eau, 240 millilitres, environ 240 grammes.
120 grammes de chou kale émincé très finement.
140 grammes de fèves pelées.
2 cuillères à soupe de crème liquide ou végétale, environ 30 grammes.
quelques gouttes de citron à la fin.
persil ou aneth, sel seulement à la fin si nécessaire.",390,"Aujourd’hui, nous préparons jambon blanc quinoa chou kale fèves et crème citronnée façon ThermoChef.

Cette recette est prévue pour 2 personnes.

RÈGLE IMPORTANTE POUR LE JAMBON BLANC

Le jambon blanc est un produit prêt à consommer.
Il peut sécher si on le cuit trop longtemps.
On le coupe en lanières ou en petits carrés.
On le garde à part pendant la cuisson de la garniture ou de la base sèche.
On l’ajoute seulement en finition, avec la chaleur de la préparation.
On mélange doucement pour le réchauffer sans le dessécher.
On ne sale pas au départ, car le jambon blanc peut apporter du sel selon les marques.

RÈGLE DE CUISSON DE LA BASE

Quinoa : 1 mesurette ThermoChef, environ 110 grammes, avec 1 mesurette et demie d’eau, 240 millilitres, environ 240 grammes. Menu Riz mode 2, environ 11 à 12 minutes.","Coupez le jambon blanc en lanières et gardez-le à part.
Rincez le quinoa dans une passoire fine.
Mesurez le quinoa et l’eau.
Émincez le chou kale et préparez les fèves.

MISE EN PLACE DANS LA CUVE

Mettez le quinoa et l’eau dans la cuve. Ajoutez le chou kale et les fèves. Mélangez. Gardez le jambon blanc, la crème et le citron pour la finition. Vérifiez le petit piston de sécurité.
Vérifiez que rien ne dépasse trop haut dans la cuve.
Vérifiez aussi qu’aucun morceau d’aliment ne risque de bloquer le petit piston de sécurité sous le couvercle.

PROGRAMMATION THERMOCHEF

Fermez le couvercle.
Sélectionnez le menu Riz.
Choisissez mode 2, environ 11 à 12 minutes.
Appuyez sur Cuisiner.
Laissez le programme aller jusqu’à la fin.
Attendez que la sécurité autorise l’ouverture.
N’essayez jamais de forcer le couvercle.
Ouvrez avec prudence.

FINITION

À la fin du menu Riz, attendez que la sécurité autorise l’ouverture. Ouvrez avec prudence. Aérez le quinoa. Ajoutez la crème, le citron, le jambon blanc et l’herbe choisie. Mélangez doucement.

SERVICE

Servez chaud. Le quinoa cuit dans le ThermoChef et le jambon reste tendre.

POINT DE CONTRÔLE AVANT SERVICE

La garniture doit être cuite et tendre.
La base sèche, quand il y en a une, doit être tendre sous la dent.
Le jambon blanc doit être chaud ou tiède, mais il ne doit pas être sec.
Le jambon doit rester souple.
Si la préparation paraît trop sèche, ajoutez 1 cuillère à soupe d’eau chaude, environ 15 millilitres, soit 15 grammes, puis mélangez seulement la garniture.
Goûtez toujours avant d’ajouter du sel.

RÉSUMÉ SIMPLE

On coupe le jambon blanc en lanières ou en petits carrés.
On garde le jambon blanc à part.
On prépare la garniture ou la base sèche.
On lance la cuisson ThermoChef.
On ouvre avec prudence.
On ajoute le jambon blanc seulement à la fin.
On mélange doucement.
On goûte avant de saler.
Le plat est prêt à être servi chaud."
Jambon blanc polenta crémeuse maïs haricots verts et estragon façon ThermoChef,https://30minutesparjour.com/recettes-audio/fr/jambon%20blanc%20recette%20excellence/jambon%20blanc%20polenta%20cremeuse%20mais%20haricots%20verts%20et%20estragon%20facon%20ThermoChef.mp3,Jambon blanc excellence,"3 tranches de jambon blanc, environ 120 à 150 grammes, coupées en lanières.
90 grammes de polenta instantanée.
420 millilitres d’eau, environ 420 grammes.
100 grammes de maïs égoutté.
160 grammes de haricots verts fins coupés en deux.
1 cuillère à soupe de crème liquide ou végétale, environ 15 grammes.
estragon ou persil, poivre, sel seulement à la fin si nécessaire.",391,"Aujourd’hui, nous préparons jambon blanc polenta crémeuse maïs haricots verts et estragon façon ThermoChef.

Cette recette est prévue pour 2 personnes.

RÈGLE IMPORTANTE POUR LE JAMBON BLANC

Le jambon blanc est un produit prêt à consommer.
Il peut sécher si on le cuit trop longtemps.
On le coupe en lanières ou en petits carrés.
On le garde à part pendant la cuisson de la garniture ou de la base sèche.
On l’ajoute seulement en finition, avec la chaleur de la préparation.
On mélange doucement pour le réchauffer sans le dessécher.
On ne sale pas au départ, car le jambon blanc peut apporter du sel selon les marques.

RÈGLE DE CUISSON DE LA BASE

Polenta instantanée : 90 grammes avec 420 millilitres d’eau, environ 420 grammes. Mélanger soigneusement avant cuisson pour éviter les paquets secs.","Coupez le jambon blanc en lanières et gardez-le à part.
Pesez la polenta et mesurez l’eau.
Égouttez le maïs.
Coupez les haricots verts en deux.

MISE EN PLACE DANS LA CUVE

Mettez l’eau, la polenta, le maïs, les haricots verts et la crème dans la cuve. Mélangez très soigneusement pour éviter les paquets secs. Gardez le jambon blanc pour la finition.

PROGRAMMATION THERMOCHEF

Fermez le couvercle.
Sélectionnez le menu Thermogrill.
Réglez le minuteur sur 12 minutes.
Appuyez sur Cuisiner.
Réglez la puissance sur 2.
Laissez le programme aller jusqu’à la fin.
Ouvrez avec prudence.

FINITION

À la fin, ouvrez avec prudence. Mélangez la polenta avec une spatule souple. Ajoutez le jambon blanc et l’estragon ou le persil. Mélangez doucement.

SERVICE

Servez chaud. La polenta crémeuse réchauffe le jambon sans le dessécher.

POINT DE CONTRÔLE AVANT SERVICE

La garniture doit être cuite et tendre.
La base sèche, quand il y en a une, doit être tendre sous la dent.
Le jambon blanc doit être chaud ou tiède, mais il ne doit pas être sec.
Le jambon doit rester souple.
Si la préparation paraît trop sèche, ajoutez 1 cuillère à soupe d’eau chaude, environ 15 millilitres, soit 15 grammes, puis mélangez seulement la garniture.
Goûtez toujours avant d’ajouter du sel.

RÉSUMÉ SIMPLE

On coupe le jambon blanc en lanières ou en petits carrés.
On garde le jambon blanc à part.
On prépare la garniture ou la base sèche.
On lance la cuisson ThermoChef.
On ouvre avec prudence.
On ajoute le jambon blanc seulement à la fin.
On mélange doucement.
On goûte avant de saler.
Le plat est prêt à être servi chaud.

CONSEIL JAMBON BLANC

Le jambon blanc doit rester souple. La meilleure méthode consiste à cuire la base d’abord, puis à l’ajouter quand la préparation est chaude. La chaleur de la garniture suffit généralement à le réchauffer sans le rendre sec."
Jambon blanc sarrasin cru topinambours et chou-rave façon ThermoChef,https://30minutesparjour.com/recettes-audio/fr/jambon%20blanc%20recette%20excellence/jambon%20blanc%20sarrasin%20cru%20topinambours%20et%20chou-rave%20facon%20ThermoChef.mp3,Jambon blanc excellence,"3 tranches de jambon blanc, environ 120 à 150 grammes, coupées en lanières.
1 mesurette ThermoChef de sarrasin décortiqué cru, environ 110 à 115 grammes.
1 mesurette et demie ThermoChef d’eau, 240 millilitres, environ 240 grammes.
180 grammes de topinambours râpés.
160 grammes de chou-rave râpé.
2 cuillères à soupe de crème liquide ou végétale, environ 30 grammes.
persil ou ciboulette, poivre, sel seulement à la fin si nécessaire.",392,"Aujourd’hui, nous préparons jambon blanc sarrasin cru topinambours et chou-rave façon ThermoChef.

Cette recette est prévue pour 2 personnes.

RÈGLE IMPORTANTE POUR LE JAMBON BLANC

Le jambon blanc est un produit prêt à consommer.
Il peut sécher si on le cuit trop longtemps.
On le coupe en lanières ou en petits carrés.
On le garde à part pendant la cuisson de la garniture ou de la base sèche.
On l’ajoute seulement en finition, avec la chaleur de la préparation.
On mélange doucement pour le réchauffer sans le dessécher.
On ne sale pas au départ, car le jambon blanc peut apporter du sel selon les marques.

RÈGLE DE CUISSON DE LA BASE

Sarrasin décortiqué : 1 mesurette ThermoChef, environ 110 à 115 grammes, avec 1 mesurette et demie d’eau, 240 millilitres, environ 240 grammes. Temps paquet souvent 10 à 15 minutes ; menu Riz mode 3.","Coupez le jambon blanc en lanières et gardez-le à part.
Rincez le sarrasin si votre paquet le conseille.
Mesurez le sarrasin et l’eau.
Râpez les topinambours et le chou-rave.

MISE EN PLACE DANS LA CUVE

Mettez le sarrasin cru et l’eau dans la cuve. Ajoutez les topinambours et le chou-rave. Mélangez. Le sarrasin doit cuire dans le ThermoChef avant l’ajout du jambon. Vérifiez le petit piston de sécurité.
Vérifiez que rien ne dépasse trop haut dans la cuve.
Vérifiez aussi qu’aucun morceau d’aliment ne risque de bloquer le petit piston de sécurité sous le couvercle.

PROGRAMMATION THERMOCHEF

Fermez le couvercle.
Sélectionnez le menu Riz.
Choisissez mode 3, environ 13 à 15 minutes.
Appuyez sur Cuisiner.
Laissez le programme aller jusqu’à la fin.
Attendez que la sécurité autorise l’ouverture.
N’essayez jamais de forcer le couvercle.
Ouvrez avec prudence.

FINITION

À la fin du menu Riz, attendez que la sécurité autorise l’ouverture. Ouvrez avec prudence. Aérez le sarrasin. Ajoutez la crème, le jambon blanc et l’herbe choisie. Mélangez doucement.

SERVICE

Servez chaud. Le sarrasin donne une base rustique et le jambon reste ajouté en finition.

POINT DE CONTRÔLE AVANT SERVICE

La garniture doit être cuite et tendre.
La base sèche, quand il y en a une, doit être tendre sous la dent.
Le jambon blanc doit être chaud ou tiède, mais il ne doit pas être sec.
Le jambon doit rester souple.
Si la préparation paraît trop sèche, ajoutez 1 cuillère à soupe d’eau chaude, environ 15 millilitres, soit 15 grammes, puis mélangez seulement la garniture.
Goûtez toujours avant d’ajouter du sel.

RÉSUMÉ SIMPLE

On coupe le jambon blanc en lanières ou en petits carrés.
On garde le jambon blanc à part.
On prépare la garniture ou la base sèche.
On lance la cuisson ThermoChef.
On ouvre avec prudence.
On ajoute le jambon blanc seulement à la fin.
On mélange doucement.
On goûte avant de saler.
Le plat est prêt à être servi chaud."
Jambon blanc orge perlée crue artichauts tomates séchées et basilic façon ThermoChef,https://30minutesparjour.com/recettes-audio/fr/jambon%20blanc%20recette%20excellence/jambon%20blanc%20orge%20perlee%20crue%20artichauts%20tomates%20sechees%20et%20basilic%20facon%20ThermoChef.mp3,Jambon blanc excellence,"3 tranches de jambon blanc, environ 120 à 150 grammes, coupées en lanières.
1 mesurette ThermoChef d’orge perlée crue, environ 120 grammes.
1 mesurette et demie ThermoChef d’eau, 240 millilitres, environ 240 grammes.
140 grammes de fonds d’artichauts coupés en morceaux.
25 grammes de tomates séchées coupées finement.
2 cuillères à soupe de crème liquide ou végétale, environ 30 grammes.
basilic ou persil, poivre, sel seulement à la fin si nécessaire.",393,"Aujourd’hui, nous préparons jambon blanc orge perlée crue artichauts tomates séchées et basilic façon ThermoChef.

Cette recette est prévue pour 2 personnes.

RÈGLE IMPORTANTE POUR LE JAMBON BLANC

Le jambon blanc est un produit prêt à consommer.
Il peut sécher si on le cuit trop longtemps.
On le coupe en lanières ou en petits carrés.
On le garde à part pendant la cuisson de la garniture ou de la base sèche.
On l’ajoute seulement en finition, avec la chaleur de la préparation.
On mélange doucement pour le réchauffer sans le dessécher.
On ne sale pas au départ, car le jambon blanc peut apporter du sel selon les marques.

RÈGLE DE CUISSON DE LA BASE

Orge perlée : 1 mesurette ThermoChef, environ 120 grammes, avec 1 mesurette et demie d’eau, 240 millilitres, environ 240 grammes. Temps paquet souvent 30 à 35 minutes ; menu Légumes secs 10 à 12 minutes selon paquet.","Coupez le jambon blanc en lanières et gardez-le à part.
Rincez l’orge perlée si votre paquet le conseille.
Mesurez l’orge et l’eau.
Coupez les artichauts et les tomates séchées.

MISE EN PLACE DANS LA CUVE

Mettez l’orge perlée crue et l’eau dans la cuve. Ajoutez les artichauts et les tomates séchées. Mélangez. L’orge doit cuire dans le ThermoChef avant l’ajout du jambon. Vérifiez le petit piston de sécurité.
Vérifiez que rien ne dépasse trop haut dans la cuve.
Vérifiez aussi qu’aucun morceau d’aliment ne risque de bloquer le petit piston de sécurité sous le couvercle.

PROGRAMMATION THERMOCHEF

Fermez le couvercle.
Sélectionnez le menu Légumes secs.
Réglez le temps sur 12 minutes.
Appuyez sur Cuisiner.
Laissez le programme aller jusqu’à la fin.
Attendez que la sécurité autorise l’ouverture.
N’essayez jamais de forcer le couvercle.
Ouvrez avec prudence.

FINITION

À la fin du menu Légumes secs, attendez que la sécurité autorise l’ouverture. Ouvrez avec prudence. L’orge doit être tendre. Ajoutez la crème, le jambon blanc et le basilic ou le persil. Mélangez doucement.

SERVICE

Servez chaud. L’orge perlée cuit dans le ThermoChef et le jambon reste souple.

POINT DE CONTRÔLE AVANT SERVICE

La garniture doit être cuite et tendre.
La base sèche, quand il y en a une, doit être tendre sous la dent.
Le jambon blanc doit être chaud ou tiède, mais il ne doit pas être sec.
Le jambon doit rester souple.
Si la préparation paraît trop sèche, ajoutez 1 cuillère à soupe d’eau chaude, environ 15 millilitres, soit 15 grammes, puis mélangez seulement la garniture.
Goûtez toujours avant d’ajouter du sel.

RÉSUMÉ SIMPLE

On coupe le jambon blanc en lanières ou en petits carrés.
On garde le jambon blanc à part.
On prépare la garniture ou la base sèche.
On lance la cuisson ThermoChef.
On ouvre avec prudence.
On ajoute le jambon blanc seulement à la fin.
On mélange doucement.
On goûte avant de saler.
Le plat est prêt à être servi chaud."
Jambon blanc gnocchis chou romanesco tomates cerises et roquette façon ThermoChef,https://30minutesparjour.com/recettes-audio/fr/jambon%20blanc%20recette%20excellence/jambon%20blanc%20gnocchis%20chou%20romanesco%20tomates%20cerises%20et%20roquette%20facon%20ThermoChef.mp3,Jambon blanc excellence,"3 tranches de jambon blanc, environ 120 à 150 grammes, coupées en lanières.
300 grammes de gnocchis frais à poêler.
160 grammes de chou romanesco en très petits bouquets.
120 grammes de tomates cerises coupées en deux.
30 grammes de roquette ajoutée à la fin.
2 cuillères à soupe de crème liquide ou végétale, environ 30 grammes.
2 cuillères à soupe d’eau, 30 millilitres, environ 30 grammes.
basilic ou persil, sel seulement à la fin si nécessaire.",394,"Aujourd’hui, nous préparons jambon blanc gnocchis chou romanesco tomates cerises et roquette façon ThermoChef.

Cette recette est prévue pour 2 personnes.

RÈGLE IMPORTANTE POUR LE JAMBON BLANC

Le jambon blanc est un produit prêt à consommer.
Il peut sécher si on le cuit trop longtemps.
On le coupe en lanières ou en petits carrés.
On le garde à part pendant la cuisson de la garniture ou de la base sèche.
On l’ajoute seulement en finition, avec la chaleur de la préparation.
On mélange doucement pour le réchauffer sans le dessécher.
On ne sale pas au départ, car le jambon blanc peut apporter du sel selon les marques.

RÈGLE DE CUISSON DE LA BASE

Gnocchis frais à poêler : cuisson courte au Thermogrill avec un peu d’eau et de crème. Le jambon blanc est ajouté en finition.","Coupez le jambon blanc en lanières et gardez-le à part.
Préparez les gnocchis.
Coupez le chou romanesco en très petits bouquets.
Coupez les tomates cerises en deux et rincez la roquette.

MISE EN PLACE DANS LA CUVE

Mettez les gnocchis, le chou romanesco, les tomates cerises, la crème et l’eau dans la cuve. Mélangez. Gardez le jambon blanc et la roquette pour la finition.

PROGRAMMATION THERMOCHEF

Fermez le couvercle.
Sélectionnez le menu Thermogrill.
Réglez le minuteur sur 10 minutes.
Appuyez sur Cuisiner.
Réglez la puissance sur 2.
Laissez le programme aller jusqu’à la fin.
Ouvrez avec prudence.

FINITION

À la fin, ouvrez avec prudence. Les gnocchis doivent être tendres. Ajoutez le jambon blanc, la roquette et l’herbe choisie. Mélangez doucement pour faire tomber la roquette avec la chaleur.

SERVICE

Servez chaud. Les gnocchis donnent une base moelleuse et le jambon reste ajouté à la fin.

POINT DE CONTRÔLE AVANT SERVICE

La garniture doit être cuite et tendre.
La base sèche, quand il y en a une, doit être tendre sous la dent.
Le jambon blanc doit être chaud ou tiède, mais il ne doit pas être sec.
Le jambon doit rester souple.
Si la préparation paraît trop sèche, ajoutez 1 cuillère à soupe d’eau chaude, environ 15 millilitres, soit 15 grammes, puis mélangez seulement la garniture.
Goûtez toujours avant d’ajouter du sel.

RÉSUMÉ SIMPLE

On coupe le jambon blanc en lanières ou en petits carrés.
On garde le jambon blanc à part.
On prépare la garniture ou la base sèche.
On lance la cuisson ThermoChef.
On ouvre avec prudence.
On ajoute le jambon blanc seulement à la fin.
On mélange doucement.
On goûte avant de saler.
Le plat est prêt à être servi chaud."
Jambon de pays pommes de terre oignon et crème douce façon ThermoChef,https://30minutesparjour.com/recettes-audio/fr/jambon%20de%20pays%20excellence/jambon%20de%20pays%20pommes%20de%20terre%20oignon%20et%20creme%20douce%20facon%20ThermoChef.mp3,Jambon de pays excellence,"120 grammes de jambon de pays coupé en fines lanières.
320 grammes de pommes de terre coupées en petits dés réguliers.
1 oignon doux, environ 100 grammes, émincé finement.
3 cuillères à soupe de crème liquide ou végétale, environ 45 grammes.
3 cuillères à soupe d’eau, 45 millilitres, environ 45 grammes.
persil, poivre, aucun sel au départ.",395,"Aujourd’hui, nous préparons jambon de pays pommes de terre oignon et crème douce façon ThermoChef.

Cette recette est prévue pour 2 personnes.

RÈGLE IMPORTANTE POUR LE JAMBON DE PAYS

Le jambon de pays est un produit prêt à consommer.
Il est naturellement salé et peut sécher rapidement s’il chauffe trop longtemps.
On le coupe en fines lanières ou en petits morceaux.
On le garde à part pendant la cuisson de la garniture ou de la base sèche.
Gardez le jambon à part jusqu’à la finition.
On l’ajoute seulement en finition, avec la chaleur de la préparation.
On mélange doucement pour garder une texture souple.
On ne sale jamais au départ.
Les bases sèches ne sont pas utilisées sous forme cuite à l’avance.
Elles cuisent dans le ThermoChef avec l’eau indiquée.","Coupez le jambon de pays en fines lanières et gardez-le à part.
Coupez les pommes de terre en petits dés réguliers.
Émincez l’oignon finement.
Préparez la crème, l’eau et le persil.

MISE EN PLACE DANS LA CUVE

Mettez les pommes de terre, l’oignon, la crème et l’eau dans la cuve. Mélangez. Gardez le jambon de pays pour la finition.

PROGRAMMATION THERMOCHEF

Fermez le couvercle.
Sélectionnez le menu Thermogrill.
Réglez le minuteur sur 14 minutes.
Appuyez sur Cuisiner.
Réglez la puissance sur 3.
Laissez le programme aller jusqu’à la fin.
Ouvrez avec prudence.

FINITION

À la fin, ouvrez avec prudence. Les pommes de terre doivent être tendres. Ajoutez les lanières de jambon de pays et le persil. Mélangez très doucement avec la chaleur de la préparation.

SERVICE

Servez chaud. Le jambon de pays apporte l’assaisonnement principal.

POINT DE CONTRÔLE AVANT SERVICE

La garniture doit être cuite et tendre.
La base sèche, quand il y en a une, doit être tendre sous la dent.
Le jambon de pays doit être seulement réchauffé par la chaleur du plat.
Il doit rester souple et ne doit pas sécher.
Si la préparation paraît trop sèche, ajoutez 1 cuillère à soupe d’eau chaude, environ 15 millilitres, soit 15 grammes, puis mélangez seulement la garniture.
Goûtez toujours avant d’ajouter du sel.

RÉSUMÉ SIMPLE

On coupe le jambon de pays en fines lanières.
On garde le jambon à part.
On ne sale pas au départ.
On prépare la garniture ou la base sèche.
On lance la cuisson ThermoChef.
On ouvre avec prudence.
On ajoute le jambon seulement à la fin.
On mélange doucement.
On goûte avant toute correction d’assaisonnement.
Le plat est prêt à être servi chaud.

CONSEIL JAMBON DE PAYS

Le jambon de pays doit rester souple. Pour cela, il ne faut pas le cuire longtemps avec la garniture. La chaleur du plat suffit à le réchauffer et à diffuser son goût.

CONSEIL JAMBON DE PAYS

Le jambon de pays doit rester souple. Pour cela, il ne faut pas le cuire longtemps avec la garniture. La chaleur du plat suffit à le réchauffer et à diffuser son goût."
Jambon de pays courgettes tomates et basilic façon ThermoChef,https://30minutesparjour.com/recettes-audio/fr/jambon%20de%20pays%20excellence/jambon%20de%20pays%20courgettes%20tomates%20et%20basilic%20facon%20ThermoChef.mp3,Jambon de pays excellence,"120 grammes de jambon de pays coupé en fines lanières.
2 courgettes moyennes, environ 360 grammes, coupées en petits dés.
2 tomates moyennes, environ 240 grammes, coupées en petits dés.
1 oignon doux, environ 100 grammes, émincé finement.
2 cuillères à soupe de coulis de tomate, environ 30 grammes.
2 cuillères à soupe d’eau, 30 millilitres, environ 30 grammes.
basilic, poivre, aucun sel au départ.",396,"Aujourd’hui, nous préparons jambon de pays courgettes tomates et basilic façon ThermoChef.

Cette recette est prévue pour 2 personnes.

RÈGLE IMPORTANTE POUR LE JAMBON DE PAYS

Le jambon de pays est un produit prêt à consommer.
Il est naturellement salé et peut sécher rapidement s’il chauffe trop longtemps.
On le coupe en fines lanières ou en petits morceaux.
On le garde à part pendant la cuisson de la garniture ou de la base sèche.
Gardez le jambon à part jusqu’à la finition.
On l’ajoute seulement en finition, avec la chaleur de la préparation.
On mélange doucement pour garder une texture souple.
On ne sale jamais au départ.
Les bases sèches ne sont pas utilisées sous forme cuite à l’avance.
Elles cuisent dans le ThermoChef avec l’eau indiquée.","Coupez le jambon de pays en fines lanières et gardez-le à part.
Coupez les courgettes et les tomates en petits dés.
Émincez l’oignon.
Préparez le coulis, l’eau et le basilic.

MISE EN PLACE DANS LA CUVE

Mettez les courgettes, les tomates, l’oignon, le coulis et l’eau dans la cuve. Mélangez. Gardez le jambon pour la finition.

PROGRAMMATION THERMOCHEF

Fermez le couvercle.
Sélectionnez le menu Thermogrill.
Réglez le minuteur sur 12 minutes.
Appuyez sur Cuisiner.
Réglez la puissance sur 2.
Laissez le programme aller jusqu’à la fin.
Ouvrez avec prudence.

FINITION

À la fin, ouvrez avec prudence. Les courgettes doivent être tendres. Ajoutez le jambon de pays et le basilic. Mélangez doucement pour ne pas dessécher le jambon.

SERVICE

Servez chaud. La tomate garde le plat moelleux.

POINT DE CONTRÔLE AVANT SERVICE

La garniture doit être cuite et tendre.
La base sèche, quand il y en a une, doit être tendre sous la dent.
Le jambon de pays doit être seulement réchauffé par la chaleur du plat.
Il doit rester souple et ne doit pas sécher.
Si la préparation paraît trop sèche, ajoutez 1 cuillère à soupe d’eau chaude, environ 15 millilitres, soit 15 grammes, puis mélangez seulement la garniture.
Goûtez toujours avant d’ajouter du sel.

RÉSUMÉ SIMPLE

On coupe le jambon de pays en fines lanières.
On garde le jambon à part.
On ne sale pas au départ.
On prépare la garniture ou la base sèche.
On lance la cuisson ThermoChef.
On ouvre avec prudence.
On ajoute le jambon seulement à la fin.
On mélange doucement.
On goûte avant toute correction d’assaisonnement.
Le plat est prêt à être servi chaud.

CONSEIL JAMBON DE PAYS

Le jambon de pays doit rester souple. Pour cela, il ne faut pas le cuire longtemps avec la garniture. La chaleur du plat suffit à le réchauffer et à diffuser son goût.

CONSEIL JAMBON DE PAYS

Le jambon de pays doit rester souple. Pour cela, il ne faut pas le cuire longtemps avec la garniture. La chaleur du plat suffit à le réchauffer et à diffuser son goût."
Jambon de pays poireaux champignons et crème douce façon ThermoChef,https://30minutesparjour.com/recettes-audio/fr/jambon%20de%20pays%20excellence/jambon%20de%20pays%20poireaux%20champignons%20et%20creme%20douce%20facon%20ThermoChef.mp3,Jambon de pays excellence,"120 grammes de jambon de pays coupé en fines lanières.
2 poireaux moyens, environ 300 grammes préparés, émincés finement.
220 grammes de champignons émincés.
3 cuillères à soupe de crème liquide ou végétale, environ 45 grammes.
2 cuillères à soupe d’eau, 30 millilitres, environ 30 grammes.
persil ou ciboulette, poivre, aucun sel au départ.",397,"Aujourd’hui, nous préparons jambon de pays poireaux champignons et crème douce façon ThermoChef.

Cette recette est prévue pour 2 personnes.

RÈGLE IMPORTANTE POUR LE JAMBON DE PAYS

Le jambon de pays est un produit prêt à consommer.
Il est naturellement salé et peut sécher rapidement s’il chauffe trop longtemps.
On le coupe en fines lanières ou en petits morceaux.
On le garde à part pendant la cuisson de la garniture ou de la base sèche.
Gardez le jambon à part jusqu’à la finition.
On l’ajoute seulement en finition, avec la chaleur de la préparation.
On mélange doucement pour garder une texture souple.
On ne sale jamais au départ.
Les bases sèches ne sont pas utilisées sous forme cuite à l’avance.
Elles cuisent dans le ThermoChef avec l’eau indiquée.","Coupez le jambon de pays en lanières fines et gardez-le à part.
Émincez les poireaux finement et rincez-les bien.
Émincez les champignons.
Préparez la crème, l’eau et l’herbe choisie.

MISE EN PLACE DANS LA CUVE

Mettez les poireaux, les champignons, la crème et l’eau dans la cuve. Mélangez. Le jambon sera ajouté seulement à la fin.

PROGRAMMATION THERMOCHEF

Fermez le couvercle.
Sélectionnez le menu Thermogrill.
Réglez le minuteur sur 13 minutes.
Appuyez sur Cuisiner.
Réglez la puissance sur 2.
Laissez le programme aller jusqu’à la fin.
Ouvrez avec prudence.

FINITION

À la fin, ouvrez avec prudence. Les poireaux doivent être fondants. Ajoutez le jambon de pays et l’herbe choisie. Mélangez avec douceur.

SERVICE

Servez chaud. Le poireau et la crème adoucissent le goût salé du jambon.

POINT DE CONTRÔLE AVANT SERVICE

La garniture doit être cuite et tendre.
La base sèche, quand il y en a une, doit être tendre sous la dent.
Le jambon de pays doit être seulement réchauffé par la chaleur du plat.
Il doit rester souple et ne doit pas sécher.
Si la préparation paraît trop sèche, ajoutez 1 cuillère à soupe d’eau chaude, environ 15 millilitres, soit 15 grammes, puis mélangez seulement la garniture.
Goûtez toujours avant d’ajouter du sel.

RÉSUMÉ SIMPLE

On coupe le jambon de pays en fines lanières.
On garde le jambon à part.
On ne sale pas au départ.
On prépare la garniture ou la base sèche.
On lance la cuisson ThermoChef.
On ouvre avec prudence.
On ajoute le jambon seulement à la fin.
On mélange doucement.
On goûte avant toute correction d’assaisonnement.
Le plat est prêt à être servi chaud.

CONSEIL JAMBON DE PAYS

Le jambon de pays doit rester souple. Pour cela, il ne faut pas le cuire longtemps avec la garniture. La chaleur du plat suffit à le réchauffer et à diffuser son goût.

CONSEIL JAMBON DE PAYS

Le jambon de pays doit rester souple. Pour cela, il ne faut pas le cuire longtemps avec la garniture. La chaleur du plat suffit à le réchauffer et à diffuser son goût."
Jambon de pays haricots verts pommes de terre et crème citronnée façon ThermoChef,https://30minutesparjour.com/recettes-audio/fr/jambon%20de%20pays%20excellence/jambon%20de%20pays%20haricots%20verts%20pommes%20de%20terre%20et%20creme%20citronnee%20facon%20ThermoChef.mp3,Jambon de pays excellence,"120 grammes de jambon de pays coupé en fines lanières.
180 grammes de haricots verts fins coupés en deux.
260 grammes de pommes de terre coupées en petits dés.
3 cuillères à soupe de crème liquide ou végétale, environ 45 grammes.
3 cuillères à soupe d’eau, 45 millilitres, environ 45 grammes.
quelques gouttes de citron à la fin.
persil, poivre, aucun sel au départ.",398,"Aujourd’hui, nous préparons jambon de pays haricots verts pommes de terre et crème citronnée façon ThermoChef.

Cette recette est prévue pour 2 personnes.

RÈGLE IMPORTANTE POUR LE JAMBON DE PAYS

Le jambon de pays est un produit prêt à consommer.
Il est naturellement salé et peut sécher rapidement s’il chauffe trop longtemps.
On le coupe en fines lanières ou en petits morceaux.
On le garde à part pendant la cuisson de la garniture ou de la base sèche.
Gardez le jambon à part jusqu’à la finition.
On l’ajoute seulement en finition, avec la chaleur de la préparation.
On mélange doucement pour garder une texture souple.
On ne sale jamais au départ.
Les bases sèches ne sont pas utilisées sous forme cuite à l’avance.
Elles cuisent dans le ThermoChef avec l’eau indiquée.","Coupez le jambon de pays en fines lanières et gardez-le à part.
Coupez les haricots verts en deux.
Coupez les pommes de terre en petits dés.
Préparez la crème, l’eau, le citron et le persil.

MISE EN PLACE DANS LA CUVE

Mettez les haricots verts, les pommes de terre, la crème et l’eau dans la cuve. Mélangez. Gardez le jambon pour la finition.

PROGRAMMATION THERMOCHEF

Fermez le couvercle.
Sélectionnez le menu Thermogrill.
Réglez le minuteur sur 14 minutes.
Appuyez sur Cuisiner.
Réglez la puissance sur 3.
Laissez le programme aller jusqu’à la fin.
Ouvrez avec prudence.

FINITION

À la fin, ouvrez avec prudence. Les pommes de terre doivent être tendres. Ajoutez le jambon de pays, le citron et le persil. Mélangez doucement.

SERVICE

Servez chaud. Le citron réveille la crème sans renforcer le sel.

POINT DE CONTRÔLE AVANT SERVICE

La garniture doit être cuite et tendre.
La base sèche, quand il y en a une, doit être tendre sous la dent.
Le jambon de pays doit être seulement réchauffé par la chaleur du plat.
Il doit rester souple et ne doit pas sécher.
Si la préparation paraît trop sèche, ajoutez 1 cuillère à soupe d’eau chaude, environ 15 millilitres, soit 15 grammes, puis mélangez seulement la garniture.
Goûtez toujours avant d’ajouter du sel.

RÉSUMÉ SIMPLE

On coupe le jambon de pays en fines lanières.
On garde le jambon à part.
On ne sale pas au départ.
On prépare la garniture ou la base sèche.
On lance la cuisson ThermoChef.
On ouvre avec prudence.
On ajoute le jambon seulement à la fin.
On mélange doucement.
On goûte avant toute correction d’assaisonnement.
Le plat est prêt à être servi chaud.

CONSEIL JAMBON DE PAYS

Le jambon de pays doit rester souple. Pour cela, il ne faut pas le cuire longtemps avec la garniture. La chaleur du plat suffit à le réchauffer et à diffuser son goût."
Jambon de pays épinards œufs et crème douce façon ThermoChef,https://30minutesparjour.com/recettes-audio/fr/jambon%20de%20pays%20excellence/jambon%20de%20pays%20epinards%20%C5%93ufs%20et%20creme%20douce%20facon%20ThermoChef.mp3,Jambon de pays excellence,"120 grammes de jambon de pays coupé en fines lanières.
220 grammes d’épinards frais ou surgelés bien égouttés.
2 œufs entiers battus.
3 cuillères à soupe de crème liquide ou végétale, environ 45 grammes.
2 cuillères à soupe d’eau, 30 millilitres, environ 30 grammes.
persil ou ciboulette, poivre, aucun sel au départ.",399,"Aujourd’hui, nous préparons jambon de pays épinards œufs et crème douce façon ThermoChef.

Cette recette est prévue pour 2 personnes.

RÈGLE IMPORTANTE POUR LE JAMBON DE PAYS

Le jambon de pays est un produit prêt à consommer.
Il est naturellement salé et peut sécher rapidement s’il chauffe trop longtemps.
On le coupe en fines lanières ou en petits morceaux.
On le garde à part pendant la cuisson de la garniture ou de la base sèche.
Gardez le jambon à part jusqu’à la finition.
On l’ajoute seulement en finition, avec la chaleur de la préparation.
On mélange doucement pour garder une texture souple.
On ne sale jamais au départ.
Les bases sèches ne sont pas utilisées sous forme cuite à l’avance.
Elles cuisent dans le ThermoChef avec l’eau indiquée.","Coupez le jambon de pays en lanières et gardez-le à part.
Préparez les épinards.
Battez les œufs avec la crème.
Préparez l’eau et l’herbe choisie.

MISE EN PLACE DANS LA CUVE

Mettez les épinards et l’eau dans la cuve. Ajoutez le mélange œufs et crème. Mélangez doucement. Gardez le jambon pour la finition.

PROGRAMMATION THERMOCHEF

Fermez le couvercle.
Sélectionnez le menu Thermogrill.
Réglez le minuteur sur 11 minutes.
Appuyez sur Cuisiner.
Réglez la puissance sur 2.
Laissez le programme aller jusqu’à la fin.
Ouvrez avec prudence.

FINITION

À la fin, ouvrez avec prudence. Les œufs doivent être pris et les épinards chauds. Ajoutez le jambon de pays et l’herbe choisie. Mélangez délicatement.

SERVICE

Servez chaud. Le jambon apporte le goût principal ; ne salez qu’après dégustation si nécessaire.

POINT DE CONTRÔLE AVANT SERVICE

La garniture doit être cuite et tendre.
La base sèche, quand il y en a une, doit être tendre sous la dent.
Le jambon de pays doit être seulement réchauffé par la chaleur du plat.
Il doit rester souple et ne doit pas sécher.
Si la préparation paraît trop sèche, ajoutez 1 cuillère à soupe d’eau chaude, environ 15 millilitres, soit 15 grammes, puis mélangez seulement la garniture.
Goûtez toujours avant d’ajouter du sel.

RÉSUMÉ SIMPLE

On coupe le jambon de pays en fines lanières.
On garde le jambon à part.
On ne sale pas au départ.
On prépare la garniture ou la base sèche.
On lance la cuisson ThermoChef.
On ouvre avec prudence.
On ajoute le jambon seulement à la fin.
On mélange doucement.
On goûte avant toute correction d’assaisonnement.
Le plat est prêt à être servi chaud.

CONSEIL JAMBON DE PAYS

Le jambon de pays doit rester souple. Pour cela, il ne faut pas le cuire longtemps avec la garniture. La chaleur du plat suffit à le réchauffer et à diffuser son goût.

CONSEIL JAMBON DE PAYS

Le jambon de pays doit rester souple. Pour cela, il ne faut pas le cuire longtemps avec la garniture. La chaleur du plat suffit à le réchauffer et à diffuser son goût."
Jambon de pays riz petits pois courgette et crème citronnée façon ThermoChef,https://30minutesparjour.com/recettes-audio/fr/jambon%20de%20pays%20excellence/jambon%20de%20pays%20riz%20petits%20pois%20courgette%20et%20creme%20citronnee%20facon%20ThermoChef.mp3,Jambon de pays excellence,"120 grammes de jambon de pays coupé en fines lanières.
1 mesurette ThermoChef de riz, environ 150 grammes.
1 mesurette et demie ThermoChef d’eau, 240 millilitres, environ 240 grammes.
120 grammes de petits pois.
1 courgette, environ 180 grammes, coupée en petits dés.
2 cuillères à soupe de crème liquide ou végétale, environ 30 grammes.
quelques gouttes de citron à la fin, persil, aucun sel au départ.",400,"Aujourd’hui, nous préparons jambon de pays riz petits pois courgette et crème citronnée façon ThermoChef.

Cette recette est prévue pour 2 personnes.

RÈGLE IMPORTANTE POUR LE JAMBON DE PAYS

Le jambon de pays est un produit prêt à consommer.
Il est naturellement salé et peut sécher rapidement s’il chauffe trop longtemps.
On le coupe en fines lanières ou en petits morceaux.
On le garde à part pendant la cuisson de la garniture ou de la base sèche.
Gardez le jambon à part jusqu’à la finition.
On l’ajoute seulement en finition, avec la chaleur de la préparation.
On mélange doucement pour garder une texture souple.
On ne sale jamais au départ.
Les bases sèches ne sont pas utilisées sous forme cuite à l’avance.
Elles cuisent dans le ThermoChef avec l’eau indiquée.

RÈGLE DE CUISSON DE LA BASE

Riz : 1 mesurette ThermoChef de riz, environ 150 grammes, avec 1 mesurette et demie d’eau, 240 millilitres, environ 240 grammes. Menu Riz mode 3, environ 13 à 14 minutes. Le jambon de pays est ajouté en finition.","Coupez le jambon de pays en fines lanières et gardez-le à part.
Mesurez le riz et l’eau.
Coupez la courgette en petits dés.
Préparez les petits pois, la crème, le citron et le persil.

MISE EN PLACE DANS LA CUVE

Mettez le riz et l’eau dans la cuve. Ajoutez les petits pois et la courgette. Mélangez. Gardez le jambon, la crème et le citron pour la finition. Vérifiez le petit piston de sécurité sous le couvercle.
Vérifiez que rien ne dépasse trop haut dans la cuve.
Vérifiez aussi qu’aucun morceau d’aliment ne risque de bloquer le petit piston de sécurité sous le couvercle.

PROGRAMMATION THERMOCHEF

Fermez le couvercle.
Sélectionnez le menu Riz.
Choisissez mode 3, environ 13 à 14 minutes.
Appuyez sur Cuisiner.
Laissez le programme aller jusqu’à la fin.
Attendez que la sécurité autorise l’ouverture.
N’essayez jamais de forcer le couvercle.
Ouvrez avec prudence.

FINITION

À la fin du menu Riz, attendez que la sécurité autorise l’ouverture. Ouvrez avec prudence. Ajoutez la crème, le citron, le persil et le jambon de pays. Mélangez doucement.

SERVICE

Servez chaud. Le riz doit être tendre et le jambon seulement réchauffé par la chaleur du plat.

POINT DE CONTRÔLE AVANT SERVICE

La garniture doit être cuite et tendre.
La base sèche, quand il y en a une, doit être tendre sous la dent.
Le jambon de pays doit être seulement réchauffé par la chaleur du plat.
Il doit rester souple et ne doit pas sécher.
Si la préparation paraît trop sèche, ajoutez 1 cuillère à soupe d’eau chaude, environ 15 millilitres, soit 15 grammes, puis mélangez seulement la garniture.
Goûtez toujours avant d’ajouter du sel.

RÉSUMÉ SIMPLE

On coupe le jambon de pays en fines lanières.
On garde le jambon à part.
On ne sale pas au départ.
On prépare la garniture ou la base sèche.
On lance la cuisson ThermoChef.
On ouvre avec prudence.
On ajoute le jambon seulement à la fin.
On mélange doucement.
On goûte avant toute correction d’assaisonnement.
Le plat est prêt à être servi chaud."
Jambon de pays coquillettes tomates et crème douce façon ThermoChef,https://30minutesparjour.com/recettes-audio/fr/jambon%20de%20pays%20excellence/jambon%20de%20pays%20coquillettes%20tomates%20et%20creme%20douce%20facon%20ThermoChef.mp3,Jambon de pays excellence,"120 grammes de jambon de pays coupé en fines lanières.
2 mugs de coquillettes, environ 180 à 200 grammes.
2 mesurettes ThermoChef d’eau, 320 millilitres, environ 320 grammes.
2 tomates moyennes, environ 240 grammes, coupées en petits dés.
2 cuillères à soupe de crème liquide ou végétale, environ 30 grammes.
basilic ou persil, poivre, aucun sel au départ.",401,"Aujourd’hui, nous préparons jambon de pays coquillettes tomates et crème douce façon ThermoChef.

Cette recette est prévue pour 2 personnes.

RÈGLE IMPORTANTE POUR LE JAMBON DE PAYS

Le jambon de pays est un produit prêt à consommer.
Il est naturellement salé et peut sécher rapidement s’il chauffe trop longtemps.
On le coupe en fines lanières ou en petits morceaux.
On le garde à part pendant la cuisson de la garniture ou de la base sèche.
Gardez le jambon à part jusqu’à la finition.
On l’ajoute seulement en finition, avec la chaleur de la préparation.
On mélange doucement pour garder une texture souple.
On ne sale jamais au départ.
Les bases sèches ne sont pas utilisées sous forme cuite à l’avance.
Elles cuisent dans le ThermoChef avec l’eau indiquée.

RÈGLE DE CUISSON DE LA BASE

Coquillettes : 2 mugs, environ 180 à 200 grammes, avec 2 mesurettes ThermoChef d’eau, 320 millilitres, environ 320 grammes. Choisir le menu Pâtes selon le temps indiqué sur le paquet.","Coupez le jambon de pays en fines lanières et gardez-le à part.
Mesurez les coquillettes et l’eau.
Coupez les tomates en petits dés.
Préparez la crème et l’herbe choisie.

MISE EN PLACE DANS LA CUVE

Mettez les coquillettes et l’eau dans la cuve. Ajoutez les tomates. Mélangez pour que les pâtes soient au contact du liquide. Gardez le jambon et la crème pour la finition. Vérifiez le petit piston de sécurité.
Vérifiez que rien ne dépasse trop haut dans la cuve.
Vérifiez aussi qu’aucun morceau d’aliment ne risque de bloquer le petit piston de sécurité sous le couvercle.

PROGRAMMATION THERMOCHEF

Fermez le couvercle.
Sélectionnez le menu Pâtes.
Choisissez mode adapté au temps indiqué sur le paquet.
Appuyez sur Cuisiner.
Laissez le programme aller jusqu’à la fin.
Attendez que la sécurité autorise l’ouverture.
N’essayez jamais de forcer le couvercle.
Ouvrez avec prudence.

FINITION

À la fin du menu Pâtes, attendez que la sécurité autorise l’ouverture. Ouvrez avec prudence. Ajoutez la crème, le jambon de pays et l’herbe choisie. Mélangez doucement.

SERVICE

Servez chaud. Les coquillettes doivent rester moelleuses.

POINT DE CONTRÔLE AVANT SERVICE

La garniture doit être cuite et tendre.
La base sèche, quand il y en a une, doit être tendre sous la dent.
Le jambon de pays doit être seulement réchauffé par la chaleur du plat.
Il doit rester souple et ne doit pas sécher.
Si la préparation paraît trop sèche, ajoutez 1 cuillère à soupe d’eau chaude, environ 15 millilitres, soit 15 grammes, puis mélangez seulement la garniture.
Goûtez toujours avant d’ajouter du sel.

RÉSUMÉ SIMPLE

On coupe le jambon de pays en fines lanières.
On garde le jambon à part.
On ne sale pas au départ.
On prépare la garniture ou la base sèche.
On lance la cuisson ThermoChef.
On ouvre avec prudence.
On ajoute le jambon seulement à la fin.
On mélange doucement.
On goûte avant toute correction d’assaisonnement.
Le plat est prêt à être servi chaud."
Jambon de pays chou blanc pommes de terre et pomme façon ThermoChef,https://30minutesparjour.com/recettes-audio/fr/jambon%20de%20pays%20excellence/jambon%20de%20pays%20chou%20blanc%20pommes%20de%20terre%20et%20pomme%20facon%20ThermoChef.mp3,Jambon de pays excellence,"120 grammes de jambon de pays coupé en fines lanières.
280 grammes de chou blanc émincé très finement.
240 grammes de pommes de terre coupées en petits dés.
1 pomme, environ 140 grammes, coupée en petits dés.
2 cuillères à soupe de crème liquide ou végétale, environ 30 grammes.
3 cuillères à soupe d’eau, 45 millilitres, environ 45 grammes.
persil, poivre, aucun sel au départ.",402,"Aujourd’hui, nous préparons jambon de pays chou blanc pommes de terre et pomme façon ThermoChef.

Cette recette est prévue pour 2 personnes.

RÈGLE IMPORTANTE POUR LE JAMBON DE PAYS

Le jambon de pays est un produit prêt à consommer.
Il est naturellement salé et peut sécher rapidement s’il chauffe trop longtemps.
On le coupe en fines lanières ou en petits morceaux.
On le garde à part pendant la cuisson de la garniture ou de la base sèche.
Gardez le jambon à part jusqu’à la finition.
On l’ajoute seulement en finition, avec la chaleur de la préparation.
On mélange doucement pour garder une texture souple.
On ne sale jamais au départ.
Les bases sèches ne sont pas utilisées sous forme cuite à l’avance.
Elles cuisent dans le ThermoChef avec l’eau indiquée.","Coupez le jambon de pays en lanières fines et gardez-le à part.
Émincez le chou blanc très finement.
Coupez les pommes de terre et la pomme en petits dés.
Préparez la crème, l’eau et le persil.

MISE EN PLACE DANS LA CUVE

Mettez le chou blanc, les pommes de terre, la pomme, la crème et l’eau dans la cuve. Mélangez. Gardez le jambon pour la finition.

PROGRAMMATION THERMOCHEF

Fermez le couvercle.
Sélectionnez le menu Thermogrill.
Réglez le minuteur sur 15 minutes.
Appuyez sur Cuisiner.
Réglez la puissance sur 3.
Laissez le programme aller jusqu’à la fin.
Ouvrez avec prudence.

FINITION

À la fin, ouvrez avec prudence. Le chou et les pommes de terre doivent être tendres. Ajoutez le jambon et le persil. Mélangez doucement.

SERVICE

Servez chaud. La pomme adoucit le chou et équilibre le jambon de pays.

POINT DE CONTRÔLE AVANT SERVICE

La garniture doit être cuite et tendre.
La base sèche, quand il y en a une, doit être tendre sous la dent.
Le jambon de pays doit être seulement réchauffé par la chaleur du plat.
Il doit rester souple et ne doit pas sécher.
Si la préparation paraît trop sèche, ajoutez 1 cuillère à soupe d’eau chaude, environ 15 millilitres, soit 15 grammes, puis mélangez seulement la garniture.
Goûtez toujours avant d’ajouter du sel.

RÉSUMÉ SIMPLE

On coupe le jambon de pays en fines lanières.
On garde le jambon à part.
On ne sale pas au départ.
On prépare la garniture ou la base sèche.
On lance la cuisson ThermoChef.
On ouvre avec prudence.
On ajoute le jambon seulement à la fin.
On mélange doucement.
On goûte avant toute correction d’assaisonnement.
Le plat est prêt à être servi chaud.

CONSEIL JAMBON DE PAYS

Le jambon de pays doit rester souple. Pour cela, il ne faut pas le cuire longtemps avec la garniture. La chaleur du plat suffit à le réchauffer et à diffuser son goût."
Jambon de pays chou-fleur crème douce et ciboulette façon ThermoChef,https://30minutesparjour.com/recettes-audio/fr/jambon%20de%20pays%20excellence/jambon%20de%20pays%20chou-fleur%20creme%20douce%20et%20ciboulette%20facon%20ThermoChef.mp3,Jambon de pays excellence,"120 grammes de jambon de pays coupé en fines lanières.
300 grammes de chou-fleur en très petits bouquets.
1 carotte, environ 100 grammes, râpée.
3 cuillères à soupe de crème liquide ou végétale, environ 45 grammes.
2 cuillères à soupe d’eau, 30 millilitres, environ 30 grammes.
ciboulette ou persil, poivre, aucun sel au départ.",403,"Aujourd’hui, nous préparons jambon de pays chou-fleur crème douce et ciboulette façon ThermoChef.

Cette recette est prévue pour 2 personnes.

RÈGLE IMPORTANTE POUR LE JAMBON DE PAYS

Le jambon de pays est un produit prêt à consommer.
Il est naturellement salé et peut sécher rapidement s’il chauffe trop longtemps.
On le coupe en fines lanières ou en petits morceaux.
On le garde à part pendant la cuisson de la garniture ou de la base sèche.
Gardez le jambon à part jusqu’à la finition.
On l’ajoute seulement en finition, avec la chaleur de la préparation.
On mélange doucement pour garder une texture souple.
On ne sale jamais au départ.
Les bases sèches ne sont pas utilisées sous forme cuite à l’avance.
Elles cuisent dans le ThermoChef avec l’eau indiquée.","Coupez le jambon de pays en fines lanières et gardez-le à part.
Coupez le chou-fleur en très petits bouquets.
Râpez la carotte.
Préparez la crème, l’eau et la ciboulette.

MISE EN PLACE DANS LA CUVE

Mettez le chou-fleur, la carotte, la crème et l’eau dans la cuve. Mélangez. Gardez le jambon pour la finition.

PROGRAMMATION THERMOCHEF

Fermez le couvercle.
Sélectionnez le menu Thermogrill.
Réglez le minuteur sur 12 minutes.
Appuyez sur Cuisiner.
Réglez la puissance sur 3.
Laissez le programme aller jusqu’à la fin.
Ouvrez avec prudence.

FINITION

À la fin, ouvrez avec prudence. Le chou-fleur doit être tendre. Ajoutez le jambon de pays et la ciboulette. Mélangez délicatement.

SERVICE

Servez chaud. La crème douce évite que le jambon donne une sensation trop sèche.

POINT DE CONTRÔLE AVANT SERVICE

La garniture doit être cuite et tendre.
La base sèche, quand il y en a une, doit être tendre sous la dent.
Le jambon de pays doit être seulement réchauffé par la chaleur du plat.
Il doit rester souple et ne doit pas sécher.
Si la préparation paraît trop sèche, ajoutez 1 cuillère à soupe d’eau chaude, environ 15 millilitres, soit 15 grammes, puis mélangez seulement la garniture.
Goûtez toujours avant d’ajouter du sel.

RÉSUMÉ SIMPLE

On coupe le jambon de pays en fines lanières.
On garde le jambon à part.
On ne sale pas au départ.
On prépare la garniture ou la base sèche.
On lance la cuisson ThermoChef.
On ouvre avec prudence.
On ajoute le jambon seulement à la fin.
On mélange doucement.
On goûte avant toute correction d’assaisonnement.
Le plat est prêt à être servi chaud.

CONSEIL JAMBON DE PAYS

Le jambon de pays doit rester souple. Pour cela, il ne faut pas le cuire longtemps avec la garniture. La chaleur du plat suffit à le réchauffer et à diffuser son goût.

CONSEIL JAMBON DE PAYS

Le jambon de pays doit rester souple. Pour cela, il ne faut pas le cuire longtemps avec la garniture. La chaleur du plat suffit à le réchauffer et à diffuser son goût."
Jambon de pays endives pomme et crème moutardée façon ThermoChef,https://30minutesparjour.com/recettes-audio/fr/jambon%20de%20pays%20excellence/jambon%20de%20pays%20endives%20pomme%20et%20creme%20moutardee%20facon%20ThermoChef.mp3,Jambon de pays excellence,"120 grammes de jambon de pays coupé en fines lanières.
3 endives émincées finement.
1 pomme, environ 140 grammes, coupée en petits dés.
3 cuillères à soupe de crème liquide ou végétale, environ 45 grammes.
1 petite cuillère à café de moutarde douce, environ 5 grammes.
2 cuillères à soupe d’eau, 30 millilitres, environ 30 grammes.
persil, poivre, aucun sel au départ.",404,"Aujourd’hui, nous préparons jambon de pays endives pomme et crème moutardée façon ThermoChef.

Cette recette est prévue pour 2 personnes.

RÈGLE IMPORTANTE POUR LE JAMBON DE PAYS

Le jambon de pays est un produit prêt à consommer.
Il est naturellement salé et peut sécher rapidement s’il chauffe trop longtemps.
On le coupe en fines lanières ou en petits morceaux.
On le garde à part pendant la cuisson de la garniture ou de la base sèche.
Gardez le jambon à part jusqu’à la finition.
On l’ajoute seulement en finition, avec la chaleur de la préparation.
On mélange doucement pour garder une texture souple.
On ne sale jamais au départ.
Les bases sèches ne sont pas utilisées sous forme cuite à l’avance.
Elles cuisent dans le ThermoChef avec l’eau indiquée.","Coupez le jambon de pays en lanières et gardez-le à part.
Émincez les endives finement.
Coupez la pomme en petits dés.
Préparez la crème, la moutarde, l’eau et le persil.

MISE EN PLACE DANS LA CUVE

Mettez les endives, la pomme, la crème, la moutarde et l’eau dans la cuve. Mélangez. Gardez le jambon pour la finition.

PROGRAMMATION THERMOCHEF

Fermez le couvercle.
Sélectionnez le menu Thermogrill.
Réglez le minuteur sur 13 minutes.
Appuyez sur Cuisiner.
Réglez la puissance sur 2.
Laissez le programme aller jusqu’à la fin.
Ouvrez avec prudence.

FINITION

À la fin, ouvrez avec prudence. Les endives doivent être tendres. Ajoutez le jambon et le persil. Mélangez doucement et goûtez avant toute correction.

SERVICE

Servez chaud. La pomme adoucit l’endive et le jambon de pays.

POINT DE CONTRÔLE AVANT SERVICE

La garniture doit être cuite et tendre.
La base sèche, quand il y en a une, doit être tendre sous la dent.
Le jambon de pays doit être seulement réchauffé par la chaleur du plat.
Il doit rester souple et ne doit pas sécher.
Si la préparation paraît trop sèche, ajoutez 1 cuillère à soupe d’eau chaude, environ 15 millilitres, soit 15 grammes, puis mélangez seulement la garniture.
Goûtez toujours avant d’ajouter du sel.

RÉSUMÉ SIMPLE

On coupe le jambon de pays en fines lanières.
On garde le jambon à part.
On ne sale pas au départ.
On prépare la garniture ou la base sèche.
On lance la cuisson ThermoChef.
On ouvre avec prudence.
On ajoute le jambon seulement à la fin.
On mélange doucement.
On goûte avant toute correction d’assaisonnement.
Le plat est prêt à être servi chaud.

CONSEIL JAMBON DE PAYS

Le jambon de pays doit rester souple. Pour cela, il ne faut pas le cuire longtemps avec la garniture. La chaleur du plat suffit à le réchauffer et à diffuser son goût.

CONSEIL JAMBON DE PAYS

Le jambon de pays doit rester souple. Pour cela, il ne faut pas le cuire longtemps avec la garniture. La chaleur du plat suffit à le réchauffer et à diffuser son goût."
Jambon de pays orge perlée crue artichauts tomates séchées et basilic façon ThermoChef,https://30minutesparjour.com/recettes-audio/fr/jambon%20de%20pays%20excellence/jambon%20de%20pays%20orge%20perlee%20crue%20artichauts%20tomates%20sechees%20et%20basilic%20facon%20ThermoChef.mp3,Jambon de pays excellence,"120 grammes de jambon de pays coupé en fines lanières.
1 mesurette ThermoChef d’orge perlée crue, environ 120 grammes.
1 mesurette et demie ThermoChef d’eau, 240 millilitres, environ 240 grammes.
140 grammes de fonds d’artichauts coupés en morceaux.
25 grammes de tomates séchées coupées finement.
2 cuillères à soupe de crème liquide ou végétale, environ 30 grammes.
basilic ou persil, poivre, aucun sel au départ.",405,"Aujourd’hui, nous préparons jambon de pays orge perlée crue artichauts tomates séchées et basilic façon ThermoChef.

Cette recette est prévue pour 2 personnes.

RÈGLE IMPORTANTE POUR LE JAMBON DE PAYS

Le jambon de pays est un produit prêt à consommer.
Il est naturellement salé et peut sécher rapidement s’il chauffe trop longtemps.
On le coupe en fines lanières ou en petits morceaux.
On le garde à part pendant la cuisson de la garniture ou de la base sèche.
Gardez le jambon à part jusqu’à la finition.
On l’ajoute seulement en finition, avec la chaleur de la préparation.
On mélange doucement pour garder une texture souple.
On ne sale jamais au départ.
Les bases sèches ne sont pas utilisées sous forme cuite à l’avance.
Elles cuisent dans le ThermoChef avec l’eau indiquée.

RÈGLE DE CUISSON DE LA BASE

Orge perlée : 1 mesurette ThermoChef, environ 120 grammes, avec 1 mesurette et demie d’eau, 240 millilitres, environ 240 grammes. Temps paquet souvent 30 à 35 minutes ; menu Légumes secs 10 à 12 minutes selon paquet. Le jambon de pays est ajouté en finition.","Coupez le jambon de pays en fines lanières et gardez-le à part.
Rincez l’orge perlée si votre paquet le conseille.
Mesurez l’orge et l’eau.
Coupez les artichauts et les tomates séchées.

MISE EN PLACE DANS LA CUVE

Mettez l’orge perlée crue et l’eau dans la cuve. Ajoutez les artichauts, les tomates séchées et la crème. Mélangez. L’orge doit cuire dans le ThermoChef. Gardez le jambon pour la finition. Vérifiez le petit piston de sécurité.
Vérifiez que rien ne dépasse trop haut dans la cuve.
Vérifiez aussi qu’aucun morceau d’aliment ne risque de bloquer le petit piston de sécurité sous le couvercle.

PROGRAMMATION THERMOCHEF

Fermez le couvercle.
Sélectionnez le menu Légumes secs.
Réglez le temps sur 12 minutes.
Appuyez sur Cuisiner.
Laissez le programme aller jusqu’à la fin.
Attendez que la sécurité autorise l’ouverture.
N’essayez jamais de forcer le couvercle.
Ouvrez avec prudence.

FINITION

À la fin du menu Légumes secs, attendez que la sécurité autorise l’ouverture. Ouvrez avec prudence. L’orge doit être tendre. Ajoutez le jambon de pays et l’herbe choisie. Mélangez doucement.

SERVICE

Servez chaud. L’orge donne une base ferme et le jambon reste souple.

POINT DE CONTRÔLE AVANT SERVICE

La garniture doit être cuite et tendre.
La base sèche, quand il y en a une, doit être tendre sous la dent.
Le jambon de pays doit être seulement réchauffé par la chaleur du plat.
Il doit rester souple et ne doit pas sécher.
Si la préparation paraît trop sèche, ajoutez 1 cuillère à soupe d’eau chaude, environ 15 millilitres, soit 15 grammes, puis mélangez seulement la garniture.
Goûtez toujours avant d’ajouter du sel.

RÉSUMÉ SIMPLE

On coupe le jambon de pays en fines lanières.
On garde le jambon à part.
On ne sale pas au départ.
On prépare la garniture ou la base sèche.
On lance la cuisson ThermoChef.
On ouvre avec prudence.
On ajoute le jambon seulement à la fin.
On mélange doucement.
On goûte avant toute correction d’assaisonnement.
Le plat est prêt à être servi chaud."
Jambon de pays gnocchis chou romanesco tomates cerises et roquette façon ThermoChef,https://30minutesparjour.com/recettes-audio/fr/jambon%20de%20pays%20excellence/jambon%20de%20pays%20gnocchis%20chou%20romanesco%20tomates%20cerises%20et%20roquette%20facon%20ThermoChef.mp3,Jambon de pays excellence,"120 grammes de jambon de pays coupé en fines lanières.
300 grammes de gnocchis frais à poêler.
160 grammes de chou romanesco en très petits bouquets.
120 grammes de tomates cerises coupées en deux.
30 grammes de roquette ajoutée à la fin.
2 cuillères à soupe de crème liquide ou végétale, environ 30 grammes.
2 cuillères à soupe d’eau, 30 millilitres, environ 30 grammes.
basilic ou persil, aucun sel au départ.",406,"Aujourd’hui, nous préparons jambon de pays gnocchis chou romanesco tomates cerises et roquette façon ThermoChef.

Cette recette est prévue pour 2 personnes.

RÈGLE IMPORTANTE POUR LE JAMBON DE PAYS

Le jambon de pays est un produit prêt à consommer.
Il est naturellement salé et peut sécher rapidement s’il chauffe trop longtemps.
On le coupe en fines lanières ou en petits morceaux.
On le garde à part pendant la cuisson de la garniture ou de la base sèche.
Gardez le jambon à part jusqu’à la finition.
On l’ajoute seulement en finition, avec la chaleur de la préparation.
On mélange doucement pour garder une texture souple.
On ne sale jamais au départ.
Les bases sèches ne sont pas utilisées sous forme cuite à l’avance.
Elles cuisent dans le ThermoChef avec l’eau indiquée.

RÈGLE DE CUISSON DE LA BASE

Gnocchis frais à poêler : cuisson courte au Thermogrill avec un peu d’eau et de crème. Le jambon de pays est ajouté en finition.","Coupez le jambon de pays en fines lanières et gardez-le à part.
Préparez les gnocchis.
Coupez le chou romanesco en très petits bouquets.
Coupez les tomates cerises en deux et rincez la roquette.

MISE EN PLACE DANS LA CUVE

Mettez les gnocchis, le chou romanesco, les tomates cerises, la crème et l’eau dans la cuve. Mélangez. Gardez le jambon et la roquette pour la finition.

PROGRAMMATION THERMOCHEF

Fermez le couvercle.
Sélectionnez le menu Thermogrill.
Réglez le minuteur sur 10 minutes.
Appuyez sur Cuisiner.
Réglez la puissance sur 2.
Laissez le programme aller jusqu’à la fin.
Ouvrez avec prudence.

FINITION

À la fin, ouvrez avec prudence. Les gnocchis doivent être tendres. Ajoutez le jambon de pays, la roquette et l’herbe choisie. Mélangez doucement avec la chaleur du plat.

SERVICE

Servez chaud. La roquette tombe légèrement et le jambon garde sa texture.

POINT DE CONTRÔLE AVANT SERVICE

La garniture doit être cuite et tendre.
La base sèche, quand il y en a une, doit être tendre sous la dent.
Le jambon de pays doit être seulement réchauffé par la chaleur du plat.
Il doit rester souple et ne doit pas sécher.
Si la préparation paraît trop sèche, ajoutez 1 cuillère à soupe d’eau chaude, environ 15 millilitres, soit 15 grammes, puis mélangez seulement la garniture.
Goûtez toujours avant d’ajouter du sel.

RÉSUMÉ SIMPLE

On coupe le jambon de pays en fines lanières.
On garde le jambon à part.
On ne sale pas au départ.
On prépare la garniture ou la base sèche.
On lance la cuisson ThermoChef.
On ouvre avec prudence.
On ajoute le jambon seulement à la fin.
On mélange doucement.
On goûte avant toute correction d’assaisonnement.
Le plat est prêt à être servi chaud."
Jambon de pays riz noir cru chou-rave fèves et crème citronnée façon ThermoChef,https://30minutesparjour.com/recettes-audio/fr/jambon%20de%20pays%20excellence/jambon%20de%20pays%20riz%20noir%20cru%20chou-rave%20feves%20et%20creme%20citronnee%20facon%20ThermoChef.mp3,Jambon de pays excellence,"120 grammes de jambon de pays coupé en fines lanières.
1 mesurette ThermoChef de riz noir cru, environ 140 à 150 grammes.
1 mesurette et demie ThermoChef d’eau, 240 millilitres, environ 240 grammes.
180 grammes de chou-rave râpé.
140 grammes de fèves pelées.
2 cuillères à soupe de crème liquide ou végétale, environ 30 grammes.
quelques gouttes de citron à la fin, persil ou ciboulette.",407,"Aujourd’hui, nous préparons jambon de pays riz noir cru chou-rave fèves et crème citronnée façon ThermoChef.

Cette recette est prévue pour 2 personnes.

RÈGLE IMPORTANTE POUR LE JAMBON DE PAYS

Le jambon de pays est un produit prêt à consommer.
Il est naturellement salé et peut sécher rapidement s’il chauffe trop longtemps.
On le coupe en fines lanières ou en petits morceaux.
On le garde à part pendant la cuisson de la garniture ou de la base sèche.
Gardez le jambon à part jusqu’à la finition.
On l’ajoute seulement en finition, avec la chaleur de la préparation.
On mélange doucement pour garder une texture souple.
On ne sale jamais au départ.
Les bases sèches ne sont pas utilisées sous forme cuite à l’avance.
Elles cuisent dans le ThermoChef avec l’eau indiquée.

RÈGLE DE CUISSON DE LA BASE

Riz noir : 1 mesurette ThermoChef, environ 140 à 150 grammes, avec 1 mesurette et demie d’eau, 240 millilitres, environ 240 grammes. Si le paquet indique 40 à 45 minutes, utiliser le menu Légumes secs environ 15 minutes. Le jambon de pays est ajouté en finition.","Coupez le jambon de pays en fines lanières et gardez-le à part.
Rincez le riz noir si votre paquet le conseille.
Mesurez le riz noir et l’eau.
Râpez le chou-rave et préparez les fèves.

MISE EN PLACE DANS LA CUVE

Mettez le riz noir cru et l’eau dans la cuve. Ajoutez le chou-rave, les fèves et la crème. Mélangez. Le riz noir doit cuire dans le ThermoChef. Gardez le jambon pour la finition. Vérifiez le petit piston de sécurité.
Vérifiez que rien ne dépasse trop haut dans la cuve.
Vérifiez aussi qu’aucun morceau d’aliment ne risque de bloquer le petit piston de sécurité sous le couvercle.

PROGRAMMATION THERMOCHEF

Fermez le couvercle.
Sélectionnez le menu Légumes secs.
Réglez le temps sur 15 minutes.
Appuyez sur Cuisiner.
Laissez le programme aller jusqu’à la fin.
Attendez que la sécurité autorise l’ouverture.
N’essayez jamais de forcer le couvercle.
Ouvrez avec prudence.

FINITION

À la fin du menu Légumes secs, attendez que la sécurité autorise l’ouverture. Ouvrez avec prudence. Le riz noir doit être tendre sous la dent. Ajoutez le jambon de pays, le citron et l’herbe choisie. Mélangez doucement.

SERVICE

Servez chaud. Le riz noir donne une base ferme et parfumée.

POINT DE CONTRÔLE AVANT SERVICE

La garniture doit être cuite et tendre.
La base sèche, quand il y en a une, doit être tendre sous la dent.
Le jambon de pays doit être seulement réchauffé par la chaleur du plat.
Il doit rester souple et ne doit pas sécher.
Si la préparation paraît trop sèche, ajoutez 1 cuillère à soupe d’eau chaude, environ 15 millilitres, soit 15 grammes, puis mélangez seulement la garniture.
Goûtez toujours avant d’ajouter du sel.

RÉSUMÉ SIMPLE

On coupe le jambon de pays en fines lanières.
On garde le jambon à part.
On ne sale pas au départ.
On prépare la garniture ou la base sèche.
On lance la cuisson ThermoChef.
On ouvre avec prudence.
On ajoute le jambon seulement à la fin.
On mélange doucement.
On goûte avant toute correction d’assaisonnement.
Le plat est prêt à être servi chaud."
Jambon de pays polenta crémeuse maïs haricots plats et estragon façon ThermoChef,https://30minutesparjour.com/recettes-audio/fr/jambon%20de%20pays%20excellence/jambon%20de%20pays%20polenta%20cremeuse%20mais%20haricots%20plats%20et%20estragon%20facon%20ThermoChef.mp3,Jambon de pays excellence,"120 grammes de jambon de pays coupé en fines lanières.
90 grammes de polenta instantanée.
420 millilitres d’eau, environ 420 grammes.
100 grammes de maïs égoutté.
160 grammes de haricots plats coupés en petits tronçons.
1 cuillère à soupe de crème liquide ou végétale, environ 15 grammes.
estragon ou persil, poivre, aucun sel au départ.",408,"Aujourd’hui, nous préparons jambon de pays polenta crémeuse maïs haricots plats et estragon façon ThermoChef.

Cette recette est prévue pour 2 personnes.

RÈGLE IMPORTANTE POUR LE JAMBON DE PAYS

Le jambon de pays est un produit prêt à consommer.
Il est naturellement salé et peut sécher rapidement s’il chauffe trop longtemps.
On le coupe en fines lanières ou en petits morceaux.
On le garde à part pendant la cuisson de la garniture ou de la base sèche.
Gardez le jambon à part jusqu’à la finition.
On l’ajoute seulement en finition, avec la chaleur de la préparation.
On mélange doucement pour garder une texture souple.
On ne sale jamais au départ.
Les bases sèches ne sont pas utilisées sous forme cuite à l’avance.
Elles cuisent dans le ThermoChef avec l’eau indiquée.

RÈGLE DE CUISSON DE LA BASE

Polenta instantanée : 90 grammes avec 420 millilitres d’eau, environ 420 grammes. Mélanger soigneusement avant cuisson pour éviter les paquets secs. Le jambon de pays est ajouté en finition.","Coupez le jambon de pays en fines lanières et gardez-le à part.
Pesez la polenta et mesurez l’eau.
Égouttez le maïs.
Coupez les haricots plats en petits tronçons.

MISE EN PLACE DANS LA CUVE

Mettez l’eau, la polenta, le maïs, les haricots plats et la crème dans la cuve. Mélangez très soigneusement pour éviter les paquets secs. Gardez le jambon pour la finition.

PROGRAMMATION THERMOCHEF

Fermez le couvercle.
Sélectionnez le menu Thermogrill.
Réglez le minuteur sur 12 minutes.
Appuyez sur Cuisiner.
Réglez la puissance sur 2.
Laissez le programme aller jusqu’à la fin.
Ouvrez avec prudence.

FINITION

À la fin, ouvrez avec prudence. La polenta doit être crémeuse. Ajoutez le jambon de pays et l’estragon ou le persil. Mélangez doucement.

SERVICE

Servez chaud. La polenta crémeuse adoucit le jambon de pays.

POINT DE CONTRÔLE AVANT SERVICE

La garniture doit être cuite et tendre.
La base sèche, quand il y en a une, doit être tendre sous la dent.
Le jambon de pays doit être seulement réchauffé par la chaleur du plat.
Il doit rester souple et ne doit pas sécher.
Si la préparation paraît trop sèche, ajoutez 1 cuillère à soupe d’eau chaude, environ 15 millilitres, soit 15 grammes, puis mélangez seulement la garniture.
Goûtez toujours avant d’ajouter du sel.

RÉSUMÉ SIMPLE

On coupe le jambon de pays en fines lanières.
On garde le jambon à part.
On ne sale pas au départ.
On prépare la garniture ou la base sèche.
On lance la cuisson ThermoChef.
On ouvre avec prudence.
On ajoute le jambon seulement à la fin.
On mélange doucement.
On goûte avant toute correction d’assaisonnement.
Le plat est prêt à être servi chaud."
Jambon de pays pois cassés endives orange et crème douce façon ThermoChef,https://30minutesparjour.com/recettes-audio/fr/jambon%20de%20pays%20excellence/jambon%20de%20pays%2C%20pois%20casses%2C%20endives%2C%20orange%20et%20creme%20douce%20facon%20ThermoChef.mp3,Jambon de pays excellence,"120 à 150 grammes de jambon de pays coupé en lanières épaisses.
1 mesurette ThermoChef de pois cassés secs, environ 120 grammes.
2 mesurettes et demie ThermoChef d’eau, 400 millilitres, environ 400 grammes.
2 endives émincées finement.
80 grammes d’orange coupée en petits morceaux, ajoutée en finition.
2 cuillères à soupe de crème liquide ou végétale, environ 30 grammes.
Persil ou aneth.
Poivre.
Sel seulement si nécessaire après dégustation.",409,"Aujourd’hui, nous préparons jambon de pays, pois cassés, endives, orange et crème douce façon ThermoChef.

Cette recette est prévue pour 2 personnes.

RÈGLE IMPORTANTE POUR LE JAMBON DE PAYS

Le jambon de pays est un produit salé et riche en goût.
Il peut cuire avec les aliments lorsque la recette est cohérente.
Il apporte l’assaisonnement principal.
Ne salez pas au départ.
Goûtez seulement à la fin avant d’ajouter du sel.
Coupez-le en lanières ou en morceaux pas trop petits pour qu’il reste présent dans la préparation.

RÈGLE IMPORTANTE POUR LES POIS CASSÉS

Les pois cassés sont utilisés secs.
Pour 1 mesurette ThermoChef de pois cassés secs, environ 120 grammes, utilisez 2 mesurettes et demie d’eau, soit 400 millilitres, environ 400 grammes.
Le temps de référence est 10 minutes sur le menu Légumes secs.
Si votre version du ThermoChef demande une puissance sur ce menu, réglez sur 3.
Après cuisson, laissez reposer 5 minutes couvercle fermé si vous souhaitez une texture plus fondante.
La correction principale est l’eau et le repos, pas l’allongement direct du temps.","Coupez le jambon de pays en lanières épaisses.
Rincez les pois cassés si votre paquet le conseille.
Mesurez les pois cassés et l’eau avec précision.
Émincez les endives finement.
Coupez l’orange en petits morceaux et gardez-la pour la finition.
Préparez la crème et l’herbe choisie.

MISE EN PLACE DANS LA CUVE

Mettez les pois cassés secs dans la cuve.
Ajoutez l’eau.
Ajoutez les endives.
Ajoutez le jambon de pays.
Ajoutez la crème.
Mélangez pour répartir les pois cassés dans l’eau.
Ne salez pas au départ.
Vérifiez que le petit piston de sécurité reste libre.

PROGRAMMATION THERMOCHEF

Fermez le couvercle.
Sélectionnez le menu Légumes secs.
Réglez le temps sur 10 minutes.
Appuyez sur Cuisiner.
Si votre version du ThermoChef demande une puissance sur ce menu, réglez sur 3.
Laissez le programme aller jusqu’à la fin.
Attendez que la sécurité autorise l’ouverture.
N’essayez jamais de forcer le couvercle.
Laissez reposer 5 minutes couvercle fermé si vous souhaitez une texture plus fondante.
Ouvrez avec prudence.

FINITION

Vérifiez que les pois cassés sont tendres.
Le jambon de pays doit être chaud et bien intégré à la préparation.
Ajoutez l’orange et l’herbe choisie.
Mélangez doucement.
Goûtez avant d’ajouter du sel ou du poivre.

SERVICE

Servez chaud.
Les pois cassés donnent une base fondante.
Le jambon de pays apporte le goût principal.
L’orange ajoute une finition fraîche.

POINT DE CONTRÔLE AVANT SERVICE

Les pois cassés doivent être tendres.
Le jambon de pays doit être chaud.
La préparation ne doit pas être sèche.
Si certains pois cassés restent fermes, ajoutez une demi-mesurette ThermoChef d’eau chaude, soit 80 millilitres, environ 80 grammes, puis prolongez de 2 à 3 minutes.
Goûtez toujours avant d’ajouter du sel.

RÉSUMÉ SIMPLE

On coupe le jambon de pays en lanières.
On met les pois cassés, 400 millilitres d’eau, les endives, le jambon de pays et la crème dans la cuve.
On ne sale pas au départ.
On lance menu Légumes secs, 10 minutes.
On règle la puissance sur 3 seulement si l’appareil la demande.
On laisse reposer 5 minutes si besoin.
On ouvre avec prudence.
On ajoute l’orange et les herbes à la fin.
Le plat est prêt."
Lardons pommes de terre poireaux et crème moutardée façon ThermoChef,https://30minutesparjour.com/recettes-audio/fr/lardons%20excellence/lardons%20pommes%20de%20terre%20poireaux%20et%20creme%20moutardee%20facon%20ThermoChef.mp3,Lardons excellence,"150 grammes de lardons fumés ou nature.
300 grammes de pommes de terre coupées en petits dés.
2 poireaux moyens, environ 300 grammes préparés, émincés finement.
3 cuillères à soupe de crème liquide ou végétale, environ 45 grammes.
1 petite cuillère à café de moutarde douce, environ 5 grammes.
3 cuillères à soupe d’eau, 45 millilitres, environ 45 grammes.
persil, poivre, aucun sel au départ.",410,"Aujourd’hui, nous préparons lardons pommes de terre poireaux et crème moutardée façon ThermoChef.

Cette recette est prévue pour 2 personnes.

RÈGLE IMPORTANTE POUR LES LARDONS

Les lardons sont souvent fumés, assaisonnés et naturellement salés.
On ne sale jamais au départ.
On les fait revenir brièvement au début quand la recette contient une base longue ou une garniture humide.
Cette courte première cuisson permet de parfumer la préparation.
Si vos lardons sont crus, ils doivent être cuits et bien chauds.
Si vos lardons sont vendus cuits ou fumés, ils doivent être bien chauds.
Les bases sèches ne sont pas utilisées sous forme cuite à l’avance.
Elles cuisent dans le ThermoChef avec l’eau indiquée.","Préparez les lardons et gardez-les en morceaux séparés.
Coupez les pommes de terre en petits dés réguliers.
Émincez les poireaux finement et rincez-les bien.
Préparez la crème, la moutarde, l’eau et le persil.

PREMIÈRE MISE EN PLACE DANS LA CUVE

Mettez les lardons dans la cuve pour une courte première cuisson. Cette étape permet de les faire revenir et de parfumer la suite de la recette. Ne salez pas.

PREMIÈRE PROGRAMMATION THERMOCHEF

Fermez le couvercle.
Sélectionnez le menu Thermogrill.
Réglez le minuteur sur 5 minutes.
Appuyez sur Cuisiner.
Réglez la puissance sur 3.
Laissez le programme aller jusqu’à la fin.
Ouvrez avec prudence.

DEUXIÈME MISE EN PLACE

Ouvrez avec prudence. Ajoutez les pommes de terre, les poireaux, la crème, la moutarde et l’eau. Mélangez bien.

DEUXIÈME PROGRAMMATION THERMOCHEF

Fermez le couvercle.
Sélectionnez le menu Thermogrill.
Réglez le minuteur sur 14 minutes.
Appuyez sur Cuisiner.
Réglez la puissance sur 3.
Laissez le programme aller jusqu’à la fin.
Ouvrez avec prudence.

FINITION

À la fin de la deuxième cuisson, ouvrez avec prudence. Les pommes de terre doivent être tendres et les lardons bien chauds. Ajoutez le persil. Goûtez avant toute correction d’assaisonnement.

SERVICE

Servez chaud. Les lardons apportent l’assaisonnement principal et la crème garde le plat moelleux.

POINT DE CONTRÔLE AVANT SERVICE

Les lardons doivent être bien chauds.
S’ils sont crus au départ, ils doivent être cuits.
La garniture doit être tendre.
La base sèche, quand il y en a une, doit être tendre sous la dent.
La sauce doit rester moelleuse.
Si la préparation paraît trop sèche, ajoutez 1 cuillère à soupe d’eau chaude, environ 15 millilitres, soit 15 grammes, puis mélangez doucement.
Goûtez toujours avant d’ajouter du sel.

RÉSUMÉ SIMPLE

On prépare les lardons.
On ne sale pas au départ.
On fait revenir les lardons brièvement si la recette le demande.
On ajoute la garniture ou la base sèche avec l’eau indiquée.
On lance le menu ThermoChef adapté.
On ne règle pas de puissance sur les menus Pâtes, Riz, Soupe ou Légumes secs.
On ouvre avec prudence.
On vérifie que la base est cuite.
On goûte avant toute correction d’assaisonnement.
Le plat est prêt à être servi chaud."
Lardons pâtes courtes courgette tomates et basilic façon ThermoChef,https://30minutesparjour.com/recettes-audio/fr/lardons%20excellence/lardons%20pates%20courtes%20courgette%20tomates%20et%20basilic%20facon%20ThermoChef..mp3,Lardons excellence,"150 grammes de lardons fumés ou nature.
2 mugs de pâtes courtes, environ 180 à 200 grammes.
2 mesurettes ThermoChef d’eau, 320 millilitres, environ 320 grammes.
1 courgette, environ 180 grammes, coupée en petits dés.
2 tomates moyennes, environ 240 grammes, coupées en petits dés.
1 cuillère à soupe de coulis de tomate, environ 15 grammes.
basilic ou persil, poivre, aucun sel au départ.",411,"Aujourd’hui, nous préparons lardons pâtes courtes courgette tomates et basilic façon ThermoChef.

Cette recette est prévue pour 2 personnes.

RÈGLE IMPORTANTE POUR LES LARDONS

Les lardons sont souvent fumés, assaisonnés et naturellement salés.
On ne sale jamais au départ.
On les fait revenir brièvement au début quand la recette contient une base longue ou une garniture humide.
Cette courte première cuisson permet de parfumer la préparation.
Si vos lardons sont crus, ils doivent être cuits et bien chauds.
Si vos lardons sont vendus cuits ou fumés, ils doivent être bien chauds.
Les bases sèches ne sont pas utilisées sous forme cuite à l’avance.
Elles cuisent dans le ThermoChef avec l’eau indiquée.

RÈGLE DE CUISSON DE LA BASE

Pâtes courtes : 2 mugs, environ 180 à 200 grammes, avec 2 mesurettes ThermoChef d’eau, 320 millilitres, environ 320 grammes. Choisir le menu Pâtes selon le temps indiqué sur le paquet.","Préparez les lardons.
Mesurez les pâtes et l’eau.
Coupez la courgette et les tomates en petits dés.
Préparez le coulis et l’herbe choisie.

PREMIÈRE MISE EN PLACE DANS LA CUVE

Mettez les lardons dans la cuve pour une courte première cuisson. Ne salez pas.

PREMIÈRE PROGRAMMATION THERMOCHEF

Fermez le couvercle.
Sélectionnez le menu Thermogrill.
Réglez le minuteur sur 5 minutes.
Appuyez sur Cuisiner.
Réglez la puissance sur 3.
Laissez le programme aller jusqu’à la fin.
Ouvrez avec prudence.

DEUXIÈME MISE EN PLACE

Ouvrez avec prudence. Ajoutez les pâtes, l’eau, la courgette, les tomates et le coulis. Mélangez pour que les pâtes soient au contact du liquide.
Vérifiez que rien ne dépasse trop haut dans la cuve.
Vérifiez aussi qu’aucun morceau d’aliment ne risque de bloquer le petit piston de sécurité sous le couvercle.

DEUXIÈME PROGRAMMATION THERMOCHEF

Fermez le couvercle.
Sélectionnez le menu Pâtes.
Choisissez mode adapté au temps indiqué sur le paquet.
Appuyez sur Cuisiner.
Laissez le programme aller jusqu’à la fin.
Attendez que la sécurité autorise l’ouverture.
N’essayez jamais de forcer le couvercle.
Ouvrez avec prudence.

FINITION

À la fin du menu Pâtes, attendez que la sécurité autorise l’ouverture. Ouvrez avec prudence. Les pâtes doivent être tendres et les lardons bien chauds. Ajoutez le basilic ou le persil.

SERVICE

Servez chaud. Les pâtes absorbent la tomate et le goût des lardons.

POINT DE CONTRÔLE AVANT SERVICE

Les lardons doivent être bien chauds.
S’ils sont crus au départ, ils doivent être cuits.
La garniture doit être tendre.
La base sèche, quand il y en a une, doit être tendre sous la dent.
La sauce doit rester moelleuse.
Si la préparation paraît trop sèche, ajoutez 1 cuillère à soupe d’eau chaude, environ 15 millilitres, soit 15 grammes, puis mélangez doucement.
Goûtez toujours avant d’ajouter du sel.

RÉSUMÉ SIMPLE

On prépare les lardons.
On ne sale pas au départ.
On fait revenir les lardons brièvement si la recette le demande.
On ajoute la garniture ou la base sèche avec l’eau indiquée.
On lance le menu ThermoChef adapté.
On ne règle pas de puissance sur les menus Pâtes, Riz, Soupe ou Légumes secs.
On ouvre avec prudence.
On vérifie que la base est cuite.
On goûte avant toute correction d’assaisonnement.
Le plat est prêt à être servi chaud."
Lardons lentilles vertes carotte céleri et laurier façon ThermoChef,https://30minutesparjour.com/recettes-audio/fr/lardons%20excellence/lardons%20lentilles%20vertes%20carotte%20celeri%20et%20laurier%20facon%20ThermoChef.mp3,Lardons excellence,"150 grammes de lardons fumés ou nature.
1 mesurette ThermoChef de lentilles vertes sèches, environ 120 grammes.
1 mesurette et demie ThermoChef d’eau, 240 millilitres, environ 240 grammes.
1 carotte, environ 100 grammes, coupée en petits dés.
100 grammes de céleri branche ou céleri-rave coupé très finement.
1 échalote émincée finement.
1 feuille de laurier, poivre, aucun sel au départ.",412,"Aujourd’hui, nous préparons lardons lentilles vertes carotte céleri et laurier façon ThermoChef.

Cette recette est prévue pour 2 personnes.

RÈGLE IMPORTANTE POUR LES LARDONS

Les lardons sont souvent fumés, assaisonnés et naturellement salés.
On ne sale jamais au départ.
On les fait revenir brièvement au début quand la recette contient une base longue ou une garniture humide.
Cette courte première cuisson permet de parfumer la préparation.
Si vos lardons sont crus, ils doivent être cuits et bien chauds.
Si vos lardons sont vendus cuits ou fumés, ils doivent être bien chauds.
Les bases sèches ne sont pas utilisées sous forme cuite à l’avance.
Elles cuisent dans le ThermoChef avec l’eau indiquée.

RÈGLE DE CUISSON DE LA BASE

Lentilles vertes sèches : 1 mesurette ThermoChef, environ 120 grammes, avec 1 mesurette et demie d’eau, 240 millilitres, environ 240 grammes. Si le paquet indique environ 30 minutes, utiliser le menu Légumes secs environ 10 minutes.","Préparez les lardons.
Rincez les lentilles vertes.
Mesurez les lentilles et l’eau.
Préparez la carotte, le céleri, l’échalote et le laurier.

PREMIÈRE MISE EN PLACE DANS LA CUVE

Mettez les lardons dans la cuve pour une courte première cuisson. Ne salez pas.

PREMIÈRE PROGRAMMATION THERMOCHEF

Fermez le couvercle.
Sélectionnez le menu Thermogrill.
Réglez le minuteur sur 5 minutes.
Appuyez sur Cuisiner.
Réglez la puissance sur 3.
Laissez le programme aller jusqu’à la fin.
Ouvrez avec prudence.

DEUXIÈME MISE EN PLACE

Ouvrez avec prudence. Ajoutez les lentilles vertes, l’eau, la carotte, le céleri, l’échalote et le laurier. Mélangez. Les lentilles doivent cuire dans le ThermoChef.
Vérifiez que rien ne dépasse trop haut dans la cuve.
Vérifiez aussi qu’aucun morceau d’aliment ne risque de bloquer le petit piston de sécurité sous le couvercle.

DEUXIÈME PROGRAMMATION THERMOCHEF

Fermez le couvercle.
Sélectionnez le menu Légumes secs.
Réglez le temps sur 10 minutes.
Appuyez sur Cuisiner.
Laissez le programme aller jusqu’à la fin.
Attendez que la sécurité autorise l’ouverture.
N’essayez jamais de forcer le couvercle.
Ouvrez avec prudence.

FINITION

À la fin du menu Légumes secs, attendez que la sécurité autorise l’ouverture. Ouvrez avec prudence. Les lentilles doivent être tendres et les lardons chauds. Retirez le laurier.

SERVICE

Servez chaud. Les lentilles prennent le goût des lardons sans ajout de sel au départ.

POINT DE CONTRÔLE AVANT SERVICE

Les lardons doivent être bien chauds.
S’ils sont crus au départ, ils doivent être cuits.
La garniture doit être tendre.
La base sèche, quand il y en a une, doit être tendre sous la dent.
La sauce doit rester moelleuse.
Si la préparation paraît trop sèche, ajoutez 1 cuillère à soupe d’eau chaude, environ 15 millilitres, soit 15 grammes, puis mélangez doucement.
Goûtez toujours avant d’ajouter du sel.

RÉSUMÉ SIMPLE

On prépare les lardons.
On ne sale pas au départ.
On fait revenir les lardons brièvement si la recette le demande.
On ajoute la garniture ou la base sèche avec l’eau indiquée.
On lance le menu ThermoChef adapté.
On ne règle pas de puissance sur les menus Pâtes, Riz, Soupe ou Légumes secs.
On ouvre avec prudence.
On vérifie que la base est cuite.
On goûte avant toute correction d’assaisonnement.
Le plat est prêt à être servi chaud."
Lardons chou-fleur râpé carottes petits pois et crème persillée façon ThermoChef,https://30minutesparjour.com/recettes-audio/fr/lardons%20excellence/lardons%20chou-fleur%20rape%20carottes%20petits%20pois%20et%20creme%20persillee%20facon%20ThermoChef.mp3,Lardons excellence,"150 grammes de lardons fumés ou nature.
260 grammes de chou-fleur râpé comme une semoule grossière.
2 carottes, environ 200 grammes, râpées.
120 grammes de petits pois.
3 cuillères à soupe de crème liquide ou végétale, environ 45 grammes.
2 cuillères à soupe d’eau, 30 millilitres, environ 30 grammes.
persil ou ciboulette, poivre, aucun sel au départ.",413,"Aujourd’hui, nous préparons lardons chou-fleur râpé carottes petits pois et crème persillée façon ThermoChef.

Cette recette est prévue pour 2 personnes.

RÈGLE IMPORTANTE POUR LES LARDONS

Les lardons sont souvent fumés, assaisonnés et naturellement salés.
On ne sale jamais au départ.
On les fait revenir brièvement au début quand la recette contient une base longue ou une garniture humide.
Cette courte première cuisson permet de parfumer la préparation.
Si vos lardons sont crus, ils doivent être cuits et bien chauds.
Si vos lardons sont vendus cuits ou fumés, ils doivent être bien chauds.
Les bases sèches ne sont pas utilisées sous forme cuite à l’avance.
Elles cuisent dans le ThermoChef avec l’eau indiquée.","Préparez les lardons.
Râpez le chou-fleur et les carottes.
Préparez les petits pois.
Préparez la crème, l’eau et l’herbe choisie.

PREMIÈRE MISE EN PLACE DANS LA CUVE

Mettez les lardons dans la cuve pour une courte première cuisson. Ne salez pas.

PREMIÈRE PROGRAMMATION THERMOCHEF

Fermez le couvercle.
Sélectionnez le menu Thermogrill.
Réglez le minuteur sur 5 minutes.
Appuyez sur Cuisiner.
Réglez la puissance sur 3.
Laissez le programme aller jusqu’à la fin.
Ouvrez avec prudence.

DEUXIÈME MISE EN PLACE

Ouvrez avec prudence. Ajoutez le chou-fleur, les carottes, les petits pois, la crème et l’eau. Mélangez.

DEUXIÈME PROGRAMMATION THERMOCHEF

Fermez le couvercle.
Sélectionnez le menu Thermogrill.
Réglez le minuteur sur 11 minutes.
Appuyez sur Cuisiner.
Réglez la puissance sur 3.
Laissez le programme aller jusqu’à la fin.
Ouvrez avec prudence.

FINITION

À la fin de la deuxième cuisson, ouvrez avec prudence. Les légumes doivent être tendres et les lardons bien chauds. Ajoutez l’herbe choisie.

SERVICE

Servez chaud. Le chou-fleur râpé donne une base légère.

POINT DE CONTRÔLE AVANT SERVICE

Les lardons doivent être bien chauds.
S’ils sont crus au départ, ils doivent être cuits.
La garniture doit être tendre.
La base sèche, quand il y en a une, doit être tendre sous la dent.
La sauce doit rester moelleuse.
Si la préparation paraît trop sèche, ajoutez 1 cuillère à soupe d’eau chaude, environ 15 millilitres, soit 15 grammes, puis mélangez doucement.
Goûtez toujours avant d’ajouter du sel.

RÉSUMÉ SIMPLE

On prépare les lardons.
On ne sale pas au départ.
On fait revenir les lardons brièvement si la recette le demande.
On ajoute la garniture ou la base sèche avec l’eau indiquée.
On lance le menu ThermoChef adapté.
On ne règle pas de puissance sur les menus Pâtes, Riz, Soupe ou Légumes secs.
On ouvre avec prudence.
On vérifie que la base est cuite.
On goûte avant toute correction d’assaisonnement.
Le plat est prêt à être servi chaud."
Lardons riz champignons épinards et crème douce façon ThermoChef,https://30minutesparjour.com/recettes-audio/fr/lardons%20excellence/lardons%20riz%20champignons%20epinards%20et%20creme%20douce%20facon%20ThermoChef.mp3,Lardons excellence,"150 grammes de lardons fumés ou nature.
1 mesurette ThermoChef de riz, environ 150 grammes.
1 mesurette et demie ThermoChef d’eau, 240 millilitres, environ 240 grammes.
180 grammes de champignons émincés.
150 grammes d’épinards frais ou surgelés bien égouttés.
2 cuillères à soupe de crème liquide ou végétale, environ 30 grammes.
persil, poivre, aucun sel au départ.",414,"Aujourd’hui, nous préparons lardons riz champignons épinards et crème douce façon ThermoChef.

Cette recette est prévue pour 2 personnes.

RÈGLE IMPORTANTE POUR LES LARDONS

Les lardons sont souvent fumés, assaisonnés et naturellement salés.
On ne sale jamais au départ.
On les fait revenir brièvement au début quand la recette contient une base longue ou une garniture humide.
Cette courte première cuisson permet de parfumer la préparation.
Si vos lardons sont crus, ils doivent être cuits et bien chauds.
Si vos lardons sont vendus cuits ou fumés, ils doivent être bien chauds.
Les bases sèches ne sont pas utilisées sous forme cuite à l’avance.
Elles cuisent dans le ThermoChef avec l’eau indiquée.

RÈGLE DE CUISSON DE LA BASE

Riz : 1 mesurette ThermoChef de riz, environ 150 grammes, avec 1 mesurette et demie d’eau, 240 millilitres, environ 240 grammes. Menu Riz mode 3, environ 13 à 14 minutes.","Préparez les lardons.
Mesurez le riz et l’eau.
Émincez les champignons.
Préparez les épinards et la crème.

PREMIÈRE MISE EN PLACE DANS LA CUVE

Mettez les lardons dans la cuve pour une courte première cuisson. Ne salez pas.

PREMIÈRE PROGRAMMATION THERMOCHEF

Fermez le couvercle.
Sélectionnez le menu Thermogrill.
Réglez le minuteur sur 5 minutes.
Appuyez sur Cuisiner.
Réglez la puissance sur 3.
Laissez le programme aller jusqu’à la fin.
Ouvrez avec prudence.

DEUXIÈME MISE EN PLACE

Ouvrez avec prudence. Ajoutez le riz, l’eau, les champignons, les épinards et la crème. Mélangez. Vérifiez le petit piston de sécurité sous le couvercle.
Vérifiez que rien ne dépasse trop haut dans la cuve.
Vérifiez aussi qu’aucun morceau d’aliment ne risque de bloquer le petit piston de sécurité sous le couvercle.

DEUXIÈME PROGRAMMATION THERMOCHEF

Fermez le couvercle.
Sélectionnez le menu Riz.
Choisissez mode 3, environ 13 à 14 minutes.
Appuyez sur Cuisiner.
Laissez le programme aller jusqu’à la fin.
Attendez que la sécurité autorise l’ouverture.
N’essayez jamais de forcer le couvercle.
Ouvrez avec prudence.

FINITION

À la fin du menu Riz, attendez que la sécurité autorise l’ouverture. Ouvrez avec prudence. Le riz doit être tendre et les lardons chauds. Ajoutez le persil.

SERVICE

Servez chaud. Le riz devient moelleux avec la crème et les champignons.

POINT DE CONTRÔLE AVANT SERVICE

Les lardons doivent être bien chauds.
S’ils sont crus au départ, ils doivent être cuits.
La garniture doit être tendre.
La base sèche, quand il y en a une, doit être tendre sous la dent.
La sauce doit rester moelleuse.
Si la préparation paraît trop sèche, ajoutez 1 cuillère à soupe d’eau chaude, environ 15 millilitres, soit 15 grammes, puis mélangez doucement.
Goûtez toujours avant d’ajouter du sel.

RÉSUMÉ SIMPLE

On prépare les lardons.
On ne sale pas au départ.
On fait revenir les lardons brièvement si la recette le demande.
On ajoute la garniture ou la base sèche avec l’eau indiquée.
On lance le menu ThermoChef adapté.
On ne règle pas de puissance sur les menus Pâtes, Riz, Soupe ou Légumes secs.
On ouvre avec prudence.
On vérifie que la base est cuite.
On goûte avant toute correction d’assaisonnement.
Le plat est prêt à être servi chaud."
Lardons patate douce chou vert carotte et crème paprika doux façon ThermoChef,https://30minutesparjour.com/recettes-audio/fr/lardons%20excellence/lardons%20patate%20douce%20chou%20vert%20carotte%20et%20creme%20paprika%20doux%20facon%20ThermoChef.mp3,Lardons excellence,"150 grammes de lardons fumés ou nature.
260 grammes de patate douce râpée.
220 grammes de chou vert émincé très finement.
1 carotte, environ 100 grammes, râpée.
3 cuillères à soupe de crème liquide ou végétale, environ 45 grammes.
2 cuillères à soupe d’eau, 30 millilitres, environ 30 grammes.
1 petite pincée de paprika doux, poivre, aucun sel au départ.",415,"Aujourd’hui, nous préparons lardons patate douce chou vert carotte et crème paprika doux façon ThermoChef.

Cette recette est prévue pour 2 personnes.

RÈGLE IMPORTANTE POUR LES LARDONS

Les lardons sont souvent fumés, assaisonnés et naturellement salés.
On ne sale jamais au départ.
On les fait revenir brièvement au début quand la recette contient une base longue ou une garniture humide.
Cette courte première cuisson permet de parfumer la préparation.
Si vos lardons sont crus, ils doivent être cuits et bien chauds.
Si vos lardons sont vendus cuits ou fumés, ils doivent être bien chauds.
Les bases sèches ne sont pas utilisées sous forme cuite à l’avance.
Elles cuisent dans le ThermoChef avec l’eau indiquée.","Préparez les lardons.
Râpez la patate douce et la carotte.
Émincez le chou vert très finement.
Préparez la crème, l’eau et le paprika.

PREMIÈRE MISE EN PLACE DANS LA CUVE

Mettez les lardons dans la cuve pour une courte première cuisson. Ne salez pas.

PREMIÈRE PROGRAMMATION THERMOCHEF

Fermez le couvercle.
Sélectionnez le menu Thermogrill.
Réglez le minuteur sur 5 minutes.
Appuyez sur Cuisiner.
Réglez la puissance sur 3.
Laissez le programme aller jusqu’à la fin.
Ouvrez avec prudence.

DEUXIÈME MISE EN PLACE

Ouvrez avec prudence. Ajoutez la patate douce, le chou vert, la carotte, la crème, l’eau et le paprika. Mélangez.

DEUXIÈME PROGRAMMATION THERMOCHEF

Fermez le couvercle.
Sélectionnez le menu Thermogrill.
Réglez le minuteur sur 14 minutes.
Appuyez sur Cuisiner.
Réglez la puissance sur 3.
Laissez le programme aller jusqu’à la fin.
Ouvrez avec prudence.

FINITION

À la fin de la deuxième cuisson, ouvrez avec prudence. Le chou doit être tendre et les lardons chauds. Goûtez avant toute correction d’assaisonnement.

SERVICE

Servez chaud. La patate douce adoucit le goût fumé des lardons.

POINT DE CONTRÔLE AVANT SERVICE

Les lardons doivent être bien chauds.
S’ils sont crus au départ, ils doivent être cuits.
La garniture doit être tendre.
La base sèche, quand il y en a une, doit être tendre sous la dent.
La sauce doit rester moelleuse.
Si la préparation paraît trop sèche, ajoutez 1 cuillère à soupe d’eau chaude, environ 15 millilitres, soit 15 grammes, puis mélangez doucement.
Goûtez toujours avant d’ajouter du sel.

RÉSUMÉ SIMPLE

On prépare les lardons.
On ne sale pas au départ.
On fait revenir les lardons brièvement si la recette le demande.
On ajoute la garniture ou la base sèche avec l’eau indiquée.
On lance le menu ThermoChef adapté.
On ne règle pas de puissance sur les menus Pâtes, Riz, Soupe ou Légumes secs.
On ouvre avec prudence.
On vérifie que la base est cuite.
On goûte avant toute correction d’assaisonnement.
Le plat est prêt à être servi chaud."
Lardons haricots blancs carotte céleri-rave tomate et laurier façon ThermoChef,https://30minutesparjour.com/recettes-audio/fr/lardons%20excellence/lardons%20haricots%20blancs%20carotte%20celeri-rave%20tomate%20et%20laurier%20facon%20ThermoChef.mp3,Lardons excellence,"150 grammes de lardons fumés ou nature.
220 grammes de haricots blancs en conserve, égouttés.
1 carotte, environ 100 grammes, râpée.
180 grammes de céleri-rave râpé.
2 tomates moyennes, environ 240 grammes, coupées en petits dés.
2 cuillères à soupe d’eau, 30 millilitres, environ 30 grammes.
1 feuille de laurier, poivre, aucun sel au départ.",416,"Aujourd’hui, nous préparons lardons haricots blancs carotte céleri-rave tomate et laurier façon ThermoChef.

Cette recette est prévue pour 2 personnes.

RÈGLE IMPORTANTE POUR LES LARDONS

Les lardons sont souvent fumés, assaisonnés et naturellement salés.
On ne sale jamais au départ.
On les fait revenir brièvement au début quand la recette contient une base longue ou une garniture humide.
Cette courte première cuisson permet de parfumer la préparation.
Si vos lardons sont crus, ils doivent être cuits et bien chauds.
Si vos lardons sont vendus cuits ou fumés, ils doivent être bien chauds.
Les bases sèches ne sont pas utilisées sous forme cuite à l’avance.
Elles cuisent dans le ThermoChef avec l’eau indiquée.","Préparez les lardons.
Égouttez les haricots blancs.
Râpez la carotte et le céleri-rave.
Coupez les tomates en petits dés.

PREMIÈRE MISE EN PLACE DANS LA CUVE

Mettez les lardons dans la cuve pour une courte première cuisson. Ne salez pas.

PREMIÈRE PROGRAMMATION THERMOCHEF

Fermez le couvercle.
Sélectionnez le menu Thermogrill.
Réglez le minuteur sur 5 minutes.
Appuyez sur Cuisiner.
Réglez la puissance sur 3.
Laissez le programme aller jusqu’à la fin.
Ouvrez avec prudence.

DEUXIÈME MISE EN PLACE

Ouvrez avec prudence. Ajoutez les haricots blancs, la carotte, le céleri-rave, les tomates, l’eau et le laurier. Mélangez.

DEUXIÈME PROGRAMMATION THERMOCHEF

Fermez le couvercle.
Sélectionnez le menu Thermogrill.
Réglez le minuteur sur 12 minutes.
Appuyez sur Cuisiner.
Réglez la puissance sur 2.
Laissez le programme aller jusqu’à la fin.
Ouvrez avec prudence.

FINITION

À la fin de la deuxième cuisson, ouvrez avec prudence. La garniture doit être chaude et tendre. Retirez le laurier. Goûtez avant d’ajouter du sel.

SERVICE

Servez chaud. Les haricots blancs rendent le plat nourrissant.

POINT DE CONTRÔLE AVANT SERVICE

Les lardons doivent être bien chauds.
S’ils sont crus au départ, ils doivent être cuits.
La garniture doit être tendre.
La base sèche, quand il y en a une, doit être tendre sous la dent.
La sauce doit rester moelleuse.
Si la préparation paraît trop sèche, ajoutez 1 cuillère à soupe d’eau chaude, environ 15 millilitres, soit 15 grammes, puis mélangez doucement.
Goûtez toujours avant d’ajouter du sel.

RÉSUMÉ SIMPLE

On prépare les lardons.
On ne sale pas au départ.
On fait revenir les lardons brièvement si la recette le demande.
On ajoute la garniture ou la base sèche avec l’eau indiquée.
On lance le menu ThermoChef adapté.
On ne règle pas de puissance sur les menus Pâtes, Riz, Soupe ou Légumes secs.
On ouvre avec prudence.
On vérifie que la base est cuite.
On goûte avant toute correction d’assaisonnement.
Le plat est prêt à être servi chaud."
Lardons boulgour aubergine poivron tomate et paprika doux façon ThermoChef,https://30minutesparjour.com/recettes-audio/fr/lardons%20excellence/lardons%20boulgour%20aubergine%20poivron%20tomate%20et%20paprika%20doux%20facon%20ThermoChef.mp3,Lardons excellence,"150 grammes de lardons fumés ou nature.
1 mesurette ThermoChef de boulgour, environ 103 grammes.
1 mesurette et demie ThermoChef d’eau, 240 millilitres, environ 240 grammes.
1 petite aubergine, environ 220 grammes, coupée en petits dés.
1 poivron rouge ou jaune, environ 120 grammes, coupé en petits dés.
2 tomates moyennes, environ 240 grammes, coupées en petits dés.
1 petite pincée de paprika doux, poivre, aucun sel au départ.",417,"Aujourd’hui, nous préparons lardons boulgour aubergine poivron tomate et paprika doux façon ThermoChef.

Cette recette est prévue pour 2 personnes.

RÈGLE IMPORTANTE POUR LES LARDONS

Les lardons sont souvent fumés, assaisonnés et naturellement salés.
On ne sale jamais au départ.
On les fait revenir brièvement au début quand la recette contient une base longue ou une garniture humide.
Cette courte première cuisson permet de parfumer la préparation.
Si vos lardons sont crus, ils doivent être cuits et bien chauds.
Si vos lardons sont vendus cuits ou fumés, ils doivent être bien chauds.
Les bases sèches ne sont pas utilisées sous forme cuite à l’avance.
Elles cuisent dans le ThermoChef avec l’eau indiquée.

RÈGLE DE CUISSON DE LA BASE

Boulgour : 1 mesurette ThermoChef, environ 103 grammes, avec 1 mesurette et demie d’eau, 240 millilitres, environ 240 grammes. Menu Pâtes 5 à 6 minutes.","Préparez les lardons.
Mesurez le boulgour et l’eau.
Coupez l’aubergine, le poivron et les tomates en petits dés.
Préparez le paprika.

PREMIÈRE MISE EN PLACE DANS LA CUVE

Mettez les lardons dans la cuve pour une courte première cuisson. Ne salez pas.

PREMIÈRE PROGRAMMATION THERMOCHEF

Fermez le couvercle.
Sélectionnez le menu Thermogrill.
Réglez le minuteur sur 5 minutes.
Appuyez sur Cuisiner.
Réglez la puissance sur 3.
Laissez le programme aller jusqu’à la fin.
Ouvrez avec prudence.

DEUXIÈME MISE EN PLACE

Ouvrez avec prudence. Ajoutez le boulgour, l’eau, l’aubergine, le poivron, les tomates et le paprika. Mélangez. Le boulgour doit cuire dans le ThermoChef.
Vérifiez que rien ne dépasse trop haut dans la cuve.
Vérifiez aussi qu’aucun morceau d’aliment ne risque de bloquer le petit piston de sécurité sous le couvercle.

DEUXIÈME PROGRAMMATION THERMOCHEF

Fermez le couvercle.
Sélectionnez le menu Pâtes.
Choisissez 5 à 6 minutes.
Appuyez sur Cuisiner.
Laissez le programme aller jusqu’à la fin.
Attendez que la sécurité autorise l’ouverture.
N’essayez jamais de forcer le couvercle.
Ouvrez avec prudence.

FINITION

À la fin du menu Pâtes, attendez que la sécurité autorise l’ouverture. Ouvrez avec prudence. Le boulgour doit être tendre et les lardons chauds.

SERVICE

Servez chaud. Le boulgour absorbe les jus des légumes et le goût des lardons.

POINT DE CONTRÔLE AVANT SERVICE

Les lardons doivent être bien chauds.
S’ils sont crus au départ, ils doivent être cuits.
La garniture doit être tendre.
La base sèche, quand il y en a une, doit être tendre sous la dent.
La sauce doit rester moelleuse.
Si la préparation paraît trop sèche, ajoutez 1 cuillère à soupe d’eau chaude, environ 15 millilitres, soit 15 grammes, puis mélangez doucement.
Goûtez toujours avant d’ajouter du sel.

RÉSUMÉ SIMPLE

On prépare les lardons.
On ne sale pas au départ.
On fait revenir les lardons brièvement si la recette le demande.
On ajoute la garniture ou la base sèche avec l’eau indiquée.
On lance le menu ThermoChef adapté.
On ne règle pas de puissance sur les menus Pâtes, Riz, Soupe ou Légumes secs.
On ouvre avec prudence.
On vérifie que la base est cuite.
On goûte avant toute correction d’assaisonnement.
Le plat est prêt à être servi chaud."
Lardons crozets potimarron épinards et crème fromage façon ThermoChef,https://30minutesparjour.com/recettes-audio/fr/lardons%20excellence/lardons%20crozets%20potimarron%20epinards%20et%20creme%20fromage%20facon%20ThermoChef.mp3,Lardons excellence,"150 grammes de lardons fumés ou nature.
2 mugs de crozets, environ 180 à 200 grammes.
2 mesurettes ThermoChef d’eau, 320 millilitres, environ 320 grammes.
220 grammes de potimarron râpé ou coupé en très petits dés.
150 grammes d’épinards frais ou surgelés bien égouttés.
2 cuillères à soupe de crème liquide, environ 30 grammes.
20 grammes de fromage râpé, poivre, aucun sel au départ.",418,"Aujourd’hui, nous préparons lardons crozets potimarron épinards et crème fromage façon ThermoChef.

Cette recette est prévue pour 2 personnes.

RÈGLE IMPORTANTE POUR LES LARDONS

Les lardons sont souvent fumés, assaisonnés et naturellement salés.
On ne sale jamais au départ.
On les fait revenir brièvement au début quand la recette contient une base longue ou une garniture humide.
Cette courte première cuisson permet de parfumer la préparation.
Si vos lardons sont crus, ils doivent être cuits et bien chauds.
Si vos lardons sont vendus cuits ou fumés, ils doivent être bien chauds.
Les bases sèches ne sont pas utilisées sous forme cuite à l’avance.
Elles cuisent dans le ThermoChef avec l’eau indiquée.

RÈGLE DE CUISSON DE LA BASE

Crozets : 2 mugs, environ 180 à 200 grammes, avec 2 mesurettes ThermoChef d’eau, 320 millilitres, environ 320 grammes. Choisir le menu Pâtes selon le temps indiqué sur le paquet. Si les crozets demandent plus de temps, contrôler et prolonger seulement si nécessaire.","Préparez les lardons.
Mesurez les crozets et l’eau.
Préparez le potimarron et les épinards.
Préparez la crème et le fromage.

PREMIÈRE MISE EN PLACE DANS LA CUVE

Mettez les lardons dans la cuve pour une courte première cuisson. Ne salez pas.

PREMIÈRE PROGRAMMATION THERMOCHEF

Fermez le couvercle.
Sélectionnez le menu Thermogrill.
Réglez le minuteur sur 5 minutes.
Appuyez sur Cuisiner.
Réglez la puissance sur 3.
Laissez le programme aller jusqu’à la fin.
Ouvrez avec prudence.

DEUXIÈME MISE EN PLACE

Ouvrez avec prudence. Ajoutez les crozets, l’eau, le potimarron, les épinards et la crème. Mélangez pour que les crozets soient bien au contact du liquide.
Vérifiez que rien ne dépasse trop haut dans la cuve.
Vérifiez aussi qu’aucun morceau d’aliment ne risque de bloquer le petit piston de sécurité sous le couvercle.

DEUXIÈME PROGRAMMATION THERMOCHEF

Fermez le couvercle.
Sélectionnez le menu Pâtes.
Choisissez mode adapté au temps indiqué sur le paquet.
Appuyez sur Cuisiner.
Laissez le programme aller jusqu’à la fin.
Attendez que la sécurité autorise l’ouverture.
N’essayez jamais de forcer le couvercle.
Ouvrez avec prudence.

FINITION

À la fin du menu Pâtes, attendez que la sécurité autorise l’ouverture. Ouvrez avec prudence. Les crozets doivent être tendres. Ajoutez le fromage et mélangez doucement.

SERVICE

Servez chaud. Les lardons et le fromage apportent assez d’assaisonnement ; goûtez avant toute correction.

POINT DE CONTRÔLE AVANT SERVICE

Les lardons doivent être bien chauds.
S’ils sont crus au départ, ils doivent être cuits.
La garniture doit être tendre.
La base sèche, quand il y en a une, doit être tendre sous la dent.
La sauce doit rester moelleuse.
Si la préparation paraît trop sèche, ajoutez 1 cuillère à soupe d’eau chaude, environ 15 millilitres, soit 15 grammes, puis mélangez doucement.
Goûtez toujours avant d’ajouter du sel.

RÉSUMÉ SIMPLE

On prépare les lardons.
On ne sale pas au départ.
On fait revenir les lardons brièvement si la recette le demande.
On ajoute la garniture ou la base sèche avec l’eau indiquée.
On lance le menu ThermoChef adapté.
On ne règle pas de puissance sur les menus Pâtes, Riz, Soupe ou Légumes secs.
On ouvre avec prudence.
On vérifie que la base est cuite.
On goûte avant toute correction d’assaisonnement.
Le plat est prêt à être servi chaud."
Lardons endives champignons pomme et crème moutardée façon ThermoChef,https://30minutesparjour.com/recettes-audio/fr/lardons%20excellence/lardons%20endives%20champignons%20pomme%20et%20creme%20moutardee%20facon%20ThermoChef.mp3,Lardons excellence,"150 grammes de lardons fumés ou nature.
3 endives émincées finement.
180 grammes de champignons émincés.
1 pomme, environ 140 grammes, coupée en petits dés.
3 cuillères à soupe de crème liquide ou végétale, environ 45 grammes.
1 petite cuillère à café de moutarde douce, environ 5 grammes.
2 cuillères à soupe d’eau, 30 millilitres, environ 30 grammes.",419,"Aujourd’hui, nous préparons lardons endives champignons pomme et crème moutardée façon ThermoChef.

Cette recette est prévue pour 2 personnes.

RÈGLE IMPORTANTE POUR LES LARDONS

Les lardons sont souvent fumés, assaisonnés et naturellement salés.
On ne sale jamais au départ.
On les fait revenir brièvement au début quand la recette contient une base longue ou une garniture humide.
Cette courte première cuisson permet de parfumer la préparation.
Si vos lardons sont crus, ils doivent être cuits et bien chauds.
Si vos lardons sont vendus cuits ou fumés, ils doivent être bien chauds.
Les bases sèches ne sont pas utilisées sous forme cuite à l’avance.
Elles cuisent dans le ThermoChef avec l’eau indiquée.","Préparez les lardons.
Émincez les endives et les champignons.
Coupez la pomme en petits dés.
Préparez la crème, la moutarde et l’eau.

PREMIÈRE MISE EN PLACE DANS LA CUVE

Mettez les lardons dans la cuve pour une courte première cuisson. Ne salez pas.

PREMIÈRE PROGRAMMATION THERMOCHEF

Fermez le couvercle.
Sélectionnez le menu Thermogrill.
Réglez le minuteur sur 5 minutes.
Appuyez sur Cuisiner.
Réglez la puissance sur 3.
Laissez le programme aller jusqu’à la fin.
Ouvrez avec prudence.

DEUXIÈME MISE EN PLACE

Ouvrez avec prudence. Ajoutez les endives, les champignons, la pomme, la crème, la moutarde et l’eau. Mélangez.

DEUXIÈME PROGRAMMATION THERMOCHEF

Fermez le couvercle.
Sélectionnez le menu Thermogrill.
Réglez le minuteur sur 12 minutes.
Appuyez sur Cuisiner.
Réglez la puissance sur 2.
Laissez le programme aller jusqu’à la fin.
Ouvrez avec prudence.

FINITION

À la fin de la deuxième cuisson, ouvrez avec prudence. Les endives doivent être tendres et les lardons chauds. Goûtez avant d’ajouter du sel.

SERVICE

Servez chaud. La pomme adoucit l’endive et équilibre les lardons.

POINT DE CONTRÔLE AVANT SERVICE

Les lardons doivent être bien chauds.
S’ils sont crus au départ, ils doivent être cuits.
La garniture doit être tendre.
La base sèche, quand il y en a une, doit être tendre sous la dent.
La sauce doit rester moelleuse.
Si la préparation paraît trop sèche, ajoutez 1 cuillère à soupe d’eau chaude, environ 15 millilitres, soit 15 grammes, puis mélangez doucement.
Goûtez toujours avant d’ajouter du sel.

RÉSUMÉ SIMPLE

On prépare les lardons.
On ne sale pas au départ.
On fait revenir les lardons brièvement si la recette le demande.
On ajoute la garniture ou la base sèche avec l’eau indiquée.
On lance le menu ThermoChef adapté.
On ne règle pas de puissance sur les menus Pâtes, Riz, Soupe ou Légumes secs.
On ouvre avec prudence.
On vérifie que la base est cuite.
On goûte avant toute correction d’assaisonnement.
Le plat est prêt à être servi chaud."
Lardons orge perlée crue artichauts tomates séchées et basilic façon ThermoChef,https://30minutesparjour.com/recettes-audio/fr/lardons%20excellence/lardons%20orge%20perlee%20crue%20artichauts%20tomates%20sechees%20et%20basilic%20facon%20ThermoChef..mp3,Lardons excellence,"150 grammes de lardons fumés ou nature.
1 mesurette ThermoChef d’orge perlée crue, environ 120 grammes.
1 mesurette et demie ThermoChef d’eau, 240 millilitres, environ 240 grammes.
140 grammes de fonds d’artichauts coupés en morceaux.
25 grammes de tomates séchées coupées finement.
2 cuillères à soupe de crème liquide ou végétale, environ 30 grammes.
basilic ou persil, poivre, aucun sel au départ.",420,"Aujourd’hui, nous préparons lardons orge perlée crue artichauts tomates séchées et basilic façon ThermoChef.

Cette recette est prévue pour 2 personnes.

RÈGLE IMPORTANTE POUR LES LARDONS

Les lardons sont souvent fumés, assaisonnés et naturellement salés.
On ne sale jamais au départ.
On les fait revenir brièvement au début quand la recette contient une base longue ou une garniture humide.
Cette courte première cuisson permet de parfumer la préparation.
Si vos lardons sont crus, ils doivent être cuits et bien chauds.
Si vos lardons sont vendus cuits ou fumés, ils doivent être bien chauds.
Les bases sèches ne sont pas utilisées sous forme cuite à l’avance.
Elles cuisent dans le ThermoChef avec l’eau indiquée.

RÈGLE DE CUISSON DE LA BASE

Orge perlée : 1 mesurette ThermoChef, environ 120 grammes, avec 1 mesurette et demie d’eau, 240 millilitres, environ 240 grammes. Temps paquet souvent 30 à 35 minutes ; menu Légumes secs 10 à 12 minutes selon paquet.","Préparez les lardons.
Rincez l’orge perlée si votre paquet le conseille.
Mesurez l’orge et l’eau.
Coupez les artichauts et les tomates séchées.

PREMIÈRE MISE EN PLACE DANS LA CUVE

Mettez les lardons dans la cuve pour une courte première cuisson. Ne salez pas.

PREMIÈRE PROGRAMMATION THERMOCHEF

Fermez le couvercle.
Sélectionnez le menu Thermogrill.
Réglez le minuteur sur 5 minutes.
Appuyez sur Cuisiner.
Réglez la puissance sur 3.
Laissez le programme aller jusqu’à la fin.
Ouvrez avec prudence.

DEUXIÈME MISE EN PLACE

Ouvrez avec prudence. Ajoutez l’orge perlée crue, l’eau, les artichauts, les tomates séchées et la crème. Mélangez. L’orge doit cuire dans le ThermoChef.
Vérifiez que rien ne dépasse trop haut dans la cuve.
Vérifiez aussi qu’aucun morceau d’aliment ne risque de bloquer le petit piston de sécurité sous le couvercle.

DEUXIÈME PROGRAMMATION THERMOCHEF

Fermez le couvercle.
Sélectionnez le menu Légumes secs.
Réglez le temps sur 12 minutes.
Appuyez sur Cuisiner.
Laissez le programme aller jusqu’à la fin.
Attendez que la sécurité autorise l’ouverture.
N’essayez jamais de forcer le couvercle.
Ouvrez avec prudence.

FINITION

À la fin du menu Légumes secs, attendez que la sécurité autorise l’ouverture. Ouvrez avec prudence. L’orge doit être tendre et les lardons chauds. Ajoutez l’herbe choisie.

SERVICE

Servez chaud. L’orge perlée donne une base ferme et nourrissante.

POINT DE CONTRÔLE AVANT SERVICE

Les lardons doivent être bien chauds.
S’ils sont crus au départ, ils doivent être cuits.
La garniture doit être tendre.
La base sèche, quand il y en a une, doit être tendre sous la dent.
La sauce doit rester moelleuse.
Si la préparation paraît trop sèche, ajoutez 1 cuillère à soupe d’eau chaude, environ 15 millilitres, soit 15 grammes, puis mélangez doucement.
Goûtez toujours avant d’ajouter du sel.

RÉSUMÉ SIMPLE

On prépare les lardons.
On ne sale pas au départ.
On fait revenir les lardons brièvement si la recette le demande.
On ajoute la garniture ou la base sèche avec l’eau indiquée.
On lance le menu ThermoChef adapté.
On ne règle pas de puissance sur les menus Pâtes, Riz, Soupe ou Légumes secs.
On ouvre avec prudence.
On vérifie que la base est cuite.
On goûte avant toute correction d’assaisonnement.
Le plat est prêt à être servi chaud."
Lardons gnocchis chou romanesco tomates cerises et sauge façon ThermoChef,https://30minutesparjour.com/recettes-audio/fr/lardons%20excellence/lardons%20gnocchis%20chou%20romanesco%20tomates%20cerises%20et%20sauge%20facon%20ThermoChef.mp3,Lardons excellence,"150 grammes de lardons fumés ou nature.
300 grammes de gnocchis frais à poêler.
160 grammes de chou romanesco en très petits bouquets.
120 grammes de tomates cerises coupées en deux.
2 cuillères à soupe de crème liquide ou végétale, environ 30 grammes.
2 cuillères à soupe d’eau, 30 millilitres, environ 30 grammes.
sauge ou persil, poivre, aucun sel au départ.",421,"Aujourd’hui, nous préparons lardons gnocchis chou romanesco tomates cerises et sauge façon ThermoChef.

Cette recette est prévue pour 2 personnes.

RÈGLE IMPORTANTE POUR LES LARDONS

Les lardons sont souvent fumés, assaisonnés et naturellement salés.
On ne sale jamais au départ.
On les fait revenir brièvement au début quand la recette contient une base longue ou une garniture humide.
Cette courte première cuisson permet de parfumer la préparation.
Si vos lardons sont crus, ils doivent être cuits et bien chauds.
Si vos lardons sont vendus cuits ou fumés, ils doivent être bien chauds.
Les bases sèches ne sont pas utilisées sous forme cuite à l’avance.
Elles cuisent dans le ThermoChef avec l’eau indiquée.

RÈGLE DE CUISSON DE LA BASE

Gnocchis frais à poêler : cuisson courte au Thermogrill avec un peu d’eau et de crème.","Préparez les lardons.
Préparez les gnocchis.
Coupez le chou romanesco en très petits bouquets.
Coupez les tomates cerises en deux.

MISE EN PLACE DANS LA CUVE

Mettez les gnocchis, le chou romanesco, les tomates cerises, la crème et l’eau dans la cuve. Ajoutez les lardons et mélangez. Ne salez pas.

PROGRAMMATION THERMOCHEF

Fermez le couvercle.
Sélectionnez le menu Thermogrill.
Réglez le minuteur sur 14 minutes.
Appuyez sur Cuisiner.
Réglez la puissance sur 3.
Laissez le programme aller jusqu’à la fin.
Ouvrez avec prudence.

FINITION

À la fin, ouvrez avec prudence. Les gnocchis doivent être tendres et les lardons bien chauds. Ajoutez la sauge ou le persil.

SERVICE

Servez chaud. Les gnocchis donnent une base moelleuse.

POINT DE CONTRÔLE AVANT SERVICE

Les lardons doivent être bien chauds.
S’ils sont crus au départ, ils doivent être cuits.
La garniture doit être tendre.
La base sèche, quand il y en a une, doit être tendre sous la dent.
La sauce doit rester moelleuse.
Si la préparation paraît trop sèche, ajoutez 1 cuillère à soupe d’eau chaude, environ 15 millilitres, soit 15 grammes, puis mélangez doucement.
Goûtez toujours avant d’ajouter du sel.

RÉSUMÉ SIMPLE

On prépare les lardons.
On ne sale pas au départ.
On fait revenir les lardons brièvement si la recette le demande.
On ajoute la garniture ou la base sèche avec l’eau indiquée.
On lance le menu ThermoChef adapté.
On ne règle pas de puissance sur les menus Pâtes, Riz, Soupe ou Légumes secs.
On ouvre avec prudence.
On vérifie que la base est cuite.
On goûte avant toute correction d’assaisonnement.
Le plat est prêt à être servi chaud.

CONSEIL LARDONS

Les lardons apportent beaucoup de goût. Il faut donc toujours goûter avant toute correction d’assaisonnement. Une courte première cuisson suffit souvent à parfumer la garniture sans dessécher la préparation."
Lardons riz noir cru chou-rave fèves et crème citronnée façon ThermoChef,https://30minutesparjour.com/recettes-audio/fr/lardons%20excellence/lardons%20riz%20noir%20cru%20chou-rave%20feves%20et%20creme%20citronnee%20facon%20ThermoChef.mp3,Lardons excellence,"150 grammes de lardons fumés ou nature.
1 mesurette ThermoChef de riz noir cru, environ 140 à 150 grammes.
1 mesurette et demie ThermoChef d’eau, 240 millilitres, environ 240 grammes.
180 grammes de chou-rave râpé.
140 grammes de fèves pelées.
2 cuillères à soupe de crème liquide ou végétale, environ 30 grammes.
quelques gouttes de citron à la fin, persil ou aneth.",422,"Aujourd’hui, nous préparons lardons riz noir cru chou-rave fèves et crème citronnée façon ThermoChef.

Cette recette est prévue pour 2 personnes.

RÈGLE IMPORTANTE POUR LES LARDONS

Les lardons sont souvent fumés, assaisonnés et naturellement salés.
On ne sale jamais au départ.
On les fait revenir brièvement au début quand la recette contient une base longue ou une garniture humide.
Cette courte première cuisson permet de parfumer la préparation.
Si vos lardons sont crus, ils doivent être cuits et bien chauds.
Si vos lardons sont vendus cuits ou fumés, ils doivent être bien chauds.
Les bases sèches ne sont pas utilisées sous forme cuite à l’avance.
Elles cuisent dans le ThermoChef avec l’eau indiquée.

RÈGLE DE CUISSON DE LA BASE

Riz noir : 1 mesurette ThermoChef, environ 140 à 150 grammes, avec 1 mesurette et demie d’eau, 240 millilitres, environ 240 grammes. Si le paquet indique 40 à 45 minutes, utiliser le menu Légumes secs environ 15 minutes.","Préparez les lardons.
Rincez le riz noir si votre paquet le conseille.
Mesurez le riz noir et l’eau.
Râpez le chou-rave et préparez les fèves.

PREMIÈRE MISE EN PLACE DANS LA CUVE

Mettez les lardons dans la cuve pour une courte première cuisson. Ne salez pas.

PREMIÈRE PROGRAMMATION THERMOCHEF

Fermez le couvercle.
Sélectionnez le menu Thermogrill.
Réglez le minuteur sur 5 minutes.
Appuyez sur Cuisiner.
Réglez la puissance sur 3.
Laissez le programme aller jusqu’à la fin.
Ouvrez avec prudence.

DEUXIÈME MISE EN PLACE

Ouvrez avec prudence. Ajoutez le riz noir cru, l’eau, le chou-rave, les fèves et la crème. Mélangez. Le riz noir doit cuire dans le ThermoChef.
Vérifiez que rien ne dépasse trop haut dans la cuve.
Vérifiez aussi qu’aucun morceau d’aliment ne risque de bloquer le petit piston de sécurité sous le couvercle.

DEUXIÈME PROGRAMMATION THERMOCHEF

Fermez le couvercle.
Sélectionnez le menu Légumes secs.
Réglez le temps sur 15 minutes.
Appuyez sur Cuisiner.
Laissez le programme aller jusqu’à la fin.
Attendez que la sécurité autorise l’ouverture.
N’essayez jamais de forcer le couvercle.
Ouvrez avec prudence.

FINITION

À la fin du menu Légumes secs, attendez que la sécurité autorise l’ouverture. Ouvrez avec prudence. Le riz noir doit être tendre sous la dent et les lardons chauds. Ajoutez le citron et l’herbe choisie.

SERVICE

Servez chaud. Le riz noir apporte une base parfumée.

POINT DE CONTRÔLE AVANT SERVICE

Les lardons doivent être bien chauds.
S’ils sont crus au départ, ils doivent être cuits.
La garniture doit être tendre.
La base sèche, quand il y en a une, doit être tendre sous la dent.
La sauce doit rester moelleuse.
Si la préparation paraît trop sèche, ajoutez 1 cuillère à soupe d’eau chaude, environ 15 millilitres, soit 15 grammes, puis mélangez doucement.
Goûtez toujours avant d’ajouter du sel.

RÉSUMÉ SIMPLE

On prépare les lardons.
On ne sale pas au départ.
On fait revenir les lardons brièvement si la recette le demande.
On ajoute la garniture ou la base sèche avec l’eau indiquée.
On lance le menu ThermoChef adapté.
On ne règle pas de puissance sur les menus Pâtes, Riz, Soupe ou Légumes secs.
On ouvre avec prudence.
On vérifie que la base est cuite.
On goûte avant toute correction d’assaisonnement.
Le plat est prêt à être servi chaud."
Lardons polenta crémeuse maïs haricots plats et estragon façon ThermoChef,https://30minutesparjour.com/recettes-audio/fr/lardons%20excellence/lardons%20polenta%20cremeuse%20mais%20haricots%20plats%20et%20estragon%20facon%20ThermoChef.mp3,Lardons excellence,"150 grammes de lardons fumés ou nature.
90 grammes de polenta instantanée.
420 millilitres d’eau, environ 420 grammes.
100 grammes de maïs égoutté.
160 grammes de haricots plats coupés en petits tronçons.
1 cuillère à soupe de crème liquide ou végétale, environ 15 grammes.
estragon ou persil, poivre, aucun sel au départ.",423,"Aujourd’hui, nous préparons lardons polenta crémeuse maïs haricots plats et estragon façon ThermoChef.

Cette recette est prévue pour 2 personnes.

RÈGLE IMPORTANTE POUR LES LARDONS

Les lardons sont souvent fumés, assaisonnés et naturellement salés.
On ne sale jamais au départ.
On les fait revenir brièvement au début quand la recette contient une base longue ou une garniture humide.
Cette courte première cuisson permet de parfumer la préparation.
Si vos lardons sont crus, ils doivent être cuits et bien chauds.
Si vos lardons sont vendus cuits ou fumés, ils doivent être bien chauds.
Les bases sèches ne sont pas utilisées sous forme cuite à l’avance.
Elles cuisent dans le ThermoChef avec l’eau indiquée.

RÈGLE DE CUISSON DE LA BASE

Polenta instantanée : 90 grammes avec 420 millilitres d’eau, environ 420 grammes. Mélanger soigneusement avant cuisson pour éviter les paquets secs.","Préparez les lardons.
Pesez la polenta et mesurez l’eau.
Égouttez le maïs.
Coupez les haricots plats en petits tronçons.

MISE EN PLACE DANS LA CUVE

Mettez l’eau, la polenta, le maïs, les haricots plats et la crème dans la cuve. Mélangez très soigneusement pour éviter les paquets secs. Ajoutez les lardons. Ne salez pas.

PROGRAMMATION THERMOCHEF

Fermez le couvercle.
Sélectionnez le menu Thermogrill.
Réglez le minuteur sur 15 minutes.
Appuyez sur Cuisiner.
Réglez la puissance sur 3.
Laissez le programme aller jusqu’à la fin.
Ouvrez avec prudence.

FINITION

À la fin, ouvrez avec prudence. La polenta doit être crémeuse et les lardons bien chauds. Ajoutez l’estragon ou le persil.

SERVICE

Servez chaud. La polenta crémeuse adoucit les lardons.

POINT DE CONTRÔLE AVANT SERVICE

Les lardons doivent être bien chauds.
S’ils sont crus au départ, ils doivent être cuits.
La garniture doit être tendre.
La base sèche, quand il y en a une, doit être tendre sous la dent.
La sauce doit rester moelleuse.
Si la préparation paraît trop sèche, ajoutez 1 cuillère à soupe d’eau chaude, environ 15 millilitres, soit 15 grammes, puis mélangez doucement.
Goûtez toujours avant d’ajouter du sel.

RÉSUMÉ SIMPLE

On prépare les lardons.
On ne sale pas au départ.
On fait revenir les lardons brièvement si la recette le demande.
On ajoute la garniture ou la base sèche avec l’eau indiquée.
On lance le menu ThermoChef adapté.
On ne règle pas de puissance sur les menus Pâtes, Riz, Soupe ou Légumes secs.
On ouvre avec prudence.
On vérifie que la base est cuite.
On goûte avant toute correction d’assaisonnement.
Le plat est prêt à être servi chaud.

CONSEIL LARDONS

Les lardons apportent beaucoup de goût. Il faut donc toujours goûter avant toute correction d’assaisonnement. Une courte première cuisson suffit souvent à parfumer la garniture sans dessécher la préparation."
Lardons pois cassés endives orange et crème douce façon ThermoChef,https://30minutesparjour.com/recettes-audio/fr/lardons%20excellence/lardons%2C%20pois%20casses%2C%20endives%2C%20orange%20et%20creme%20douce%20facon%20ThermoChef..mp3,Lardons excellence,"150 grammes de lardons.
1 mesurette ThermoChef de pois cassés secs, environ 120 grammes.
2 mesurettes et demie ThermoChef d’eau, 400 millilitres, environ 400 grammes.
2 endives émincées finement.
80 grammes d’orange coupée en petits morceaux, ajoutée en finition.
2 cuillères à soupe de crème liquide ou végétale, environ 30 grammes.
Persil ou aneth.
Poivre.
Sel seulement si nécessaire après dégustation.",424,"Aujourd’hui, nous préparons lardons, pois cassés, endives, orange et crème douce façon ThermoChef.

Cette recette est prévue pour 2 personnes.

RÈGLE IMPORTANTE POUR LES LARDONS

Les lardons sont salés et gras.
Ils peuvent cuire avec les aliments.
Ils peuvent aussi être saisis au départ pour donner du goût à la base.
Ne salez pas au départ.
Goûtez seulement à la fin avant d’ajouter du sel.
Si les lardons rendent beaucoup de gras après la première coloration, retirez l’excès avec une cuillère avant d’ajouter l’eau et les pois cassés.

RÈGLE IMPORTANTE POUR LES POIS CASSÉS

Les pois cassés sont utilisés secs.
Pour 1 mesurette ThermoChef de pois cassés secs, environ 120 grammes, utilisez 2 mesurettes et demie d’eau, soit 400 millilitres, environ 400 grammes.
Le temps de référence est 10 minutes sur le menu Légumes secs.
Si votre version du ThermoChef demande une puissance sur ce menu, réglez sur 3.
Après cuisson, laissez reposer 5 minutes couvercle fermé si vous souhaitez une texture plus fondante.
La correction principale est l’eau et le repos, pas l’allongement direct du temps.","Rincez les pois cassés si votre paquet le conseille.
Mesurez les pois cassés et l’eau avec précision.
Émincez les endives finement.
Coupez l’orange en petits morceaux et gardez-la pour la finition.
Préparez la crème et l’herbe choisie.
Gardez le sel pour la fin seulement si nécessaire.

PREMIÈRE MISE EN PLACE DANS LA CUVE

Mettez les lardons dans la cuve.
Ne salez pas.

PREMIÈRE PROGRAMMATION THERMOCHEF

Sélectionnez le menu Thermogrill.
Réglez le minuteur sur 4 minutes.
Appuyez sur Cuisiner.
Réglez la puissance sur 3.
Laissez les lardons colorer légèrement.
Ouvrez avec prudence.
Si les lardons ont rendu trop de gras, retirez l’excès avec une cuillère.

DEUXIÈME MISE EN PLACE

Ajoutez les pois cassés secs.
Ajoutez l’eau.
Ajoutez les endives et la crème.
Mélangez pour répartir les pois cassés dans l’eau.
Ne salez pas.
Vérifiez que le petit piston de sécurité reste libre.

DEUXIÈME PROGRAMMATION THERMOCHEF

Fermez le couvercle.
Sélectionnez le menu Légumes secs.
Réglez le temps sur 10 minutes.
Appuyez sur Cuisiner.
Si votre version du ThermoChef demande une puissance sur ce menu, réglez sur 3.
Laissez le programme aller jusqu’à la fin.
Attendez que la sécurité autorise l’ouverture.
N’essayez jamais de forcer le couvercle.
Laissez reposer 5 minutes couvercle fermé si vous souhaitez une texture plus fondante.
Ouvrez avec prudence.

FINITION

Vérifiez que les pois cassés sont tendres.
Les lardons doivent être bien chauds et intégrés à la base.
Ajoutez l’orange et l’herbe choisie.
Mélangez doucement.
Goûtez avant d’ajouter du sel ou du poivre.

SERVICE

Servez chaud.
Les pois cassés donnent une base fondante.
Les lardons apportent le goût principal.
L’orange apporte une finition fraîche.

POINT DE CONTRÔLE AVANT SERVICE

Les pois cassés doivent être tendres.
Les lardons doivent être chauds.
La préparation ne doit pas être sèche.
Si certains pois cassés restent fermes, ajoutez une demi-mesurette ThermoChef d’eau chaude, soit 80 millilitres, environ 80 grammes, puis prolongez de 2 à 3 minutes.
Goûtez toujours avant d’ajouter du sel.

RÉSUMÉ SIMPLE

On fait colorer les lardons 4 minutes au Thermogrill, puissance 3.
On retire l’excès de gras si nécessaire.
On ajoute les pois cassés, 400 millilitres d’eau, les endives et la crème.
On ne sale pas.
On lance menu Légumes secs, 10 minutes.
On règle la puissance sur 3 seulement si l’appareil la demande.
On laisse reposer 5 minutes si besoin.
On ouvre avec prudence.
On ajoute l’orange et les herbes à la fin.
Le plat est prêt."
